-- phpMyAdmin SQL Dump
-- version 4.6.6
-- https://www.phpmyadmin.net/
--
-- Host: localhost:3306
-- Generation Time: May 26, 2017 at 12:29 PM
-- Server version: 5.6.35
-- PHP Version: 5.6.30

SET SQL_MODE = "NO_AUTO_VALUE_ON_ZERO";
SET time_zone = "+00:00";


/*!40101 SET @OLD_CHARACTER_SET_CLIENT=@@CHARACTER_SET_CLIENT */;
/*!40101 SET @OLD_CHARACTER_SET_RESULTS=@@CHARACTER_SET_RESULTS */;
/*!40101 SET @OLD_COLLATION_CONNECTION=@@COLLATION_CONNECTION */;
/*!40101 SET NAMES utf8mb4 */;

--
-- Database: `wambiorg_demo`
--

-- --------------------------------------------------------

--
-- Table structure for table `answers`
--

CREATE TABLE `answers` (
  `id` int(11) NOT NULL,
  `qid` int(11) NOT NULL,
  `pid` int(11) NOT NULL,
  `eid` int(11) NOT NULL,
  `unit_id` int(11) NOT NULL,
  `catid` int(250) NOT NULL,
  `peck` int(11) NOT NULL,
  `incid` int(11) NOT NULL,
  `etid` int(11) NOT NULL,
  `date` datetime DEFAULT NULL,
  `user_type` varchar(20) DEFAULT NULL,
  `survey_id` int(11) DEFAULT NULL,
  `answer_id` int(11) NOT NULL
) ENGINE=InnoDB DEFAULT CHARSET=latin1;

--
-- Dumping data for table `answers`
--

INSERT INTO `answers` (`id`, `qid`, `pid`, `eid`, `unit_id`, `catid`, `peck`, `incid`, `etid`, `date`, `user_type`, `survey_id`, `answer_id`) VALUES
(1, 1, 2, 18, 2, 2, 5, 0, 2, '2017-01-20 16:41:59', 'patient', NULL, 5),
(2, 2, 2, 18, 2, 2, 5, 0, 2, '2017-01-20 16:41:59', 'patient', NULL, 5),
(3, 3, 2, 18, 2, 2, 5, 0, 2, '2017-01-20 16:41:59', 'patient', NULL, 5),
(4, 4, 2, 18, 2, 2, 5, 0, 2, '2017-01-20 16:41:59', 'patient', NULL, 5),
(5, 5, 2, 18, 2, 2, 5, 0, 2, '2017-01-20 16:41:59', 'patient', NULL, 5),
(6, 1, 2, 342, 2, 3, 5, 0, 2, '2017-01-20 16:45:14', 'patient', NULL, 5),
(7, 2, 2, 342, 2, 3, 5, 0, 2, '2017-01-20 16:45:14', 'patient', NULL, 5),
(8, 3, 2, 342, 2, 3, 5, 0, 2, '2017-01-20 16:45:14', 'patient', NULL, 5),
(9, 4, 2, 342, 2, 3, 5, 0, 2, '2017-01-20 16:45:14', 'patient', NULL, 5),
(10, 5, 2, 342, 2, 3, 4, 0, 2, '2017-01-20 16:45:14', 'patient', NULL, 4),
(11, 1, 2, 343, 2, 1, 4, 0, 2, '2017-01-20 16:46:43', 'patient', NULL, 4),
(12, 2, 2, 343, 2, 1, 4, 0, 2, '2017-01-20 16:46:43', 'patient', NULL, 4),
(13, 3, 2, 343, 2, 1, 5, 0, 2, '2017-01-20 16:46:43', 'patient', NULL, 5),
(14, 4, 2, 343, 2, 1, 5, 0, 2, '2017-01-20 16:46:43', 'patient', NULL, 5),
(15, 5, 2, 343, 2, 1, 4, 0, 2, '2017-01-20 16:46:43', 'patient', NULL, 4),
(16, 1, 2, 18, 2, 2, 5, 0, 2, '2017-01-20 17:21:37', 'patient', NULL, 5),
(17, 2, 2, 18, 2, 2, 5, 0, 2, '2017-01-20 17:21:37', 'patient', NULL, 5),
(18, 3, 2, 18, 2, 2, 4, 0, 2, '2017-01-20 17:21:37', 'patient', NULL, 4),
(19, 4, 2, 18, 2, 2, 5, 0, 2, '2017-01-20 17:21:37', 'patient', NULL, 5),
(20, 5, 2, 18, 2, 2, 5, 0, 2, '2017-01-20 17:21:37', 'patient', NULL, 5),
(21, 1, 2, 397, 3, 3, 5, 0, 2, '2017-01-30 12:17:56', 'patient', NULL, 5),
(22, 2, 2, 397, 3, 3, 5, 0, 2, '2017-01-30 12:17:56', 'patient', NULL, 5),
(23, 3, 2, 397, 3, 3, 5, 0, 2, '2017-01-30 12:17:57', 'patient', NULL, 5),
(24, 4, 2, 397, 3, 3, 5, 0, 2, '2017-01-30 12:17:57', 'patient', NULL, 5),
(25, 5, 2, 397, 3, 3, 4, 0, 2, '2017-01-30 12:17:57', 'patient', NULL, 4),
(26, 1, 2, 404, 3, 3, 5, 0, 2, '2017-01-30 15:05:05', 'patient', NULL, 5),
(27, 2, 2, 404, 3, 3, 5, 0, 2, '2017-01-30 15:05:05', 'patient', NULL, 5),
(28, 3, 2, 404, 3, 3, 5, 0, 2, '2017-01-30 15:05:05', 'patient', NULL, 5),
(29, 4, 2, 404, 3, 3, 5, 0, 2, '2017-01-30 15:05:05', 'patient', NULL, 5),
(30, 5, 2, 404, 3, 3, 4, 0, 2, '2017-01-30 15:05:05', 'patient', NULL, 4),
(31, 1, 7, 408, 1, 1, 3, 0, 2, '2017-01-30 17:36:11', 'patient', NULL, 3),
(32, 2, 7, 408, 1, 1, 4, 0, 2, '2017-01-30 17:36:11', 'patient', NULL, 4),
(33, 3, 7, 408, 1, 1, 5, 0, 2, '2017-01-30 17:36:11', 'patient', NULL, 5),
(34, 4, 7, 408, 1, 1, 3, 0, 2, '2017-01-30 17:36:11', 'patient', NULL, 3),
(35, 5, 7, 408, 1, 1, 4, 0, 2, '2017-01-30 17:36:11', 'patient', NULL, 4),
(36, 1, 7, 412, 1, 2, 5, 0, 2, '2017-01-30 17:39:12', 'patient', NULL, 5),
(37, 2, 7, 412, 1, 2, 4, 0, 2, '2017-01-30 17:39:12', 'patient', NULL, 4),
(38, 3, 7, 412, 1, 2, 5, 0, 2, '2017-01-30 17:39:12', 'patient', NULL, 5),
(39, 4, 7, 412, 1, 2, 3, 0, 2, '2017-01-30 17:39:12', 'patient', NULL, 3),
(40, 5, 7, 412, 1, 2, 5, 0, 2, '2017-01-30 17:39:12', 'patient', NULL, 5),
(41, 1, 7, 409, 1, 2, 5, 0, 2, '2017-01-30 17:39:38', 'patient', NULL, 5),
(42, 2, 7, 409, 1, 2, 3, 0, 2, '2017-01-30 17:39:38', 'patient', NULL, 3),
(43, 3, 7, 409, 1, 2, 4, 0, 2, '2017-01-30 17:39:38', 'patient', NULL, 4),
(44, 4, 7, 409, 1, 2, 5, 0, 2, '2017-01-30 17:39:38', 'patient', NULL, 5),
(45, 5, 7, 409, 1, 2, 4, 0, 2, '2017-01-30 17:39:38', 'patient', NULL, 4),
(46, 1, 7, 413, 1, 3, 5, 0, 2, '2017-01-30 17:39:57', 'patient', NULL, 5),
(47, 2, 7, 413, 1, 3, 5, 0, 2, '2017-01-30 17:39:57', 'patient', NULL, 5),
(48, 3, 7, 413, 1, 3, 4, 0, 2, '2017-01-30 17:39:57', 'patient', NULL, 4),
(49, 4, 7, 413, 1, 3, 4, 0, 2, '2017-01-30 17:39:57', 'patient', NULL, 4),
(50, 5, 7, 413, 1, 3, 5, 0, 2, '2017-01-30 17:39:57', 'patient', NULL, 5),
(51, 1, 7, 410, 1, 3, 5, 0, 2, '2017-01-30 17:41:49', 'patient', NULL, 5),
(52, 2, 7, 410, 1, 3, 5, 0, 2, '2017-01-30 17:41:49', 'patient', NULL, 5),
(53, 3, 7, 410, 1, 3, 3, 0, 2, '2017-01-30 17:41:49', 'patient', NULL, 3),
(54, 4, 7, 410, 1, 3, 5, 0, 2, '2017-01-30 17:41:49', 'patient', NULL, 5),
(55, 5, 7, 410, 1, 3, 5, 0, 2, '2017-01-30 17:41:49', 'patient', NULL, 5),
(56, 1, 4, 413, 1, 3, 5, 0, 2, '2017-01-30 21:00:49', 'patient', NULL, 5),
(57, 2, 4, 413, 1, 3, 4, 0, 2, '2017-01-30 21:00:49', 'patient', NULL, 4),
(58, 3, 4, 413, 1, 3, 3, 0, 2, '2017-01-30 21:00:49', 'patient', NULL, 3),
(59, 4, 4, 413, 1, 3, 2, 0, 2, '2017-01-30 21:00:49', 'patient', NULL, 2),
(60, 5, 4, 413, 1, 3, 1, 0, 2, '2017-01-30 21:00:49', 'patient', NULL, 1),
(61, 1, 2, 404, 3, 3, 5, 0, 2, '2017-01-31 13:12:05', 'patient', NULL, 5),
(62, 2, 2, 404, 3, 3, 5, 0, 2, '2017-01-31 13:12:06', 'patient', NULL, 5),
(63, 3, 2, 404, 3, 3, 4, 0, 2, '2017-01-31 13:12:06', 'patient', NULL, 4),
(64, 4, 2, 404, 3, 3, 5, 0, 2, '2017-01-31 13:12:06', 'patient', NULL, 5),
(65, 5, 2, 404, 3, 3, 5, 0, 2, '2017-01-31 13:12:06', 'patient', NULL, 5),
(66, 1, 2, 403, 3, 2, 5, 0, 2, '2017-01-31 16:00:29', 'patient', NULL, 5),
(67, 2, 2, 403, 3, 2, 4, 0, 2, '2017-01-31 16:00:29', 'patient', NULL, 4),
(68, 3, 2, 403, 3, 2, 5, 0, 2, '2017-01-31 16:00:29', 'patient', NULL, 5),
(69, 4, 2, 403, 3, 2, 5, 0, 2, '2017-01-31 16:00:29', 'patient', NULL, 5),
(70, 1, 2, 405, 3, 1, 5, 0, 2, '2017-01-31 16:00:51', 'patient', NULL, 5),
(71, 2, 2, 405, 3, 1, 4, 0, 2, '2017-01-31 16:00:52', 'patient', NULL, 4),
(72, 3, 2, 405, 3, 1, 5, 0, 2, '2017-01-31 16:00:52', 'patient', NULL, 5),
(73, 4, 2, 405, 3, 1, 5, 0, 2, '2017-01-31 16:00:52', 'patient', NULL, 5),
(74, 1, 7, 408, 1, 1, 4, 0, 2, '2017-02-01 15:51:00', 'patient', NULL, 4),
(75, 2, 7, 408, 1, 1, 5, 0, 2, '2017-02-01 15:51:00', 'patient', NULL, 5),
(76, 3, 7, 408, 1, 1, 3, 0, 2, '2017-02-01 15:51:00', 'patient', NULL, 3),
(77, 4, 7, 408, 1, 1, 5, 0, 2, '2017-02-01 15:51:00', 'patient', NULL, 5),
(78, 5, 7, 408, 1, 1, 4, 0, 2, '2017-02-01 15:51:00', 'patient', NULL, 4),
(79, 1, 2, 407, 3, 1, 5, 0, 2, '2017-02-01 17:31:37', 'patient', NULL, 5),
(80, 2, 2, 407, 3, 1, 5, 0, 2, '2017-02-01 17:31:37', 'patient', NULL, 5),
(81, 3, 2, 407, 3, 1, 4, 0, 2, '2017-02-01 17:31:37', 'patient', NULL, 4),
(82, 4, 2, 407, 3, 1, 4, 0, 2, '2017-02-01 17:31:37', 'patient', NULL, 4),
(83, 1, 2, 404, 3, 3, 5, 0, 2, '2017-02-01 17:33:31', 'patient', NULL, 5),
(84, 2, 2, 404, 3, 3, 4, 0, 2, '2017-02-01 17:33:31', 'patient', NULL, 4),
(85, 3, 2, 404, 3, 3, 5, 0, 2, '2017-02-01 17:33:31', 'patient', NULL, 5),
(86, 4, 2, 404, 3, 3, 5, 0, 2, '2017-02-01 17:33:31', 'patient', NULL, 5),
(87, 1, 5, 408, 1, 1, 5, 0, 2, '2017-02-01 17:53:27', 'patient', NULL, 5),
(88, 2, 5, 408, 1, 1, 3, 0, 2, '2017-02-01 17:53:27', 'patient', NULL, 3),
(89, 3, 5, 408, 1, 1, 4, 0, 2, '2017-02-01 17:53:27', 'patient', NULL, 4),
(90, 4, 5, 408, 1, 1, 4, 0, 2, '2017-02-01 17:53:27', 'patient', NULL, 4),
(91, 5, 5, 408, 1, 1, 4, 0, 2, '2017-02-01 17:53:27', 'patient', NULL, 4),
(92, 1, 4, 416, 1, 2, 5, 0, 2, '2017-02-02 01:31:44', 'patient', NULL, 5),
(93, 2, 4, 416, 1, 2, 4, 0, 2, '2017-02-02 01:31:44', 'patient', NULL, 4),
(94, 3, 4, 416, 1, 2, 3, 0, 2, '2017-02-02 01:31:44', 'patient', NULL, 3),
(95, 4, 4, 416, 1, 2, 2, 0, 2, '2017-02-02 01:31:44', 'patient', NULL, 2),
(96, 5, 4, 416, 1, 2, 1, 0, 2, '2017-02-02 01:31:44', 'patient', NULL, 1),
(97, 1, 6, 408, 1, 1, 4, 0, 2, '2017-02-02 09:43:15', 'patient', NULL, 4),
(98, 2, 6, 408, 1, 1, 5, 0, 2, '2017-02-02 09:43:15', 'patient', NULL, 5),
(99, 3, 6, 408, 1, 1, 4, 0, 2, '2017-02-02 09:43:15', 'patient', NULL, 4),
(100, 4, 6, 408, 1, 1, 4, 0, 2, '2017-02-02 09:43:15', 'patient', NULL, 4),
(101, 5, 6, 408, 1, 1, 4, 0, 2, '2017-02-02 09:43:15', 'patient', NULL, 4),
(102, 1, 4, 395, 1, 1, 5, 0, 2, '2017-02-02 12:42:39', 'patient', NULL, 5),
(103, 2, 4, 395, 1, 1, 4, 0, 2, '2017-02-02 12:42:39', 'patient', NULL, 4),
(104, 3, 4, 395, 1, 1, 3, 0, 2, '2017-02-02 12:42:39', 'patient', NULL, 3),
(105, 4, 4, 395, 1, 1, 2, 0, 2, '2017-02-02 12:42:39', 'patient', NULL, 2),
(106, 5, 4, 395, 1, 1, 1, 0, 2, '2017-02-02 12:42:39', 'patient', NULL, 1),
(107, 1, 5, 412, 1, 2, 5, 0, 2, '2017-02-02 14:40:24', 'patient', NULL, 5),
(108, 2, 5, 412, 1, 2, 5, 0, 2, '2017-02-02 14:40:24', 'patient', NULL, 5),
(109, 3, 5, 412, 1, 2, 5, 0, 2, '2017-02-02 14:40:24', 'patient', NULL, 5),
(110, 4, 5, 412, 1, 2, 5, 0, 2, '2017-02-02 14:40:24', 'patient', NULL, 5),
(111, 5, 5, 412, 1, 2, 5, 0, 2, '2017-02-02 14:40:24', 'patient', NULL, 5),
(112, 1, 6, 413, 1, 3, 3, 0, 2, '2017-02-02 15:06:43', 'patient', NULL, 3),
(113, 2, 6, 413, 1, 3, 5, 0, 2, '2017-02-02 15:06:43', 'patient', NULL, 5),
(114, 3, 6, 413, 1, 3, 4, 0, 2, '2017-02-02 15:06:43', 'patient', NULL, 4),
(115, 4, 6, 413, 1, 3, 5, 0, 2, '2017-02-02 15:06:43', 'patient', NULL, 5),
(116, 5, 6, 413, 1, 3, 4, 0, 2, '2017-02-02 15:06:43', 'patient', NULL, 4),
(117, 1, 8, 408, 1, 1, 5, 0, 2, '2017-02-02 15:49:38', 'patient', NULL, 5),
(118, 2, 8, 408, 1, 1, 5, 0, 2, '2017-02-02 15:49:38', 'patient', NULL, 5),
(119, 3, 8, 408, 1, 1, 5, 0, 2, '2017-02-02 15:49:38', 'patient', NULL, 5),
(120, 4, 8, 408, 1, 1, 5, 0, 2, '2017-02-02 15:49:38', 'patient', NULL, 5),
(121, 5, 8, 408, 1, 1, 4, 0, 2, '2017-02-02 15:49:38', 'patient', NULL, 4),
(122, 1, 8, 409, 1, 2, 5, 0, 2, '2017-02-02 15:50:05', 'patient', NULL, 5),
(123, 2, 8, 409, 1, 2, 5, 0, 2, '2017-02-02 15:50:05', 'patient', NULL, 5),
(124, 3, 8, 409, 1, 2, 5, 0, 2, '2017-02-02 15:50:05', 'patient', NULL, 5),
(125, 4, 8, 409, 1, 2, 5, 0, 2, '2017-02-02 15:50:05', 'patient', NULL, 5),
(126, 5, 8, 409, 1, 2, 4, 0, 2, '2017-02-02 15:50:05', 'patient', NULL, 4),
(127, 1, 8, 410, 1, 3, 4, 0, 2, '2017-02-02 15:50:32', 'patient', NULL, 4),
(128, 2, 8, 410, 1, 3, 5, 0, 2, '2017-02-02 15:50:32', 'patient', NULL, 5),
(129, 3, 8, 410, 1, 3, 5, 0, 2, '2017-02-02 15:50:32', 'patient', NULL, 5),
(130, 4, 8, 410, 1, 3, 5, 0, 2, '2017-02-02 15:50:32', 'patient', NULL, 5),
(131, 5, 8, 410, 1, 3, 5, 0, 2, '2017-02-02 15:50:32', 'patient', NULL, 5),
(132, 1, 8, 411, 1, 1, 5, 0, 2, '2017-02-02 15:51:15', 'patient', NULL, 5),
(133, 2, 8, 411, 1, 1, 5, 0, 2, '2017-02-02 15:51:15', 'patient', NULL, 5),
(134, 3, 8, 411, 1, 1, 5, 0, 2, '2017-02-02 15:51:15', 'patient', NULL, 5),
(135, 4, 8, 411, 1, 1, 5, 0, 2, '2017-02-02 15:51:15', 'patient', NULL, 5),
(136, 5, 8, 411, 1, 1, 5, 0, 2, '2017-02-02 15:51:15', 'patient', NULL, 5),
(137, 1, 8, 411, 1, 1, 5, 0, 2, '2017-02-02 15:51:48', 'patient', NULL, 5),
(138, 2, 8, 411, 1, 1, 5, 0, 2, '2017-02-02 15:51:48', 'patient', NULL, 5),
(139, 3, 8, 411, 1, 1, 5, 0, 2, '2017-02-02 15:51:48', 'patient', NULL, 5),
(140, 4, 8, 411, 1, 1, 4, 0, 2, '2017-02-02 15:51:48', 'patient', NULL, 4),
(141, 5, 8, 411, 1, 1, 5, 0, 2, '2017-02-02 15:51:48', 'patient', NULL, 5),
(142, 1, 8, 412, 1, 2, 4, 0, 2, '2017-02-02 15:52:05', 'patient', NULL, 4),
(143, 2, 8, 412, 1, 2, 4, 0, 2, '2017-02-02 15:52:05', 'patient', NULL, 4),
(144, 3, 8, 412, 1, 2, 4, 0, 2, '2017-02-02 15:52:05', 'patient', NULL, 4),
(145, 4, 8, 412, 1, 2, 5, 0, 2, '2017-02-02 15:52:05', 'patient', NULL, 5),
(146, 5, 8, 412, 1, 2, 5, 0, 2, '2017-02-02 15:52:05', 'patient', NULL, 5),
(147, 1, 8, 413, 1, 3, 5, 0, 2, '2017-02-02 15:52:21', 'patient', NULL, 5),
(148, 2, 8, 413, 1, 3, 4, 0, 2, '2017-02-02 15:52:21', 'patient', NULL, 4),
(149, 3, 8, 413, 1, 3, 4, 0, 2, '2017-02-02 15:52:21', 'patient', NULL, 4),
(150, 4, 8, 413, 1, 3, 5, 0, 2, '2017-02-02 15:52:21', 'patient', NULL, 5),
(151, 5, 8, 413, 1, 3, 5, 0, 2, '2017-02-02 15:52:21', 'patient', NULL, 5),
(152, 1, 8, 414, 1, 1, 4, 0, 2, '2017-02-02 15:52:38', 'patient', NULL, 4),
(153, 2, 8, 414, 1, 1, 4, 0, 2, '2017-02-02 15:52:38', 'patient', NULL, 4),
(154, 3, 8, 414, 1, 1, 4, 0, 2, '2017-02-02 15:52:38', 'patient', NULL, 4),
(155, 4, 8, 414, 1, 1, 4, 0, 2, '2017-02-02 15:52:38', 'patient', NULL, 4),
(156, 5, 8, 414, 1, 1, 4, 0, 2, '2017-02-02 15:52:38', 'patient', NULL, 4),
(157, 1, 8, 415, 1, 1, 4, 0, 2, '2017-02-02 15:53:00', 'patient', NULL, 4),
(158, 2, 8, 415, 1, 1, 3, 0, 2, '2017-02-02 15:53:00', 'patient', NULL, 3),
(159, 3, 8, 415, 1, 1, 4, 0, 2, '2017-02-02 15:53:00', 'patient', NULL, 4),
(160, 4, 8, 415, 1, 1, 4, 0, 2, '2017-02-02 15:53:00', 'patient', NULL, 4),
(161, 5, 8, 415, 1, 1, 5, 0, 2, '2017-02-02 15:53:00', 'patient', NULL, 5),
(162, 1, 8, 416, 1, 2, 5, 0, 2, '2017-02-02 15:53:16', 'patient', NULL, 5),
(163, 2, 8, 416, 1, 2, 4, 0, 2, '2017-02-02 15:53:16', 'patient', NULL, 4),
(164, 3, 8, 416, 1, 2, 5, 0, 2, '2017-02-02 15:53:16', 'patient', NULL, 5),
(165, 4, 8, 416, 1, 2, 5, 0, 2, '2017-02-02 15:53:16', 'patient', NULL, 5),
(166, 5, 8, 416, 1, 2, 5, 0, 2, '2017-02-02 15:53:16', 'patient', NULL, 5),
(167, 1, 8, 395, 1, 1, 3, 0, 2, '2017-02-02 15:53:34', 'patient', NULL, 3),
(168, 2, 8, 395, 1, 1, 4, 0, 2, '2017-02-02 15:53:34', 'patient', NULL, 4),
(169, 3, 8, 395, 1, 1, 5, 0, 2, '2017-02-02 15:53:34', 'patient', NULL, 5),
(170, 4, 8, 395, 1, 1, 3, 0, 2, '2017-02-02 15:53:35', 'patient', NULL, 3),
(171, 5, 8, 395, 1, 1, 4, 0, 2, '2017-02-02 15:53:35', 'patient', NULL, 4),
(172, 1, 8, 408, 1, 1, 5, 0, 2, '2017-02-06 12:40:20', 'patient', NULL, 5),
(173, 2, 8, 408, 1, 1, 5, 0, 2, '2017-02-06 12:40:20', 'patient', NULL, 5),
(174, 3, 8, 408, 1, 1, 5, 0, 2, '2017-02-06 12:40:20', 'patient', NULL, 5),
(175, 4, 8, 408, 1, 1, 4, 0, 2, '2017-02-06 12:40:20', 'patient', NULL, 4),
(176, 5, 8, 408, 1, 1, 5, 0, 2, '2017-02-06 12:40:20', 'patient', NULL, 5),
(177, 1, 8, 411, 1, 1, 5, 0, 2, '2017-02-06 12:52:08', 'patient', NULL, 5),
(178, 2, 8, 411, 1, 1, 5, 0, 2, '2017-02-06 12:52:08', 'patient', NULL, 5),
(179, 3, 8, 411, 1, 1, 4, 0, 2, '2017-02-06 12:52:08', 'patient', NULL, 4),
(180, 4, 8, 411, 1, 1, 5, 0, 2, '2017-02-06 12:52:08', 'patient', NULL, 5),
(181, 5, 8, 411, 1, 1, 4, 0, 2, '2017-02-06 12:52:08', 'patient', NULL, 4),
(182, 1, 8, 416, 1, 2, 5, 0, 2, '2017-02-06 14:39:36', 'patient', NULL, 5),
(183, 2, 8, 416, 1, 2, 5, 0, 2, '2017-02-06 14:39:36', 'patient', NULL, 5),
(184, 3, 8, 416, 1, 2, 5, 0, 2, '2017-02-06 14:39:36', 'patient', NULL, 5),
(185, 4, 8, 416, 1, 2, 4, 0, 2, '2017-02-06 14:39:36', 'patient', NULL, 4),
(186, 5, 8, 416, 1, 2, 5, 0, 2, '2017-02-06 14:39:36', 'patient', NULL, 5),
(187, 1, 8, 409, 1, 2, 5, 0, 2, '2017-02-06 16:05:27', 'patient', NULL, 5),
(188, 2, 8, 409, 1, 2, 4, 0, 2, '2017-02-06 16:05:28', 'patient', NULL, 4),
(189, 3, 8, 409, 1, 2, 5, 0, 2, '2017-02-06 16:05:28', 'patient', NULL, 5),
(190, 4, 8, 409, 1, 2, 3, 0, 2, '2017-02-06 16:05:28', 'patient', NULL, 3),
(191, 5, 8, 409, 1, 2, 4, 0, 2, '2017-02-06 16:05:28', 'patient', NULL, 4),
(192, 1, 8, 415, 1, 1, 5, 0, 2, '2017-02-07 12:03:23', 'patient', NULL, 5),
(193, 2, 8, 415, 1, 1, 4, 0, 2, '2017-02-07 12:03:23', 'patient', NULL, 4),
(194, 3, 8, 415, 1, 1, 4, 0, 2, '2017-02-07 12:03:23', 'patient', NULL, 4),
(195, 4, 8, 415, 1, 1, 5, 0, 2, '2017-02-07 12:03:23', 'patient', NULL, 5),
(196, 5, 8, 415, 1, 1, 4, 0, 2, '2017-02-07 12:03:23', 'patient', NULL, 4),
(197, 1, 8, 408, 1, 1, 5, 0, 2, '2017-02-07 12:22:01', 'patient', NULL, 5),
(198, 2, 8, 408, 1, 1, 5, 0, 2, '2017-02-07 12:22:01', 'patient', NULL, 5),
(199, 3, 8, 408, 1, 1, 4, 0, 2, '2017-02-07 12:22:01', 'patient', NULL, 4),
(200, 4, 8, 408, 1, 1, 4, 0, 2, '2017-02-07 12:22:01', 'patient', NULL, 4),
(201, 5, 8, 408, 1, 1, 5, 0, 2, '2017-02-07 12:22:01', 'patient', NULL, 5),
(202, 1, 8, 409, 1, 2, 5, 0, 2, '2017-02-07 12:22:18', 'patient', NULL, 5),
(203, 2, 8, 409, 1, 2, 5, 0, 2, '2017-02-07 12:22:18', 'patient', NULL, 5),
(204, 3, 8, 409, 1, 2, 4, 0, 2, '2017-02-07 12:22:18', 'patient', NULL, 4),
(205, 4, 8, 409, 1, 2, 4, 0, 2, '2017-02-07 12:22:18', 'patient', NULL, 4),
(206, 5, 8, 409, 1, 2, 4, 0, 2, '2017-02-07 12:22:18', 'patient', NULL, 4),
(207, 1, 8, 410, 1, 3, 3, 0, 2, '2017-02-07 12:22:34', 'patient', NULL, 3),
(208, 2, 8, 410, 1, 3, 4, 0, 2, '2017-02-07 12:22:35', 'patient', NULL, 4),
(209, 3, 8, 410, 1, 3, 5, 0, 2, '2017-02-07 12:22:35', 'patient', NULL, 5),
(210, 4, 8, 410, 1, 3, 5, 0, 2, '2017-02-07 12:22:35', 'patient', NULL, 5),
(211, 5, 8, 410, 1, 3, 5, 0, 2, '2017-02-07 12:22:35', 'patient', NULL, 5),
(212, 1, 8, 411, 1, 1, 5, 0, 2, '2017-02-07 12:22:53', 'patient', NULL, 5),
(213, 2, 8, 411, 1, 1, 5, 0, 2, '2017-02-07 12:22:54', 'patient', NULL, 5),
(214, 3, 8, 411, 1, 1, 4, 0, 2, '2017-02-07 12:22:54', 'patient', NULL, 4),
(215, 4, 8, 411, 1, 1, 5, 0, 2, '2017-02-07 12:22:54', 'patient', NULL, 5),
(216, 5, 8, 411, 1, 1, 5, 0, 2, '2017-02-07 12:22:54', 'patient', NULL, 5),
(217, 1, 8, 412, 1, 2, 4, 0, 2, '2017-02-07 12:23:54', 'patient', NULL, 4),
(218, 2, 8, 412, 1, 2, 4, 0, 2, '2017-02-07 12:23:54', 'patient', NULL, 4),
(219, 3, 8, 412, 1, 2, 4, 0, 2, '2017-02-07 12:23:54', 'patient', NULL, 4),
(220, 4, 8, 412, 1, 2, 5, 0, 2, '2017-02-07 12:23:54', 'patient', NULL, 5),
(221, 5, 8, 412, 1, 2, 5, 0, 2, '2017-02-07 12:23:54', 'patient', NULL, 5),
(222, 1, 8, 413, 1, 3, 5, 0, 2, '2017-02-07 12:24:18', 'patient', NULL, 5),
(223, 2, 8, 413, 1, 3, 4, 0, 2, '2017-02-07 12:24:18', 'patient', NULL, 4),
(224, 3, 8, 413, 1, 3, 5, 0, 2, '2017-02-07 12:24:18', 'patient', NULL, 5),
(225, 4, 8, 413, 1, 3, 5, 0, 2, '2017-02-07 12:24:18', 'patient', NULL, 5),
(226, 5, 8, 413, 1, 3, 5, 0, 2, '2017-02-07 12:24:18', 'patient', NULL, 5),
(227, 1, 8, 414, 1, 1, 4, 0, 2, '2017-02-07 12:24:37', 'patient', NULL, 4),
(228, 2, 8, 414, 1, 1, 3, 0, 2, '2017-02-07 12:24:37', 'patient', NULL, 3),
(229, 3, 8, 414, 1, 1, 3, 0, 2, '2017-02-07 12:24:37', 'patient', NULL, 3),
(230, 4, 8, 414, 1, 1, 4, 0, 2, '2017-02-07 12:24:37', 'patient', NULL, 4),
(231, 5, 8, 414, 1, 1, 3, 0, 2, '2017-02-07 12:24:37', 'patient', NULL, 3),
(232, 1, 8, 416, 1, 2, 5, 0, 2, '2017-02-07 12:25:01', 'patient', NULL, 5),
(233, 2, 8, 416, 1, 2, 5, 0, 2, '2017-02-07 12:25:01', 'patient', NULL, 5),
(234, 3, 8, 416, 1, 2, 5, 0, 2, '2017-02-07 12:25:01', 'patient', NULL, 5),
(235, 4, 8, 416, 1, 2, 4, 0, 2, '2017-02-07 12:25:01', 'patient', NULL, 4),
(236, 5, 8, 416, 1, 2, 5, 0, 2, '2017-02-07 12:25:01', 'patient', NULL, 5),
(237, 1, 11, 395, 1, 1, 4, 0, 2, '2017-02-07 12:32:39', 'patient', NULL, 4),
(238, 2, 11, 395, 1, 1, 4, 0, 2, '2017-02-07 12:32:39', 'patient', NULL, 4),
(239, 3, 11, 395, 1, 1, 4, 0, 2, '2017-02-07 12:32:39', 'patient', NULL, 4),
(240, 4, 11, 395, 1, 1, 4, 0, 2, '2017-02-07 12:32:39', 'patient', NULL, 4),
(241, 5, 11, 395, 1, 1, 4, 0, 2, '2017-02-07 12:32:39', 'patient', NULL, 4),
(242, 1, 12, 419, 1, 3, 5, 0, 2, '2017-02-07 16:44:11', 'patient', NULL, 5),
(243, 2, 12, 419, 1, 3, 5, 0, 2, '2017-02-07 16:44:11', 'patient', NULL, 5),
(244, 3, 12, 419, 1, 3, 5, 0, 2, '2017-02-07 16:44:11', 'patient', NULL, 5),
(245, 4, 12, 419, 1, 3, 5, 0, 2, '2017-02-07 16:44:11', 'patient', NULL, 5),
(246, 5, 12, 419, 1, 3, 4, 0, 2, '2017-02-07 16:44:11', 'patient', NULL, 4),
(247, 1, 12, 420, 1, 2, 5, 0, 2, '2017-02-07 16:44:35', 'patient', NULL, 5),
(248, 2, 12, 420, 1, 2, 4, 0, 2, '2017-02-07 16:44:35', 'patient', NULL, 4),
(249, 3, 12, 420, 1, 2, 5, 0, 2, '2017-02-07 16:44:35', 'patient', NULL, 5),
(250, 4, 12, 420, 1, 2, 4, 0, 2, '2017-02-07 16:44:35', 'patient', NULL, 4),
(251, 5, 12, 420, 1, 2, 5, 0, 2, '2017-02-07 16:44:35', 'patient', NULL, 5),
(252, 1, 12, 413, 1, 3, 5, 0, 2, '2017-02-07 16:45:11', 'patient', NULL, 5),
(253, 2, 12, 413, 1, 3, 4, 0, 2, '2017-02-07 16:45:11', 'patient', NULL, 4),
(254, 3, 12, 413, 1, 3, 5, 0, 2, '2017-02-07 16:45:11', 'patient', NULL, 5),
(255, 4, 12, 413, 1, 3, 5, 0, 2, '2017-02-07 16:45:11', 'patient', NULL, 5),
(256, 5, 12, 413, 1, 3, 5, 0, 2, '2017-02-07 16:45:11', 'patient', NULL, 5),
(257, 1, 12, 408, 1, 1, 5, 0, 2, '2017-02-08 13:40:53', 'patient', NULL, 5),
(258, 2, 12, 408, 1, 1, 4, 0, 2, '2017-02-08 13:40:53', 'patient', NULL, 4),
(259, 3, 12, 408, 1, 1, 5, 0, 2, '2017-02-08 13:40:53', 'patient', NULL, 5),
(260, 4, 12, 408, 1, 1, 5, 0, 2, '2017-02-08 13:40:53', 'patient', NULL, 5),
(261, 5, 12, 408, 1, 1, 5, 0, 2, '2017-02-08 13:40:53', 'patient', NULL, 5),
(262, 1, 12, 409, 1, 2, 5, 0, 2, '2017-02-08 13:41:08', 'patient', NULL, 5),
(263, 2, 12, 409, 1, 2, 4, 0, 2, '2017-02-08 13:41:09', 'patient', NULL, 4),
(264, 3, 12, 409, 1, 2, 5, 0, 2, '2017-02-08 13:41:09', 'patient', NULL, 5),
(265, 4, 12, 409, 1, 2, 4, 0, 2, '2017-02-08 13:41:09', 'patient', NULL, 4),
(266, 5, 12, 409, 1, 2, 5, 0, 2, '2017-02-08 13:41:09', 'patient', NULL, 5),
(267, 1, 12, 411, 1, 1, 5, 0, 2, '2017-02-08 13:41:26', 'patient', NULL, 5),
(268, 2, 12, 411, 1, 1, 5, 0, 2, '2017-02-08 13:41:26', 'patient', NULL, 5),
(269, 3, 12, 411, 1, 1, 5, 0, 2, '2017-02-08 13:41:26', 'patient', NULL, 5),
(270, 4, 12, 411, 1, 1, 5, 0, 2, '2017-02-08 13:41:26', 'patient', NULL, 5),
(271, 5, 12, 411, 1, 1, 4, 0, 2, '2017-02-08 13:41:26', 'patient', NULL, 4),
(272, 1, 12, 413, 1, 3, 5, 0, 2, '2017-02-08 13:41:41', 'patient', NULL, 5),
(273, 2, 12, 413, 1, 3, 5, 0, 2, '2017-02-08 13:41:41', 'patient', NULL, 5),
(274, 3, 12, 413, 1, 3, 4, 0, 2, '2017-02-08 13:41:41', 'patient', NULL, 4),
(275, 4, 12, 413, 1, 3, 5, 0, 2, '2017-02-08 13:41:41', 'patient', NULL, 5),
(276, 5, 12, 413, 1, 3, 5, 0, 2, '2017-02-08 13:41:41', 'patient', NULL, 5),
(277, 1, 12, 412, 1, 2, 4, 0, 2, '2017-02-08 13:41:56', 'patient', NULL, 4),
(278, 2, 12, 412, 1, 2, 4, 0, 2, '2017-02-08 13:41:56', 'patient', NULL, 4),
(279, 3, 12, 412, 1, 2, 3, 0, 2, '2017-02-08 13:41:56', 'patient', NULL, 3),
(280, 4, 12, 412, 1, 2, 3, 0, 2, '2017-02-08 13:41:56', 'patient', NULL, 3),
(281, 5, 12, 412, 1, 2, 3, 0, 2, '2017-02-08 13:41:56', 'patient', NULL, 3),
(282, 1, 12, 414, 1, 1, 4, 0, 2, '2017-02-08 13:42:10', 'patient', NULL, 4),
(283, 2, 12, 414, 1, 1, 4, 0, 2, '2017-02-08 13:42:10', 'patient', NULL, 4),
(284, 3, 12, 414, 1, 1, 4, 0, 2, '2017-02-08 13:42:10', 'patient', NULL, 4),
(285, 4, 12, 414, 1, 1, 5, 0, 2, '2017-02-08 13:42:10', 'patient', NULL, 5),
(286, 5, 12, 414, 1, 1, 4, 0, 2, '2017-02-08 13:42:10', 'patient', NULL, 4),
(287, 1, 12, 415, 1, 1, 5, 0, 2, '2017-02-08 13:42:23', 'patient', NULL, 5),
(288, 2, 12, 415, 1, 1, 4, 0, 2, '2017-02-08 13:42:23', 'patient', NULL, 4),
(289, 3, 12, 415, 1, 1, 3, 0, 2, '2017-02-08 13:42:23', 'patient', NULL, 3),
(290, 4, 12, 415, 1, 1, 3, 0, 2, '2017-02-08 13:42:23', 'patient', NULL, 3),
(291, 5, 12, 415, 1, 1, 3, 0, 2, '2017-02-08 13:42:23', 'patient', NULL, 3),
(292, 1, 12, 413, 1, 3, 5, 0, 2, '2017-02-08 14:17:47', 'patient', NULL, 5),
(293, 2, 12, 413, 1, 3, 5, 0, 2, '2017-02-08 14:17:47', 'patient', NULL, 5),
(294, 3, 12, 413, 1, 3, 5, 0, 2, '2017-02-08 14:17:47', 'patient', NULL, 5),
(295, 4, 12, 413, 1, 3, 5, 0, 2, '2017-02-08 14:17:47', 'patient', NULL, 5),
(296, 5, 12, 413, 1, 3, 5, 0, 2, '2017-02-08 14:17:47', 'patient', NULL, 5),
(297, 1, 12, 419, 1, 3, 3, 0, 2, '2017-02-08 14:18:05', 'patient', NULL, 3),
(298, 2, 12, 419, 1, 3, 4, 0, 2, '2017-02-08 14:18:05', 'patient', NULL, 4),
(299, 3, 12, 419, 1, 3, 4, 0, 2, '2017-02-08 14:18:05', 'patient', NULL, 4),
(300, 4, 12, 419, 1, 3, 4, 0, 2, '2017-02-08 14:18:05', 'patient', NULL, 4),
(301, 5, 12, 419, 1, 3, 5, 0, 2, '2017-02-08 14:18:05', 'patient', NULL, 5),
(302, 1, 12, 422, 1, 1, 4, 0, 2, '2017-02-08 16:00:49', 'patient', NULL, 4),
(303, 2, 12, 422, 1, 1, 5, 0, 2, '2017-02-08 16:00:49', 'patient', NULL, 5),
(304, 3, 12, 422, 1, 1, 5, 0, 2, '2017-02-08 16:00:49', 'patient', NULL, 5),
(305, 4, 12, 422, 1, 1, 5, 0, 2, '2017-02-08 16:00:49', 'patient', NULL, 5),
(306, 5, 12, 422, 1, 1, 5, 0, 2, '2017-02-08 16:00:49', 'patient', NULL, 5),
(307, 1, 12, 421, 1, 1, 5, 0, 2, '2017-02-08 16:25:47', 'patient', NULL, 5),
(308, 2, 12, 421, 1, 1, 4, 0, 2, '2017-02-08 16:25:47', 'patient', NULL, 4),
(309, 3, 12, 421, 1, 1, 5, 0, 2, '2017-02-08 16:25:47', 'patient', NULL, 5),
(310, 4, 12, 421, 1, 1, 5, 0, 2, '2017-02-08 16:25:47', 'patient', NULL, 5),
(311, 5, 12, 421, 1, 1, 5, 0, 2, '2017-02-08 16:25:47', 'patient', NULL, 5),
(312, 1, 12, 395, 1, 1, 5, 0, 2, '2017-02-08 16:40:48', 'patient', NULL, 5),
(313, 2, 12, 395, 1, 1, 4, 0, 2, '2017-02-08 16:40:48', 'patient', NULL, 4),
(314, 3, 12, 395, 1, 1, 5, 0, 2, '2017-02-08 16:40:48', 'patient', NULL, 5),
(315, 4, 12, 395, 1, 1, 4, 0, 2, '2017-02-08 16:40:48', 'patient', NULL, 4),
(316, 5, 12, 395, 1, 1, 4, 0, 2, '2017-02-08 16:40:48', 'patient', NULL, 4),
(317, 1, 15, 404, 3, 3, 5, 0, 2, '2017-02-08 17:13:01', 'patient', NULL, 5),
(318, 2, 15, 404, 3, 3, 5, 0, 2, '2017-02-08 17:13:01', 'patient', NULL, 5),
(319, 3, 15, 404, 3, 3, 5, 0, 2, '2017-02-08 17:13:01', 'patient', NULL, 5),
(320, 4, 15, 404, 3, 3, 5, 0, 2, '2017-02-08 17:13:01', 'patient', NULL, 5),
(321, 5, 15, 404, 3, 3, 5, 0, 2, '2017-02-08 17:13:01', 'patient', NULL, 5),
(322, 6, 15, 404, 3, 3, 5, 0, 2, '2017-02-08 17:13:01', 'patient', NULL, 5),
(323, 1, 12, 411, 1, 1, 5, 0, 2, '2017-02-10 14:04:27', 'patient', NULL, 5),
(324, 2, 12, 411, 1, 1, 4, 0, 2, '2017-02-10 14:04:27', 'patient', NULL, 4),
(325, 3, 12, 411, 1, 1, 5, 0, 2, '2017-02-10 14:04:27', 'patient', NULL, 5),
(326, 4, 12, 411, 1, 1, 5, 0, 2, '2017-02-10 14:04:27', 'patient', NULL, 5),
(327, 5, 12, 411, 1, 1, 5, 0, 2, '2017-02-10 14:04:27', 'patient', NULL, 5),
(328, 1, 12, 420, 1, 2, 5, 0, 2, '2017-02-10 14:08:59', 'patient', NULL, 5),
(329, 2, 12, 420, 1, 2, 5, 0, 2, '2017-02-10 14:08:59', 'patient', NULL, 5),
(330, 3, 12, 420, 1, 2, 5, 0, 2, '2017-02-10 14:08:59', 'patient', NULL, 5),
(331, 4, 12, 420, 1, 2, 5, 0, 2, '2017-02-10 14:08:59', 'patient', NULL, 5),
(332, 5, 12, 420, 1, 2, 4, 0, 2, '2017-02-10 14:08:59', 'patient', NULL, 4),
(333, 1, 12, 409, 1, 2, 5, 0, 2, '2017-02-10 14:11:37', 'patient', NULL, 5),
(334, 2, 12, 409, 1, 2, 5, 0, 2, '2017-02-10 14:11:37', 'patient', NULL, 5),
(335, 3, 12, 409, 1, 2, 5, 0, 2, '2017-02-10 14:11:37', 'patient', NULL, 5),
(336, 4, 12, 409, 1, 2, 4, 0, 2, '2017-02-10 14:11:37', 'patient', NULL, 4),
(337, 5, 12, 409, 1, 2, 5, 0, 2, '2017-02-10 14:11:37', 'patient', NULL, 5),
(338, 1, 12, 422, 1, 1, 5, 0, 2, '2017-02-10 14:14:37', 'patient', NULL, 5),
(339, 2, 12, 422, 1, 1, 5, 0, 2, '2017-02-10 14:14:37', 'patient', NULL, 5),
(340, 3, 12, 422, 1, 1, 5, 0, 2, '2017-02-10 14:14:37', 'patient', NULL, 5),
(341, 4, 12, 422, 1, 1, 5, 0, 2, '2017-02-10 14:14:37', 'patient', NULL, 5),
(342, 5, 12, 422, 1, 1, 5, 0, 2, '2017-02-10 14:14:37', 'patient', NULL, 5),
(343, 1, 12, 408, 1, 1, 5, 0, 2, '2017-02-10 15:05:47', 'patient', NULL, 5),
(344, 2, 12, 408, 1, 1, 5, 0, 2, '2017-02-10 15:05:47', 'patient', NULL, 5),
(345, 3, 12, 408, 1, 1, 5, 0, 2, '2017-02-10 15:05:47', 'patient', NULL, 5),
(346, 4, 12, 408, 1, 1, 4, 0, 2, '2017-02-10 15:05:47', 'patient', NULL, 4),
(347, 5, 12, 408, 1, 1, 5, 0, 2, '2017-02-10 15:05:47', 'patient', NULL, 5),
(348, 1, 12, 415, 1, 1, 5, 0, 2, '2017-02-10 15:06:19', 'patient', NULL, 5),
(349, 2, 12, 415, 1, 1, 5, 0, 2, '2017-02-10 15:06:19', 'patient', NULL, 5),
(350, 3, 12, 415, 1, 1, 4, 0, 2, '2017-02-10 15:06:19', 'patient', NULL, 4),
(351, 4, 12, 415, 1, 1, 4, 0, 2, '2017-02-10 15:06:19', 'patient', NULL, 4),
(352, 5, 12, 415, 1, 1, 5, 0, 2, '2017-02-10 15:06:19', 'patient', NULL, 5),
(353, 1, 12, 419, 1, 3, 5, 0, 2, '2017-02-10 15:17:33', 'patient', NULL, 5),
(354, 2, 12, 419, 1, 3, 5, 0, 2, '2017-02-10 15:17:33', 'patient', NULL, 5),
(355, 3, 12, 419, 1, 3, 5, 0, 2, '2017-02-10 15:17:34', 'patient', NULL, 5),
(356, 4, 12, 419, 1, 3, 5, 0, 2, '2017-02-10 15:17:34', 'patient', NULL, 5),
(357, 5, 12, 419, 1, 3, 5, 0, 2, '2017-02-10 15:17:34', 'patient', NULL, 5),
(358, 1, 1, 394, 2, 1, 3, 0, 2, '2017-02-11 00:34:00', 'patient', NULL, 3),
(359, 2, 1, 394, 2, 1, 4, 0, 2, '2017-02-11 00:34:00', 'patient', NULL, 4),
(360, 3, 1, 394, 2, 1, 5, 0, 2, '2017-02-11 00:34:00', 'patient', NULL, 5),
(361, 4, 1, 394, 2, 1, 2, 0, 2, '2017-02-11 00:34:00', 'patient', NULL, 2),
(362, 5, 1, 394, 2, 1, 3, 0, 2, '2017-02-11 00:34:00', 'patient', NULL, 3),
(363, 1, 1, 394, 2, 1, 3, 0, 2, '2017-02-11 10:02:12', 'patient', NULL, 3),
(364, 2, 1, 394, 2, 1, 4, 0, 2, '2017-02-11 10:02:12', 'patient', NULL, 4),
(365, 3, 1, 394, 2, 1, 5, 0, 2, '2017-02-11 10:02:12', 'patient', NULL, 5),
(366, 4, 1, 394, 2, 1, 2, 0, 2, '2017-02-11 10:02:12', 'patient', NULL, 2),
(367, 5, 1, 394, 2, 1, 3, 0, 2, '2017-02-11 10:02:12', 'patient', NULL, 3),
(368, 1, 12, 408, 1, 1, 5, 0, 2, '2017-02-13 12:33:26', 'patient', NULL, 5),
(369, 2, 12, 408, 1, 1, 5, 0, 2, '2017-02-13 12:33:26', 'patient', NULL, 5),
(370, 3, 12, 408, 1, 1, 5, 0, 2, '2017-02-13 12:33:26', 'patient', NULL, 5),
(371, 4, 12, 408, 1, 1, 5, 0, 2, '2017-02-13 12:33:26', 'patient', NULL, 5),
(372, 5, 12, 408, 1, 1, 4, 0, 2, '2017-02-13 12:33:26', 'patient', NULL, 4),
(373, 1, 12, 409, 1, 2, 4, 0, 2, '2017-02-13 12:33:51', 'patient', NULL, 4),
(374, 2, 12, 409, 1, 2, 5, 0, 2, '2017-02-13 12:33:51', 'patient', NULL, 5),
(375, 3, 12, 409, 1, 2, 5, 0, 2, '2017-02-13 12:33:51', 'patient', NULL, 5),
(376, 4, 12, 409, 1, 2, 5, 0, 2, '2017-02-13 12:33:51', 'patient', NULL, 5),
(377, 5, 12, 409, 1, 2, 5, 0, 2, '2017-02-13 12:33:51', 'patient', NULL, 5),
(378, 1, 12, 411, 1, 1, 5, 0, 2, '2017-02-13 12:34:07', 'patient', NULL, 5),
(379, 2, 12, 411, 1, 1, 5, 0, 2, '2017-02-13 12:34:07', 'patient', NULL, 5),
(380, 3, 12, 411, 1, 1, 4, 0, 2, '2017-02-13 12:34:07', 'patient', NULL, 4),
(381, 4, 12, 411, 1, 1, 5, 0, 2, '2017-02-13 12:34:07', 'patient', NULL, 5),
(382, 5, 12, 411, 1, 1, 5, 0, 2, '2017-02-13 12:34:07', 'patient', NULL, 5),
(383, 1, 12, 412, 1, 2, 3, 0, 2, '2017-02-13 12:34:25', 'patient', NULL, 3),
(384, 2, 12, 412, 1, 2, 3, 0, 2, '2017-02-13 12:34:26', 'patient', NULL, 3),
(385, 3, 12, 412, 1, 2, 3, 0, 2, '2017-02-13 12:34:26', 'patient', NULL, 3),
(386, 4, 12, 412, 1, 2, 4, 0, 2, '2017-02-13 12:34:26', 'patient', NULL, 4),
(387, 5, 12, 412, 1, 2, 3, 0, 2, '2017-02-13 12:34:26', 'patient', NULL, 3),
(388, 1, 12, 413, 1, 3, 5, 0, 2, '2017-02-13 12:34:43', 'patient', NULL, 5),
(389, 2, 12, 413, 1, 3, 4, 0, 2, '2017-02-13 12:34:43', 'patient', NULL, 4),
(390, 3, 12, 413, 1, 3, 5, 0, 2, '2017-02-13 12:34:43', 'patient', NULL, 5),
(391, 4, 12, 413, 1, 3, 5, 0, 2, '2017-02-13 12:34:43', 'patient', NULL, 5),
(392, 5, 12, 413, 1, 3, 5, 0, 2, '2017-02-13 12:34:43', 'patient', NULL, 5),
(393, 1, 12, 414, 1, 1, 4, 0, 2, '2017-02-13 12:35:00', 'patient', NULL, 4),
(394, 2, 12, 414, 1, 1, 3, 0, 2, '2017-02-13 12:35:00', 'patient', NULL, 3),
(395, 3, 12, 414, 1, 1, 4, 0, 2, '2017-02-13 12:35:00', 'patient', NULL, 4),
(396, 4, 12, 414, 1, 1, 5, 0, 2, '2017-02-13 12:35:00', 'patient', NULL, 5),
(397, 5, 12, 414, 1, 1, 5, 0, 2, '2017-02-13 12:35:00', 'patient', NULL, 5),
(398, 1, 12, 415, 1, 1, 5, 0, 2, '2017-02-13 12:35:17', 'patient', NULL, 5),
(399, 2, 12, 415, 1, 1, 4, 0, 2, '2017-02-13 12:35:17', 'patient', NULL, 4),
(400, 3, 12, 415, 1, 1, 3, 0, 2, '2017-02-13 12:35:17', 'patient', NULL, 3),
(401, 4, 12, 415, 1, 1, 5, 0, 2, '2017-02-13 12:35:17', 'patient', NULL, 5),
(402, 5, 12, 415, 1, 1, 5, 0, 2, '2017-02-13 12:35:17', 'patient', NULL, 5),
(403, 1, 12, 416, 1, 2, 5, 0, 2, '2017-02-13 12:35:33', 'patient', NULL, 5),
(404, 2, 12, 416, 1, 2, 5, 0, 2, '2017-02-13 12:35:33', 'patient', NULL, 5),
(405, 3, 12, 416, 1, 2, 4, 0, 2, '2017-02-13 12:35:33', 'patient', NULL, 4),
(406, 4, 12, 416, 1, 2, 4, 0, 2, '2017-02-13 12:35:33', 'patient', NULL, 4),
(407, 5, 12, 416, 1, 2, 5, 0, 2, '2017-02-13 12:35:33', 'patient', NULL, 5),
(408, 1, 12, 419, 1, 3, 5, 0, 2, '2017-02-13 12:35:51', 'patient', NULL, 5),
(409, 2, 12, 419, 1, 3, 4, 0, 2, '2017-02-13 12:35:52', 'patient', NULL, 4),
(410, 3, 12, 419, 1, 3, 3, 0, 2, '2017-02-13 12:35:52', 'patient', NULL, 3),
(411, 4, 12, 419, 1, 3, 4, 0, 2, '2017-02-13 12:35:52', 'patient', NULL, 4),
(412, 5, 12, 419, 1, 3, 5, 0, 2, '2017-02-13 12:35:52', 'patient', NULL, 5),
(413, 1, 12, 420, 1, 2, 4, 0, 2, '2017-02-13 12:36:11', 'patient', NULL, 4),
(414, 2, 12, 420, 1, 2, 5, 0, 2, '2017-02-13 12:36:11', 'patient', NULL, 5),
(415, 3, 12, 420, 1, 2, 4, 0, 2, '2017-02-13 12:36:11', 'patient', NULL, 4),
(416, 4, 12, 420, 1, 2, 5, 0, 2, '2017-02-13 12:36:11', 'patient', NULL, 5),
(417, 5, 12, 420, 1, 2, 5, 0, 2, '2017-02-13 12:36:11', 'patient', NULL, 5),
(418, 1, 12, 421, 1, 1, 5, 0, 2, '2017-02-13 12:36:27', 'patient', NULL, 5),
(419, 2, 12, 421, 1, 1, 5, 0, 2, '2017-02-13 12:36:27', 'patient', NULL, 5),
(420, 3, 12, 421, 1, 1, 5, 0, 2, '2017-02-13 12:36:27', 'patient', NULL, 5),
(421, 4, 12, 421, 1, 1, 5, 0, 2, '2017-02-13 12:36:27', 'patient', NULL, 5),
(422, 5, 12, 421, 1, 1, 5, 0, 2, '2017-02-13 12:36:27', 'patient', NULL, 5),
(423, 1, 12, 422, 1, 1, 5, 0, 2, '2017-02-13 12:36:41', 'patient', NULL, 5),
(424, 2, 12, 422, 1, 1, 5, 0, 2, '2017-02-13 12:36:41', 'patient', NULL, 5),
(425, 3, 12, 422, 1, 1, 5, 0, 2, '2017-02-13 12:36:41', 'patient', NULL, 5),
(426, 4, 12, 422, 1, 1, 5, 0, 2, '2017-02-13 12:36:41', 'patient', NULL, 5),
(427, 5, 12, 422, 1, 1, 5, 0, 2, '2017-02-13 12:36:41', 'patient', NULL, 5),
(428, 1, 12, 18, 1, 2, 4, 0, 2, '2017-02-13 12:48:01', 'patient', NULL, 4),
(429, 2, 12, 18, 1, 2, 5, 0, 2, '2017-02-13 12:48:02', 'patient', NULL, 5),
(430, 3, 12, 18, 1, 2, 5, 0, 2, '2017-02-13 12:48:02', 'patient', NULL, 5),
(431, 4, 12, 18, 1, 2, 5, 0, 2, '2017-02-13 12:48:02', 'patient', NULL, 5),
(432, 5, 12, 18, 1, 2, 5, 0, 2, '2017-02-13 12:48:02', 'patient', NULL, 5),
(433, 1, 12, 411, 1, 1, 5, 0, 2, '2017-02-13 12:55:29', 'patient', NULL, 5),
(434, 2, 12, 411, 1, 1, 5, 0, 2, '2017-02-13 12:55:29', 'patient', NULL, 5),
(435, 3, 12, 411, 1, 1, 5, 0, 2, '2017-02-13 12:55:29', 'patient', NULL, 5),
(436, 4, 12, 411, 1, 1, 5, 0, 2, '2017-02-13 12:55:29', 'patient', NULL, 5),
(437, 5, 12, 411, 1, 1, 5, 0, 2, '2017-02-13 12:55:29', 'patient', NULL, 5),
(438, 1, 12, 411, 1, 1, 4, 0, 2, '2017-02-13 13:13:03', 'patient', NULL, 4),
(439, 2, 12, 411, 1, 1, 4, 0, 2, '2017-02-13 13:13:04', 'patient', NULL, 4),
(440, 3, 12, 411, 1, 1, 4, 0, 2, '2017-02-13 13:13:04', 'patient', NULL, 4),
(441, 4, 12, 411, 1, 1, 4, 0, 2, '2017-02-13 13:13:04', 'patient', NULL, 4),
(442, 5, 12, 411, 1, 1, 4, 0, 2, '2017-02-13 13:13:04', 'patient', NULL, 4),
(443, 1, 12, 395, 1, 1, 5, 0, 2, '2017-02-13 13:18:09', 'patient', NULL, 5),
(444, 2, 12, 395, 1, 1, 4, 0, 2, '2017-02-13 13:18:09', 'patient', NULL, 4),
(445, 3, 12, 395, 1, 1, 4, 0, 2, '2017-02-13 13:18:09', 'patient', NULL, 4),
(446, 4, 12, 395, 1, 1, 4, 0, 2, '2017-02-13 13:18:09', 'patient', NULL, 4),
(447, 5, 12, 395, 1, 1, 4, 0, 2, '2017-02-13 13:18:09', 'patient', NULL, 4),
(448, 1, 12, 18, 1, 2, 5, 0, 2, '2017-02-13 16:29:47', 'patient', NULL, 5),
(449, 2, 12, 18, 1, 2, 4, 0, 2, '2017-02-13 16:29:47', 'patient', NULL, 4),
(450, 3, 12, 18, 1, 2, 4, 0, 2, '2017-02-13 16:29:47', 'patient', NULL, 4),
(451, 4, 12, 18, 1, 2, 4, 0, 2, '2017-02-13 16:29:47', 'patient', NULL, 4),
(452, 5, 12, 18, 1, 2, 4, 0, 2, '2017-02-13 16:29:47', 'patient', NULL, 4),
(453, 1, 12, 415, 1, 1, 3, 0, 2, '2017-02-13 17:31:28', 'patient', NULL, 3),
(454, 2, 12, 415, 1, 1, 3, 0, 2, '2017-02-13 17:31:28', 'patient', NULL, 3),
(455, 3, 12, 415, 1, 1, 3, 0, 2, '2017-02-13 17:31:28', 'patient', NULL, 3),
(456, 4, 12, 415, 1, 1, 2, 0, 2, '2017-02-13 17:31:28', 'patient', NULL, 2),
(457, 5, 12, 415, 1, 1, 3, 0, 2, '2017-02-13 17:31:28', 'patient', NULL, 3),
(458, 1, 12, 410, 1, 3, 4, 0, 2, '2017-02-13 17:39:33', 'patient', NULL, 4),
(459, 2, 12, 410, 1, 3, 4, 0, 2, '2017-02-13 17:39:33', 'patient', NULL, 4),
(460, 3, 12, 410, 1, 3, 4, 0, 2, '2017-02-13 17:39:33', 'patient', NULL, 4),
(461, 4, 12, 410, 1, 3, 3, 0, 2, '2017-02-13 17:39:33', 'patient', NULL, 3),
(462, 5, 12, 410, 1, 3, 5, 0, 2, '2017-02-13 17:39:33', 'patient', NULL, 5),
(463, 1, 3, 399, 2, 1, 4, 0, 2, '2017-02-13 23:38:57', 'patient', NULL, 4),
(464, 2, 3, 399, 2, 1, 5, 0, 2, '2017-02-13 23:38:57', 'patient', NULL, 5),
(465, 3, 3, 399, 2, 1, 2, 0, 2, '2017-02-13 23:38:57', 'patient', NULL, 2),
(466, 4, 3, 399, 2, 1, 3, 0, 2, '2017-02-13 23:38:57', 'patient', NULL, 3),
(467, 5, 3, 399, 2, 1, 4, 0, 2, '2017-02-13 23:38:57', 'patient', NULL, 4),
(468, 1, 1, 401, 2, 2, 3, 0, 2, '2017-02-13 23:42:16', 'patient', NULL, 3),
(469, 2, 1, 401, 2, 2, 4, 0, 2, '2017-02-13 23:42:16', 'patient', NULL, 4),
(470, 3, 1, 401, 2, 2, 5, 0, 2, '2017-02-13 23:42:16', 'patient', NULL, 5),
(471, 4, 1, 401, 2, 2, 3, 0, 2, '2017-02-13 23:42:16', 'patient', NULL, 3),
(472, 5, 1, 401, 2, 2, 4, 0, 2, '2017-02-13 23:42:16', 'patient', NULL, 4),
(473, 1, 3, 402, 2, 1, 5, 0, 2, '2017-02-14 09:43:18', 'patient', NULL, 5),
(474, 2, 3, 402, 2, 1, 4, 0, 2, '2017-02-14 09:43:19', 'patient', NULL, 4),
(475, 3, 3, 402, 2, 1, 3, 0, 2, '2017-02-14 09:43:19', 'patient', NULL, 3),
(476, 4, 3, 402, 2, 1, 4, 0, 2, '2017-02-14 09:43:19', 'patient', NULL, 4),
(477, 5, 3, 402, 2, 1, 5, 0, 2, '2017-02-14 09:43:19', 'patient', NULL, 5),
(478, 1, 3, 406, 2, 2, 4, 0, 2, '2017-02-14 09:48:10', 'patient', NULL, 4),
(479, 2, 3, 406, 2, 2, 5, 0, 2, '2017-02-14 09:48:10', 'patient', NULL, 5),
(480, 3, 3, 406, 2, 2, 2, 0, 2, '2017-02-14 09:48:10', 'patient', NULL, 2),
(481, 4, 3, 406, 2, 2, 5, 0, 2, '2017-02-14 09:48:10', 'patient', NULL, 5),
(482, 5, 3, 406, 2, 2, 4, 0, 2, '2017-02-14 09:48:10', 'patient', NULL, 4),
(483, 1, 1, 394, 2, 1, 3, 0, 2, '2017-02-14 11:16:58', 'patient', NULL, 3),
(484, 2, 1, 394, 2, 1, 4, 0, 2, '2017-02-14 11:16:58', 'patient', NULL, 4),
(485, 3, 1, 394, 2, 1, 5, 0, 2, '2017-02-14 11:16:58', 'patient', NULL, 5),
(486, 4, 1, 394, 2, 1, 2, 0, 2, '2017-02-14 11:16:58', 'patient', NULL, 2),
(487, 5, 1, 394, 2, 1, 3, 0, 2, '2017-02-14 11:16:58', 'patient', NULL, 3),
(488, 1, 12, 413, 1, 3, 5, 0, 2, '2017-02-14 13:34:15', 'patient', NULL, 5),
(489, 2, 12, 413, 1, 3, 5, 0, 2, '2017-02-14 13:34:15', 'patient', NULL, 5),
(490, 3, 12, 413, 1, 3, 5, 0, 2, '2017-02-14 13:34:15', 'patient', NULL, 5),
(491, 4, 12, 413, 1, 3, 5, 0, 2, '2017-02-14 13:34:15', 'patient', NULL, 5),
(492, 5, 12, 413, 1, 3, 4, 0, 2, '2017-02-14 13:34:15', 'patient', NULL, 4),
(493, 1, 12, 411, 1, 1, 5, 0, 2, '2017-02-14 13:35:15', 'patient', NULL, 5),
(494, 2, 12, 411, 1, 1, 5, 0, 2, '2017-02-14 13:35:15', 'patient', NULL, 5),
(495, 3, 12, 411, 1, 1, 4, 0, 2, '2017-02-14 13:35:15', 'patient', NULL, 4),
(496, 4, 12, 411, 1, 1, 4, 0, 2, '2017-02-14 13:35:15', 'patient', NULL, 4),
(497, 5, 12, 411, 1, 1, 4, 0, 2, '2017-02-14 13:35:15', 'patient', NULL, 4),
(498, 1, 12, 410, 1, 3, 5, 0, 2, '2017-02-14 13:41:48', 'patient', NULL, 5),
(499, 2, 12, 410, 1, 3, 5, 0, 2, '2017-02-14 13:41:48', 'patient', NULL, 5),
(500, 3, 12, 410, 1, 3, 5, 0, 2, '2017-02-14 13:41:48', 'patient', NULL, 5),
(501, 4, 12, 410, 1, 3, 5, 0, 2, '2017-02-14 13:41:48', 'patient', NULL, 5),
(502, 5, 12, 410, 1, 3, 5, 0, 2, '2017-02-14 13:41:48', 'patient', NULL, 5),
(503, 1, 12, 408, 1, 1, 5, 0, 2, '2017-02-14 14:09:04', 'patient', NULL, 5),
(504, 2, 12, 408, 1, 1, 5, 0, 2, '2017-02-14 14:09:04', 'patient', NULL, 5),
(505, 3, 12, 408, 1, 1, 5, 0, 2, '2017-02-14 14:09:04', 'patient', NULL, 5),
(506, 4, 12, 408, 1, 1, 4, 0, 2, '2017-02-14 14:09:04', 'patient', NULL, 4),
(507, 5, 12, 408, 1, 1, 4, 0, 2, '2017-02-14 14:09:04', 'patient', NULL, 4),
(508, 1, 12, 419, 1, 3, 5, 0, 2, '2017-02-14 14:32:16', 'patient', NULL, 5),
(509, 2, 12, 419, 1, 3, 4, 0, 2, '2017-02-14 14:32:16', 'patient', NULL, 4),
(510, 3, 12, 419, 1, 3, 3, 0, 2, '2017-02-14 14:32:16', 'patient', NULL, 3),
(511, 4, 12, 419, 1, 3, 3, 0, 2, '2017-02-14 14:32:16', 'patient', NULL, 3),
(512, 5, 12, 419, 1, 3, 3, 0, 2, '2017-02-14 14:32:16', 'patient', NULL, 3),
(513, 1, 12, 414, 1, 1, 3, 0, 2, '2017-02-14 14:32:42', 'patient', NULL, 3),
(514, 2, 12, 414, 1, 1, 3, 0, 2, '2017-02-14 14:32:42', 'patient', NULL, 3),
(515, 3, 12, 414, 1, 1, 3, 0, 2, '2017-02-14 14:32:42', 'patient', NULL, 3),
(516, 4, 12, 414, 1, 1, 3, 0, 2, '2017-02-14 14:32:42', 'patient', NULL, 3),
(517, 5, 12, 414, 1, 1, 3, 0, 2, '2017-02-14 14:32:42', 'patient', NULL, 3),
(518, 1, 7, 411, 1, 1, 5, 0, 2, '2017-02-14 14:51:31', 'patient', NULL, 5),
(519, 2, 7, 411, 1, 1, 4, 0, 2, '2017-02-14 14:51:31', 'patient', NULL, 4),
(520, 3, 7, 411, 1, 1, 3, 0, 2, '2017-02-14 14:51:31', 'patient', NULL, 3),
(521, 4, 7, 411, 1, 1, 4, 0, 2, '2017-02-14 14:51:31', 'patient', NULL, 4),
(522, 5, 7, 411, 1, 1, 5, 0, 2, '2017-02-14 14:51:31', 'patient', NULL, 5),
(523, 1, 12, 412, 1, 2, 5, 0, 2, '2017-02-14 15:02:55', 'patient', NULL, 5),
(524, 2, 12, 412, 1, 2, 5, 0, 2, '2017-02-14 15:02:55', 'patient', NULL, 5),
(525, 3, 12, 412, 1, 2, 5, 0, 2, '2017-02-14 15:02:55', 'patient', NULL, 5),
(526, 4, 12, 412, 1, 2, 5, 0, 2, '2017-02-14 15:02:55', 'patient', NULL, 5),
(527, 5, 12, 412, 1, 2, 5, 0, 2, '2017-02-14 15:02:55', 'patient', NULL, 5),
(528, 1, 12, 409, 1, 2, 5, 0, 2, '2017-02-14 15:05:06', 'patient', NULL, 5),
(529, 2, 12, 409, 1, 2, 5, 0, 2, '2017-02-14 15:05:06', 'patient', NULL, 5),
(530, 3, 12, 409, 1, 2, 5, 0, 2, '2017-02-14 15:05:06', 'patient', NULL, 5),
(531, 4, 12, 409, 1, 2, 5, 0, 2, '2017-02-14 15:05:06', 'patient', NULL, 5),
(532, 5, 12, 409, 1, 2, 2, 0, 2, '2017-02-14 15:05:06', 'patient', NULL, 2),
(533, 1, 12, 422, 1, 1, 5, 0, 2, '2017-02-14 15:13:04', 'patient', NULL, 5),
(534, 2, 12, 422, 1, 1, 4, 0, 2, '2017-02-14 15:13:04', 'patient', NULL, 4),
(535, 3, 12, 422, 1, 1, 5, 0, 2, '2017-02-14 15:13:04', 'patient', NULL, 5),
(536, 4, 12, 422, 1, 1, 5, 0, 2, '2017-02-14 15:13:04', 'patient', NULL, 5),
(537, 5, 12, 422, 1, 1, 5, 0, 2, '2017-02-14 15:13:04', 'patient', NULL, 5),
(538, 1, 7, 411, 1, 1, 4, 0, 2, '2017-02-15 10:08:40', 'patient', NULL, 4),
(539, 2, 7, 411, 1, 1, 4, 0, 2, '2017-02-15 10:08:40', 'patient', NULL, 4),
(540, 3, 7, 411, 1, 1, 3, 0, 2, '2017-02-15 10:08:40', 'patient', NULL, 3),
(541, 4, 7, 411, 1, 1, 5, 0, 2, '2017-02-15 10:08:40', 'patient', NULL, 5),
(542, 5, 7, 411, 1, 1, 5, 0, 2, '2017-02-15 10:08:40', 'patient', NULL, 5),
(543, 1, 12, 419, 1, 3, 5, 0, 2, '2017-02-15 22:43:57', 'patient', NULL, 5),
(544, 2, 12, 419, 1, 3, 4, 0, 2, '2017-02-15 22:43:57', 'patient', NULL, 4),
(545, 3, 12, 419, 1, 3, 3, 0, 2, '2017-02-15 22:43:57', 'patient', NULL, 3),
(546, 4, 12, 419, 1, 3, 3, 0, 2, '2017-02-15 22:43:57', 'patient', NULL, 3),
(547, 5, 12, 419, 1, 3, 4, 0, 2, '2017-02-15 22:43:57', 'patient', NULL, 4),
(548, 1, 12, 413, 1, 3, 4, 0, 2, '2017-02-15 22:44:17', 'patient', NULL, 4),
(549, 2, 12, 413, 1, 3, 5, 0, 2, '2017-02-15 22:44:17', 'patient', NULL, 5),
(550, 3, 12, 413, 1, 3, 4, 0, 2, '2017-02-15 22:44:17', 'patient', NULL, 4),
(551, 4, 12, 413, 1, 3, 4, 0, 2, '2017-02-15 22:44:17', 'patient', NULL, 4),
(552, 5, 12, 413, 1, 3, 4, 0, 2, '2017-02-15 22:44:17', 'patient', NULL, 4),
(553, 1, 12, 411, 1, 1, 4, 0, 2, '2017-02-15 22:44:32', 'patient', NULL, 4),
(554, 2, 12, 411, 1, 1, 4, 0, 2, '2017-02-15 22:44:32', 'patient', NULL, 4),
(555, 3, 12, 411, 1, 1, 5, 0, 2, '2017-02-15 22:44:32', 'patient', NULL, 5),
(556, 4, 12, 411, 1, 1, 5, 0, 2, '2017-02-15 22:44:32', 'patient', NULL, 5),
(557, 5, 12, 411, 1, 1, 4, 0, 2, '2017-02-15 22:44:32', 'patient', NULL, 4),
(558, 1, 12, 421, 1, 1, 5, 0, 2, '2017-02-15 22:44:51', 'patient', NULL, 5),
(559, 2, 12, 421, 1, 1, 4, 0, 2, '2017-02-15 22:44:51', 'patient', NULL, 4),
(560, 3, 12, 421, 1, 1, 3, 0, 2, '2017-02-15 22:44:51', 'patient', NULL, 3),
(561, 4, 12, 421, 1, 1, 2, 0, 2, '2017-02-15 22:44:51', 'patient', NULL, 2),
(562, 5, 12, 421, 1, 1, 3, 0, 2, '2017-02-15 22:44:51', 'patient', NULL, 3),
(563, 1, 12, 416, 1, 2, 5, 0, 2, '2017-02-15 22:45:10', 'patient', NULL, 5),
(564, 2, 12, 416, 1, 2, 5, 0, 2, '2017-02-15 22:45:10', 'patient', NULL, 5),
(565, 3, 12, 416, 1, 2, 5, 0, 2, '2017-02-15 22:45:11', 'patient', NULL, 5),
(566, 4, 12, 416, 1, 2, 4, 0, 2, '2017-02-15 22:45:11', 'patient', NULL, 4),
(567, 5, 12, 416, 1, 2, 4, 0, 2, '2017-02-15 22:45:11', 'patient', NULL, 4),
(568, 1, 7, 411, 1, 1, 4, 0, 2, '2017-02-16 11:19:41', 'patient', NULL, 4),
(569, 2, 7, 411, 1, 1, 4, 0, 2, '2017-02-16 11:19:41', 'patient', NULL, 4),
(570, 3, 7, 411, 1, 1, 3, 0, 2, '2017-02-16 11:19:41', 'patient', NULL, 3),
(571, 4, 7, 411, 1, 1, 5, 0, 2, '2017-02-16 11:19:41', 'patient', NULL, 5),
(572, 5, 7, 411, 1, 1, 5, 0, 2, '2017-02-16 11:19:41', 'patient', NULL, 5),
(573, 1, 7, 411, 1, 1, 5, 0, 2, '2017-02-16 14:28:39', 'patient', NULL, 5),
(574, 2, 7, 411, 1, 1, 4, 0, 2, '2017-02-16 14:28:39', 'patient', NULL, 4),
(575, 3, 7, 411, 1, 1, 3, 0, 2, '2017-02-16 14:28:39', 'patient', NULL, 3),
(576, 4, 7, 411, 1, 1, 5, 0, 2, '2017-02-16 14:28:39', 'patient', NULL, 5),
(577, 5, 7, 411, 1, 1, 5, 0, 2, '2017-02-16 14:28:39', 'patient', NULL, 5),
(578, 1, 7, 408, 1, 1, 3, 0, 2, '2017-02-20 13:58:50', 'patient', NULL, 3),
(579, 2, 7, 408, 1, 1, 4, 0, 2, '2017-02-20 13:58:50', 'patient', NULL, 4),
(580, 3, 7, 408, 1, 1, 3, 0, 2, '2017-02-20 13:58:50', 'patient', NULL, 3),
(581, 4, 7, 408, 1, 1, 3, 0, 2, '2017-02-20 13:58:50', 'patient', NULL, 3),
(582, 5, 7, 408, 1, 1, 4, 0, 2, '2017-02-20 13:58:50', 'patient', NULL, 4),
(583, 1, 7, 422, 1, 1, 4, 0, 2, '2017-02-20 13:59:24', 'patient', NULL, 4),
(584, 2, 7, 422, 1, 1, 4, 0, 2, '2017-02-20 13:59:24', 'patient', NULL, 4),
(585, 3, 7, 422, 1, 1, 3, 0, 2, '2017-02-20 13:59:24', 'patient', NULL, 3),
(586, 4, 7, 422, 1, 1, 5, 0, 2, '2017-02-20 13:59:24', 'patient', NULL, 5),
(587, 5, 7, 422, 1, 1, 4, 0, 2, '2017-02-20 13:59:24', 'patient', NULL, 4),
(588, 1, 7, 420, 1, 2, 5, 0, 2, '2017-02-20 13:59:56', 'patient', NULL, 5),
(589, 2, 7, 420, 1, 2, 5, 0, 2, '2017-02-20 13:59:56', 'patient', NULL, 5),
(590, 3, 7, 420, 1, 2, 3, 0, 2, '2017-02-20 13:59:56', 'patient', NULL, 3),
(591, 4, 7, 420, 1, 2, 5, 0, 2, '2017-02-20 13:59:56', 'patient', NULL, 5),
(592, 5, 7, 420, 1, 2, 5, 0, 2, '2017-02-20 13:59:56', 'patient', NULL, 5),
(593, 1, 7, 415, 1, 1, 4, 0, 2, '2017-02-20 14:00:27', 'patient', NULL, 4),
(594, 2, 7, 415, 1, 1, 4, 0, 2, '2017-02-20 14:00:27', 'patient', NULL, 4),
(595, 3, 7, 415, 1, 1, 2, 0, 2, '2017-02-20 14:00:27', 'patient', NULL, 2),
(596, 4, 7, 415, 1, 1, 4, 0, 2, '2017-02-20 14:00:27', 'patient', NULL, 4),
(597, 5, 7, 415, 1, 1, 4, 0, 2, '2017-02-20 14:00:27', 'patient', NULL, 4),
(598, 1, 7, 410, 1, 3, 3, 0, 2, '2017-02-20 14:00:56', 'patient', NULL, 3),
(599, 2, 7, 410, 1, 3, 4, 0, 2, '2017-02-20 14:00:56', 'patient', NULL, 4),
(600, 3, 7, 410, 1, 3, 4, 0, 2, '2017-02-20 14:00:56', 'patient', NULL, 4),
(601, 4, 7, 410, 1, 3, 3, 0, 2, '2017-02-20 14:00:56', 'patient', NULL, 3),
(602, 5, 7, 410, 1, 3, 4, 0, 2, '2017-02-20 14:00:56', 'patient', NULL, 4),
(603, 1, 7, 411, 1, 1, 4, 0, 2, '2017-02-20 16:33:48', 'patient', NULL, 4),
(604, 2, 7, 411, 1, 1, 5, 0, 2, '2017-02-20 16:33:48', 'patient', NULL, 5),
(605, 3, 7, 411, 1, 1, 3, 0, 2, '2017-02-20 16:33:48', 'patient', NULL, 3),
(606, 4, 7, 411, 1, 1, 5, 0, 2, '2017-02-20 16:33:48', 'patient', NULL, 5),
(607, 5, 7, 411, 1, 1, 5, 0, 2, '2017-02-20 16:33:48', 'patient', NULL, 5),
(608, 1, 12, 409, 1, 2, 5, 0, 2, '2017-02-21 15:21:27', 'patient', NULL, 5),
(609, 2, 12, 409, 1, 2, 4, 0, 2, '2017-02-21 15:21:27', 'patient', NULL, 4),
(610, 3, 12, 409, 1, 2, 2, 0, 2, '2017-02-21 15:21:28', 'patient', NULL, 2),
(611, 4, 12, 409, 1, 2, 5, 0, 2, '2017-02-21 15:21:28', 'patient', NULL, 5),
(612, 5, 12, 409, 1, 2, 5, 0, 2, '2017-02-21 15:21:28', 'patient', NULL, 5),
(613, 1, 7, 395, 1, 1, 4, 0, 2, '2017-02-22 15:59:43', 'patient', NULL, 4),
(614, 2, 7, 395, 1, 1, 5, 0, 2, '2017-02-22 15:59:43', 'patient', NULL, 5),
(615, 3, 7, 395, 1, 1, 5, 0, 2, '2017-02-22 15:59:43', 'patient', NULL, 5),
(616, 4, 7, 395, 1, 1, 3, 0, 2, '2017-02-22 15:59:43', 'patient', NULL, 3),
(617, 5, 7, 395, 1, 1, 4, 0, 2, '2017-02-22 15:59:43', 'patient', NULL, 4),
(618, 1, 12, 416, 1, 2, 4, 0, 2, '2017-02-23 12:01:11', 'patient', NULL, 4),
(619, 2, 12, 416, 1, 2, 5, 0, 2, '2017-02-23 12:01:11', 'patient', NULL, 5),
(620, 3, 12, 416, 1, 2, 3, 0, 2, '2017-02-23 12:01:11', 'patient', NULL, 3),
(621, 4, 12, 416, 1, 2, 5, 0, 2, '2017-02-23 12:01:11', 'patient', NULL, 5),
(622, 5, 12, 416, 1, 2, 5, 0, 2, '2017-02-23 12:01:11', 'patient', NULL, 5),
(623, 1, 12, 408, 1, 1, 4, 0, 2, '2017-02-24 18:37:47', 'patient', NULL, 4),
(624, 2, 12, 408, 1, 1, 4, 0, 2, '2017-02-24 18:37:47', 'patient', NULL, 4),
(625, 3, 12, 408, 1, 1, 3, 0, 2, '2017-02-24 18:37:47', 'patient', NULL, 3),
(626, 4, 12, 408, 1, 1, 4, 0, 2, '2017-02-24 18:37:47', 'patient', NULL, 4),
(627, 5, 12, 408, 1, 1, 5, 0, 2, '2017-02-24 18:37:47', 'patient', NULL, 5),
(628, 1, 12, 413, 1, 3, 5, 0, 2, '2017-02-24 18:38:06', 'patient', NULL, 5),
(629, 2, 12, 413, 1, 3, 5, 0, 2, '2017-02-24 18:38:06', 'patient', NULL, 5),
(630, 3, 12, 413, 1, 3, 4, 0, 2, '2017-02-24 18:38:06', 'patient', NULL, 4),
(631, 4, 12, 413, 1, 3, 3, 0, 2, '2017-02-24 18:38:06', 'patient', NULL, 3),
(632, 5, 12, 413, 1, 3, 4, 0, 2, '2017-02-24 18:38:06', 'patient', NULL, 4),
(633, 1, 12, 411, 1, 1, 4, 0, 2, '2017-02-24 18:39:19', 'patient', NULL, 4),
(634, 2, 12, 411, 1, 1, 5, 0, 2, '2017-02-24 18:39:20', 'patient', NULL, 5),
(635, 3, 12, 411, 1, 1, 3, 0, 2, '2017-02-24 18:39:20', 'patient', NULL, 3),
(636, 4, 12, 411, 1, 1, 4, 0, 2, '2017-02-24 18:39:20', 'patient', NULL, 4),
(637, 5, 12, 411, 1, 1, 5, 0, 2, '2017-02-24 18:39:20', 'patient', NULL, 5),
(638, 1, 12, 416, 1, 2, 5, 0, 2, '2017-02-24 18:40:27', 'patient', NULL, 5),
(639, 2, 12, 416, 1, 2, 4, 0, 2, '2017-02-24 18:40:27', 'patient', NULL, 4),
(640, 3, 12, 416, 1, 2, 5, 0, 2, '2017-02-24 18:40:27', 'patient', NULL, 5),
(641, 4, 12, 416, 1, 2, 4, 0, 2, '2017-02-24 18:40:27', 'patient', NULL, 4),
(642, 5, 12, 416, 1, 2, 2, 0, 2, '2017-02-24 18:40:27', 'patient', NULL, 2),
(643, 1, 12, 419, 1, 3, 4, 0, 2, '2017-02-24 18:40:55', 'patient', NULL, 4),
(644, 2, 12, 419, 1, 3, 4, 0, 2, '2017-02-24 18:40:55', 'patient', NULL, 4),
(645, 3, 12, 419, 1, 3, 5, 0, 2, '2017-02-24 18:40:55', 'patient', NULL, 5),
(646, 4, 12, 419, 1, 3, 2, 0, 2, '2017-02-24 18:40:55', 'patient', NULL, 2),
(647, 5, 12, 419, 1, 3, 3, 0, 2, '2017-02-24 18:40:55', 'patient', NULL, 3),
(648, 1, 12, 412, 1, 2, 5, 0, 2, '2017-02-24 18:43:05', 'patient', NULL, 5),
(649, 2, 12, 412, 1, 2, 4, 0, 2, '2017-02-24 18:43:05', 'patient', NULL, 4),
(650, 3, 12, 412, 1, 2, 5, 0, 2, '2017-02-24 18:43:05', 'patient', NULL, 5),
(651, 4, 12, 412, 1, 2, 3, 0, 2, '2017-02-24 18:43:05', 'patient', NULL, 3),
(652, 5, 12, 412, 1, 2, 4, 0, 2, '2017-02-24 18:43:05', 'patient', NULL, 4),
(653, 1, 17, 411, 1, 1, 5, 0, 2, '2017-02-25 14:17:35', 'patient', NULL, 5),
(654, 2, 17, 411, 1, 1, 5, 0, 2, '2017-02-25 14:17:35', 'patient', NULL, 5),
(655, 3, 17, 411, 1, 1, 5, 0, 2, '2017-02-25 14:17:35', 'patient', NULL, 5),
(656, 4, 17, 411, 1, 1, 5, 0, 2, '2017-02-25 14:17:35', 'patient', NULL, 5),
(657, 5, 17, 411, 1, 1, 5, 0, 2, '2017-02-25 14:17:35', 'patient', NULL, 5),
(658, 1, 12, 411, 1, 1, 4, 0, 2, '2017-02-26 22:35:30', 'patient', NULL, 4),
(659, 2, 12, 411, 1, 1, 4, 0, 2, '2017-02-26 22:35:30', 'patient', NULL, 4),
(660, 3, 12, 411, 1, 1, 4, 0, 2, '2017-02-26 22:35:30', 'patient', NULL, 4),
(661, 4, 12, 411, 1, 1, 3, 0, 2, '2017-02-26 22:35:30', 'patient', NULL, 3),
(662, 5, 12, 411, 1, 1, 3, 0, 2, '2017-02-26 22:35:30', 'patient', NULL, 3),
(663, 1, 12, 416, 1, 2, 3, 0, 2, '2017-02-26 22:35:51', 'patient', NULL, 3),
(664, 2, 12, 416, 1, 2, 3, 0, 2, '2017-02-26 22:35:51', 'patient', NULL, 3),
(665, 3, 12, 416, 1, 2, 3, 0, 2, '2017-02-26 22:35:51', 'patient', NULL, 3),
(666, 4, 12, 416, 1, 2, 3, 0, 2, '2017-02-26 22:35:51', 'patient', NULL, 3),
(667, 5, 12, 416, 1, 2, 3, 0, 2, '2017-02-26 22:35:51', 'patient', NULL, 3),
(668, 1, 12, 410, 1, 3, 4, 0, 2, '2017-02-26 22:36:06', 'patient', NULL, 4),
(669, 2, 12, 410, 1, 3, 4, 0, 2, '2017-02-26 22:36:06', 'patient', NULL, 4),
(670, 3, 12, 410, 1, 3, 3, 0, 2, '2017-02-26 22:36:06', 'patient', NULL, 3);
INSERT INTO `answers` (`id`, `qid`, `pid`, `eid`, `unit_id`, `catid`, `peck`, `incid`, `etid`, `date`, `user_type`, `survey_id`, `answer_id`) VALUES
(671, 4, 12, 410, 1, 3, 3, 0, 2, '2017-02-26 22:36:06', 'patient', NULL, 3),
(672, 5, 12, 410, 1, 3, 5, 0, 2, '2017-02-26 22:36:06', 'patient', NULL, 5),
(673, 1, 12, 408, 1, 1, 4, 0, 2, '2017-02-26 22:36:26', 'patient', NULL, 4),
(674, 2, 12, 408, 1, 1, 4, 0, 2, '2017-02-26 22:36:26', 'patient', NULL, 4),
(675, 3, 12, 408, 1, 1, 5, 0, 2, '2017-02-26 22:36:26', 'patient', NULL, 5),
(676, 4, 12, 408, 1, 1, 3, 0, 2, '2017-02-26 22:36:26', 'patient', NULL, 3),
(677, 5, 12, 408, 1, 1, 4, 0, 2, '2017-02-26 22:36:26', 'patient', NULL, 4),
(678, 1, 12, 420, 1, 2, 5, 0, 2, '2017-02-26 22:36:45', 'patient', NULL, 5),
(679, 2, 12, 420, 1, 2, 2, 0, 2, '2017-02-26 22:36:46', 'patient', NULL, 2),
(680, 3, 12, 420, 1, 2, 3, 0, 2, '2017-02-26 22:36:46', 'patient', NULL, 3),
(681, 4, 12, 420, 1, 2, 4, 0, 2, '2017-02-26 22:36:46', 'patient', NULL, 4),
(682, 5, 12, 420, 1, 2, 4, 0, 2, '2017-02-26 22:36:46', 'patient', NULL, 4),
(683, 1, 12, 419, 1, 3, 4, 0, 2, '2017-02-26 22:37:01', 'patient', NULL, 4),
(684, 2, 12, 419, 1, 3, 4, 0, 2, '2017-02-26 22:37:01', 'patient', NULL, 4),
(685, 3, 12, 419, 1, 3, 4, 0, 2, '2017-02-26 22:37:01', 'patient', NULL, 4),
(686, 4, 12, 419, 1, 3, 5, 0, 2, '2017-02-26 22:37:01', 'patient', NULL, 5),
(687, 5, 12, 419, 1, 3, 4, 0, 2, '2017-02-26 22:37:01', 'patient', NULL, 4),
(688, 1, 12, 395, 1, 1, 4, 0, 2, '2017-02-27 11:40:21', 'patient', NULL, 4),
(689, 2, 12, 395, 1, 1, 5, 0, 2, '2017-02-27 11:40:21', 'patient', NULL, 5),
(690, 3, 12, 395, 1, 1, 4, 0, 2, '2017-02-27 11:40:21', 'patient', NULL, 4),
(691, 4, 12, 395, 1, 1, 5, 0, 2, '2017-02-27 11:40:21', 'patient', NULL, 5),
(692, 5, 12, 395, 1, 1, 4, 0, 2, '2017-02-27 11:40:21', 'patient', NULL, 4),
(693, 1, 12, 409, 1, 2, 4, 0, 2, '2017-02-27 11:40:39', 'patient', NULL, 4),
(694, 2, 12, 409, 1, 2, 4, 0, 2, '2017-02-27 11:40:39', 'patient', NULL, 4),
(695, 3, 12, 409, 1, 2, 3, 0, 2, '2017-02-27 11:40:39', 'patient', NULL, 3),
(696, 4, 12, 409, 1, 2, 3, 0, 2, '2017-02-27 11:40:39', 'patient', NULL, 3),
(697, 5, 12, 409, 1, 2, 4, 0, 2, '2017-02-27 11:40:39', 'patient', NULL, 4),
(698, 1, 12, 411, 1, 1, 4, 0, 2, '2017-02-27 11:41:07', 'patient', NULL, 4),
(699, 2, 12, 411, 1, 1, 4, 0, 2, '2017-02-27 11:41:07', 'patient', NULL, 4),
(700, 3, 12, 411, 1, 1, 3, 0, 2, '2017-02-27 11:41:07', 'patient', NULL, 3),
(701, 4, 12, 411, 1, 1, 1, 0, 2, '2017-02-27 11:41:07', 'patient', NULL, 1),
(702, 5, 12, 411, 1, 1, 1, 0, 2, '2017-02-27 11:41:07', 'patient', NULL, 1),
(703, 1, 12, 414, 1, 1, 1, 0, 2, '2017-02-27 11:44:12', 'patient', NULL, 1),
(704, 2, 12, 414, 1, 1, 1, 0, 2, '2017-02-27 11:44:12', 'patient', NULL, 1),
(705, 3, 12, 414, 1, 1, 1, 0, 2, '2017-02-27 11:44:12', 'patient', NULL, 1),
(706, 4, 12, 414, 1, 1, 1, 0, 2, '2017-02-27 11:44:12', 'patient', NULL, 1),
(707, 5, 12, 414, 1, 1, 1, 0, 2, '2017-02-27 11:44:12', 'patient', NULL, 1),
(708, 1, 12, 422, 1, 1, 4, 0, 2, '2017-02-27 11:44:34', 'patient', NULL, 4),
(709, 2, 12, 422, 1, 1, 4, 0, 2, '2017-02-27 11:44:34', 'patient', NULL, 4),
(710, 3, 12, 422, 1, 1, 5, 0, 2, '2017-02-27 11:44:34', 'patient', NULL, 5),
(711, 4, 12, 422, 1, 1, 4, 0, 2, '2017-02-27 11:44:34', 'patient', NULL, 4),
(712, 5, 12, 422, 1, 1, 4, 0, 2, '2017-02-27 11:44:34', 'patient', NULL, 4),
(713, 1, 7, 411, 1, 1, 5, 0, 2, '2017-02-27 18:18:37', 'patient', NULL, 5),
(714, 2, 7, 411, 1, 1, 4, 0, 2, '2017-02-27 18:18:37', 'patient', NULL, 4),
(715, 3, 7, 411, 1, 1, 4, 0, 2, '2017-02-27 18:18:37', 'patient', NULL, 4),
(716, 4, 7, 411, 1, 1, 5, 0, 2, '2017-02-27 18:18:37', 'patient', NULL, 5),
(717, 5, 7, 411, 1, 1, 5, 0, 2, '2017-02-27 18:18:37', 'patient', NULL, 5),
(718, 1, 4, 18, 1, 2, 5, 0, 2, '2017-02-28 13:32:59', 'patient', NULL, 5),
(719, 2, 4, 18, 1, 2, 5, 0, 2, '2017-02-28 13:32:59', 'patient', NULL, 5),
(720, 3, 4, 18, 1, 2, 5, 0, 2, '2017-02-28 13:32:59', 'patient', NULL, 5),
(721, 4, 4, 18, 1, 2, 5, 0, 2, '2017-02-28 13:32:59', 'patient', NULL, 5),
(722, 5, 4, 18, 1, 2, 5, 0, 2, '2017-02-28 13:32:59', 'patient', NULL, 5),
(723, 1, 4, 408, 1, 1, 5, 0, 2, '2017-02-28 16:12:16', 'patient', NULL, 5),
(724, 2, 4, 408, 1, 1, 5, 0, 2, '2017-02-28 16:12:16', 'patient', NULL, 5),
(725, 3, 4, 408, 1, 1, 5, 0, 2, '2017-02-28 16:12:16', 'patient', NULL, 5),
(726, 4, 4, 408, 1, 1, 5, 0, 2, '2017-02-28 16:12:16', 'patient', NULL, 5),
(727, 5, 4, 408, 1, 1, 5, 0, 2, '2017-02-28 16:12:16', 'patient', NULL, 5),
(728, 1, 12, 411, 1, 1, 5, 0, 2, '2017-02-28 17:33:24', 'patient', NULL, 5),
(729, 2, 12, 411, 1, 1, 4, 0, 2, '2017-02-28 17:33:24', 'patient', NULL, 4),
(730, 3, 12, 411, 1, 1, 3, 0, 2, '2017-02-28 17:33:24', 'patient', NULL, 3),
(731, 4, 12, 411, 1, 1, 5, 0, 2, '2017-02-28 17:33:24', 'patient', NULL, 5),
(732, 5, 12, 411, 1, 1, 5, 0, 2, '2017-02-28 17:33:24', 'patient', NULL, 5),
(733, 1, 12, 411, 1, 1, 4, 0, 2, '2017-02-28 18:05:08', 'patient', NULL, 4),
(734, 2, 12, 411, 1, 1, 5, 0, 2, '2017-02-28 18:05:08', 'patient', NULL, 5),
(735, 3, 12, 411, 1, 1, 3, 0, 2, '2017-02-28 18:05:08', 'patient', NULL, 3),
(736, 4, 12, 411, 1, 1, 4, 0, 2, '2017-02-28 18:05:08', 'patient', NULL, 4),
(737, 5, 12, 411, 1, 1, 5, 0, 2, '2017-02-28 18:05:08', 'patient', NULL, 5),
(738, 1, 12, 411, 1, 1, 5, 0, 2, '2017-02-28 18:12:56', 'patient', NULL, 5),
(739, 2, 12, 411, 1, 1, 4, 0, 2, '2017-02-28 18:12:56', 'patient', NULL, 4),
(740, 3, 12, 411, 1, 1, 3, 0, 2, '2017-02-28 18:12:56', 'patient', NULL, 3),
(741, 4, 12, 411, 1, 1, 4, 0, 2, '2017-02-28 18:12:56', 'patient', NULL, 4),
(742, 5, 12, 411, 1, 1, 5, 0, 2, '2017-02-28 18:12:56', 'patient', NULL, 5),
(743, 1, 12, 411, 1, 1, 5, 0, 2, '2017-03-01 13:52:41', 'patient', NULL, 5),
(744, 2, 12, 411, 1, 1, 4, 0, 2, '2017-03-01 13:52:41', 'patient', NULL, 4),
(745, 3, 12, 411, 1, 1, 4, 0, 2, '2017-03-01 13:52:41', 'patient', NULL, 4),
(746, 4, 12, 411, 1, 1, 4, 0, 2, '2017-03-01 13:52:41', 'patient', NULL, 4),
(747, 5, 12, 411, 1, 1, 4, 0, 2, '2017-03-01 13:52:41', 'patient', NULL, 4),
(748, 1, 12, 408, 1, 1, 3, 0, 2, '2017-03-01 13:52:59', 'patient', NULL, 3),
(749, 2, 12, 408, 1, 1, 3, 0, 2, '2017-03-01 13:52:59', 'patient', NULL, 3),
(750, 3, 12, 408, 1, 1, 3, 0, 2, '2017-03-01 13:52:59', 'patient', NULL, 3),
(751, 4, 12, 408, 1, 1, 4, 0, 2, '2017-03-01 13:52:59', 'patient', NULL, 4),
(752, 5, 12, 408, 1, 1, 4, 0, 2, '2017-03-01 13:52:59', 'patient', NULL, 4),
(753, 1, 12, 414, 1, 1, 3, 0, 2, '2017-03-01 13:53:17', 'patient', NULL, 3),
(754, 2, 12, 414, 1, 1, 3, 0, 2, '2017-03-01 13:53:17', 'patient', NULL, 3),
(755, 3, 12, 414, 1, 1, 3, 0, 2, '2017-03-01 13:53:17', 'patient', NULL, 3),
(756, 4, 12, 414, 1, 1, 3, 0, 2, '2017-03-01 13:53:17', 'patient', NULL, 3),
(757, 5, 12, 414, 1, 1, 3, 0, 2, '2017-03-01 13:53:17', 'patient', NULL, 3),
(758, 1, 12, 421, 1, 1, 3, 0, 2, '2017-03-01 13:53:37', 'patient', NULL, 3),
(759, 2, 12, 421, 1, 1, 4, 0, 2, '2017-03-01 13:53:37', 'patient', NULL, 4),
(760, 3, 12, 421, 1, 1, 3, 0, 2, '2017-03-01 13:53:37', 'patient', NULL, 3),
(761, 4, 12, 421, 1, 1, 4, 0, 2, '2017-03-01 13:53:37', 'patient', NULL, 4),
(762, 5, 12, 421, 1, 1, 3, 0, 2, '2017-03-01 13:53:37', 'patient', NULL, 3),
(763, 1, 12, 412, 1, 2, 3, 0, 2, '2017-03-01 13:53:57', 'patient', NULL, 3),
(764, 2, 12, 412, 1, 2, 3, 0, 2, '2017-03-01 13:53:57', 'patient', NULL, 3),
(765, 3, 12, 412, 1, 2, 4, 0, 2, '2017-03-01 13:53:57', 'patient', NULL, 4),
(766, 4, 12, 412, 1, 2, 3, 0, 2, '2017-03-01 13:53:57', 'patient', NULL, 3),
(767, 5, 12, 412, 1, 2, 3, 0, 2, '2017-03-01 13:53:57', 'patient', NULL, 3),
(768, 1, 12, 416, 1, 2, 4, 0, 2, '2017-03-01 13:54:12', 'patient', NULL, 4),
(769, 2, 12, 416, 1, 2, 4, 0, 2, '2017-03-01 13:54:12', 'patient', NULL, 4),
(770, 3, 12, 416, 1, 2, 3, 0, 2, '2017-03-01 13:54:12', 'patient', NULL, 3),
(771, 4, 12, 416, 1, 2, 4, 0, 2, '2017-03-01 13:54:12', 'patient', NULL, 4),
(772, 5, 12, 416, 1, 2, 4, 0, 2, '2017-03-01 13:54:12', 'patient', NULL, 4),
(773, 1, 12, 409, 1, 2, 3, 0, 2, '2017-03-01 13:54:29', 'patient', NULL, 3),
(774, 2, 12, 409, 1, 2, 3, 0, 2, '2017-03-01 13:54:29', 'patient', NULL, 3),
(775, 3, 12, 409, 1, 2, 3, 0, 2, '2017-03-01 13:54:29', 'patient', NULL, 3),
(776, 4, 12, 409, 1, 2, 4, 0, 2, '2017-03-01 13:54:29', 'patient', NULL, 4),
(777, 5, 12, 409, 1, 2, 4, 0, 2, '2017-03-01 13:54:29', 'patient', NULL, 4),
(778, 1, 12, 413, 1, 3, 5, 0, 2, '2017-03-01 13:54:48', 'patient', NULL, 5),
(779, 2, 12, 413, 1, 3, 5, 0, 2, '2017-03-01 13:54:48', 'patient', NULL, 5),
(780, 3, 12, 413, 1, 3, 5, 0, 2, '2017-03-01 13:54:48', 'patient', NULL, 5),
(781, 4, 12, 413, 1, 3, 5, 0, 2, '2017-03-01 13:54:48', 'patient', NULL, 5),
(782, 5, 12, 413, 1, 3, 5, 0, 2, '2017-03-01 13:54:48', 'patient', NULL, 5),
(783, 1, 12, 419, 1, 3, 5, 0, 2, '2017-03-01 13:55:05', 'patient', NULL, 5),
(784, 2, 12, 419, 1, 3, 5, 0, 2, '2017-03-01 13:55:05', 'patient', NULL, 5),
(785, 3, 12, 419, 1, 3, 5, 0, 2, '2017-03-01 13:55:05', 'patient', NULL, 5),
(786, 4, 12, 419, 1, 3, 5, 0, 2, '2017-03-01 13:55:05', 'patient', NULL, 5),
(787, 5, 12, 419, 1, 3, 5, 0, 2, '2017-03-01 13:55:05', 'patient', NULL, 5),
(788, 1, 12, 410, 1, 3, 4, 0, 2, '2017-03-01 13:55:22', 'patient', NULL, 4),
(789, 2, 12, 410, 1, 3, 4, 0, 2, '2017-03-01 13:55:23', 'patient', NULL, 4),
(790, 3, 12, 410, 1, 3, 4, 0, 2, '2017-03-01 13:55:23', 'patient', NULL, 4),
(791, 4, 12, 410, 1, 3, 5, 0, 2, '2017-03-01 13:55:23', 'patient', NULL, 5),
(792, 5, 12, 410, 1, 3, 4, 0, 2, '2017-03-01 13:55:23', 'patient', NULL, 4),
(793, 1, 12, 395, 1, 1, 4, 0, 2, '2017-03-02 11:46:15', 'patient', NULL, 4),
(794, 2, 12, 395, 1, 1, 4, 0, 2, '2017-03-02 11:46:15', 'patient', NULL, 4),
(795, 3, 12, 395, 1, 1, 4, 0, 2, '2017-03-02 11:46:15', 'patient', NULL, 4),
(796, 4, 12, 395, 1, 1, 4, 0, 2, '2017-03-02 11:46:15', 'patient', NULL, 4),
(797, 5, 12, 395, 1, 1, 4, 0, 2, '2017-03-02 11:46:15', 'patient', NULL, 4),
(798, 1, 12, 408, 1, 1, 4, 0, 2, '2017-03-02 11:46:30', 'patient', NULL, 4),
(799, 2, 12, 408, 1, 1, 4, 0, 2, '2017-03-02 11:46:30', 'patient', NULL, 4),
(800, 3, 12, 408, 1, 1, 4, 0, 2, '2017-03-02 11:46:30', 'patient', NULL, 4),
(801, 4, 12, 408, 1, 1, 4, 0, 2, '2017-03-02 11:46:30', 'patient', NULL, 4),
(802, 5, 12, 408, 1, 1, 4, 0, 2, '2017-03-02 11:46:30', 'patient', NULL, 4),
(803, 1, 12, 411, 1, 1, 5, 0, 2, '2017-03-02 11:46:46', 'patient', NULL, 5),
(804, 2, 12, 411, 1, 1, 5, 0, 2, '2017-03-02 11:46:46', 'patient', NULL, 5),
(805, 3, 12, 411, 1, 1, 5, 0, 2, '2017-03-02 11:46:46', 'patient', NULL, 5),
(806, 4, 12, 411, 1, 1, 5, 0, 2, '2017-03-02 11:46:46', 'patient', NULL, 5),
(807, 5, 12, 411, 1, 1, 5, 0, 2, '2017-03-02 11:46:46', 'patient', NULL, 5),
(808, 1, 12, 409, 1, 2, 3, 0, 2, '2017-03-02 11:47:11', 'patient', NULL, 3),
(809, 2, 12, 409, 1, 2, 4, 0, 2, '2017-03-02 11:47:11', 'patient', NULL, 4),
(810, 3, 12, 409, 1, 2, 3, 0, 2, '2017-03-02 11:47:11', 'patient', NULL, 3),
(811, 4, 12, 409, 1, 2, 4, 0, 2, '2017-03-02 11:47:11', 'patient', NULL, 4),
(812, 5, 12, 409, 1, 2, 3, 0, 2, '2017-03-02 11:47:11', 'patient', NULL, 3),
(813, 1, 12, 416, 1, 2, 4, 0, 2, '2017-03-02 11:47:27', 'patient', NULL, 4),
(814, 2, 12, 416, 1, 2, 4, 0, 2, '2017-03-02 11:47:27', 'patient', NULL, 4),
(815, 3, 12, 416, 1, 2, 4, 0, 2, '2017-03-02 11:47:27', 'patient', NULL, 4),
(816, 4, 12, 416, 1, 2, 4, 0, 2, '2017-03-02 11:47:27', 'patient', NULL, 4),
(817, 5, 12, 416, 1, 2, 4, 0, 2, '2017-03-02 11:47:27', 'patient', NULL, 4),
(818, 1, 12, 412, 1, 2, 4, 0, 2, '2017-03-02 11:47:47', 'patient', NULL, 4),
(819, 2, 12, 412, 1, 2, 3, 0, 2, '2017-03-02 11:47:47', 'patient', NULL, 3),
(820, 3, 12, 412, 1, 2, 3, 0, 2, '2017-03-02 11:47:47', 'patient', NULL, 3),
(821, 4, 12, 412, 1, 2, 5, 0, 2, '2017-03-02 11:47:47', 'patient', NULL, 5),
(822, 5, 12, 412, 1, 2, 4, 0, 2, '2017-03-02 11:47:47', 'patient', NULL, 4),
(823, 1, 12, 413, 1, 3, 4, 0, 2, '2017-03-02 11:48:03', 'patient', NULL, 4),
(824, 2, 12, 413, 1, 3, 4, 0, 2, '2017-03-02 11:48:03', 'patient', NULL, 4),
(825, 3, 12, 413, 1, 3, 4, 0, 2, '2017-03-02 11:48:04', 'patient', NULL, 4),
(826, 4, 12, 413, 1, 3, 4, 0, 2, '2017-03-02 11:48:04', 'patient', NULL, 4),
(827, 5, 12, 413, 1, 3, 3, 0, 2, '2017-03-02 11:48:04', 'patient', NULL, 3),
(828, 1, 12, 419, 1, 3, 5, 0, 2, '2017-03-02 11:49:06', 'patient', NULL, 5),
(829, 2, 12, 419, 1, 3, 5, 0, 2, '2017-03-02 11:49:06', 'patient', NULL, 5),
(830, 3, 12, 419, 1, 3, 5, 0, 2, '2017-03-02 11:49:06', 'patient', NULL, 5),
(831, 4, 12, 419, 1, 3, 5, 0, 2, '2017-03-02 11:49:06', 'patient', NULL, 5),
(832, 5, 12, 419, 1, 3, 5, 0, 2, '2017-03-02 11:49:06', 'patient', NULL, 5),
(833, 1, 12, 410, 1, 3, 5, 0, 2, '2017-03-02 11:49:24', 'patient', NULL, 5),
(834, 2, 12, 410, 1, 3, 5, 0, 2, '2017-03-02 11:49:24', 'patient', NULL, 5),
(835, 3, 12, 410, 1, 3, 5, 0, 2, '2017-03-02 11:49:24', 'patient', NULL, 5),
(836, 4, 12, 410, 1, 3, 5, 0, 2, '2017-03-02 11:49:24', 'patient', NULL, 5),
(837, 5, 12, 410, 1, 3, 5, 0, 2, '2017-03-02 11:49:24', 'patient', NULL, 5),
(838, 1, 12, 411, 1, 1, 4, 0, 2, '2017-03-03 16:47:06', 'patient', NULL, 4),
(839, 2, 12, 411, 1, 1, 4, 0, 2, '2017-03-03 16:47:06', 'patient', NULL, 4),
(840, 3, 12, 411, 1, 1, 4, 0, 2, '2017-03-03 16:47:06', 'patient', NULL, 4),
(841, 4, 12, 411, 1, 1, 5, 0, 2, '2017-03-03 16:47:06', 'patient', NULL, 5),
(842, 5, 12, 411, 1, 1, 5, 0, 2, '2017-03-03 16:47:06', 'patient', NULL, 5),
(843, 1, 12, 408, 1, 1, 4, 0, 2, '2017-03-03 16:47:26', 'patient', NULL, 4),
(844, 2, 12, 408, 1, 1, 4, 0, 2, '2017-03-03 16:47:26', 'patient', NULL, 4),
(845, 3, 12, 408, 1, 1, 4, 0, 2, '2017-03-03 16:47:26', 'patient', NULL, 4),
(846, 4, 12, 408, 1, 1, 4, 0, 2, '2017-03-03 16:47:26', 'patient', NULL, 4),
(847, 5, 12, 408, 1, 1, 4, 0, 2, '2017-03-03 16:47:26', 'patient', NULL, 4),
(848, 1, 17, 416, 1, 2, 5, 0, 2, '2017-03-04 13:48:04', 'patient', NULL, 5),
(849, 2, 17, 416, 1, 2, 4, 0, 2, '2017-03-04 13:48:04', 'patient', NULL, 4),
(850, 3, 17, 416, 1, 2, 2, 0, 2, '2017-03-04 13:48:04', 'patient', NULL, 2),
(851, 4, 17, 416, 1, 2, 5, 0, 2, '2017-03-04 13:48:04', 'patient', NULL, 5),
(852, 5, 17, 416, 1, 2, 5, 0, 2, '2017-03-04 13:48:04', 'patient', NULL, 5),
(853, 1, 12, 411, 1, 1, 4, 0, 2, '2017-03-08 13:45:50', 'patient', NULL, 4),
(854, 2, 12, 411, 1, 1, 5, 0, 2, '2017-03-08 13:45:50', 'patient', NULL, 5),
(855, 3, 12, 411, 1, 1, 3, 0, 2, '2017-03-08 13:45:50', 'patient', NULL, 3),
(856, 4, 12, 411, 1, 1, 4, 0, 2, '2017-03-08 13:45:50', 'patient', NULL, 4),
(857, 5, 12, 411, 1, 1, 5, 0, 2, '2017-03-08 13:45:50', 'patient', NULL, 5),
(858, 1, 7, 408, 1, 1, 4, 0, 2, '2017-03-09 09:20:11', 'patient', NULL, 4),
(859, 2, 7, 408, 1, 1, 5, 0, 2, '2017-03-09 09:20:11', 'patient', NULL, 5),
(860, 3, 7, 408, 1, 1, 4, 0, 2, '2017-03-09 09:20:11', 'patient', NULL, 4),
(861, 4, 7, 408, 1, 1, 5, 0, 2, '2017-03-09 09:20:11', 'patient', NULL, 5),
(862, 5, 7, 408, 1, 1, 5, 0, 2, '2017-03-09 09:20:11', 'patient', NULL, 5),
(863, 1, 7, 411, 1, 1, 4, 0, 2, '2017-03-09 10:26:18', 'patient', NULL, 4),
(864, 1, 7, 413, 1, 3, 4, 0, 2, '2017-03-09 10:26:18', 'patient', NULL, 4),
(865, 2, 7, 411, 1, 1, 4, 0, 2, '2017-03-09 10:26:18', 'patient', NULL, 4),
(866, 2, 7, 413, 1, 3, 4, 0, 2, '2017-03-09 10:26:18', 'patient', NULL, 4),
(867, 3, 7, 411, 1, 1, 3, 0, 2, '2017-03-09 10:26:18', 'patient', NULL, 3),
(868, 3, 7, 413, 1, 3, 3, 0, 2, '2017-03-09 10:26:18', 'patient', NULL, 3),
(869, 4, 7, 411, 1, 1, 5, 0, 2, '2017-03-09 10:26:18', 'patient', NULL, 5),
(870, 4, 7, 413, 1, 3, 5, 0, 2, '2017-03-09 10:26:18', 'patient', NULL, 5),
(871, 5, 7, 411, 1, 1, 5, 0, 2, '2017-03-09 10:26:18', 'patient', NULL, 5),
(872, 5, 7, 413, 1, 3, 5, 0, 2, '2017-03-09 10:26:18', 'patient', NULL, 5),
(873, 1, 7, 411, 1, 1, 5, 0, 2, '2017-03-09 11:41:05', 'patient', NULL, 5),
(874, 2, 7, 411, 1, 1, 3, 0, 2, '2017-03-09 11:41:05', 'patient', NULL, 3),
(875, 3, 7, 411, 1, 1, 4, 0, 2, '2017-03-09 11:41:05', 'patient', NULL, 4),
(876, 4, 7, 411, 1, 1, 3, 0, 2, '2017-03-09 11:41:05', 'patient', NULL, 3),
(877, 5, 7, 411, 1, 1, 5, 0, 2, '2017-03-09 11:41:05', 'patient', NULL, 5),
(878, 1, 12, 411, 1, 1, 4, 0, 2, '2017-03-14 10:46:05', 'patient', NULL, 4),
(879, 2, 12, 411, 1, 1, 5, 0, 2, '2017-03-14 10:46:05', 'patient', NULL, 5),
(880, 3, 12, 411, 1, 1, 4, 0, 2, '2017-03-14 10:46:05', 'patient', NULL, 4),
(881, 4, 12, 411, 1, 1, 4, 0, 2, '2017-03-14 10:46:05', 'patient', NULL, 4),
(882, 5, 12, 411, 1, 1, 5, 0, 2, '2017-03-14 10:46:05', 'patient', NULL, 5),
(883, 1, 12, 413, 1, 3, 4, 0, 2, '2017-03-14 10:48:46', 'patient', NULL, 4),
(884, 2, 12, 413, 1, 3, 4, 0, 2, '2017-03-14 10:48:46', 'patient', NULL, 4),
(885, 3, 12, 413, 1, 3, 4, 0, 2, '2017-03-14 10:48:46', 'patient', NULL, 4),
(886, 4, 12, 413, 1, 3, 3, 0, 2, '2017-03-14 10:48:46', 'patient', NULL, 3),
(887, 5, 12, 413, 1, 3, 4, 0, 2, '2017-03-14 10:48:46', 'patient', NULL, 4),
(888, 1, 12, 416, 1, 2, 5, 0, 2, '2017-03-14 10:49:06', 'patient', NULL, 5),
(889, 2, 12, 416, 1, 2, 5, 0, 2, '2017-03-14 10:49:06', 'patient', NULL, 5),
(890, 3, 12, 416, 1, 2, 4, 0, 2, '2017-03-14 10:49:06', 'patient', NULL, 4),
(891, 4, 12, 416, 1, 2, 4, 0, 2, '2017-03-14 10:49:06', 'patient', NULL, 4),
(892, 5, 12, 416, 1, 2, 5, 0, 2, '2017-03-14 10:49:06', 'patient', NULL, 5),
(893, 1, 7, 411, 1, 1, 4, 0, 2, '2017-03-15 12:45:58', 'patient', NULL, 4),
(894, 2, 7, 411, 1, 1, 5, 0, 2, '2017-03-15 12:45:58', 'patient', NULL, 5),
(895, 3, 7, 411, 1, 1, 3, 0, 2, '2017-03-15 12:45:58', 'patient', NULL, 3),
(896, 4, 7, 411, 1, 1, 5, 0, 2, '2017-03-15 12:45:58', 'patient', NULL, 5),
(897, 5, 7, 411, 1, 1, 4, 0, 2, '2017-03-15 12:45:58', 'patient', NULL, 4),
(898, 1, 12, 420, 1, 2, 5, 0, 2, '2017-03-15 13:41:34', 'patient', NULL, 5),
(899, 2, 12, 420, 1, 2, 5, 0, 2, '2017-03-15 13:41:34', 'patient', NULL, 5),
(900, 3, 12, 420, 1, 2, 4, 0, 2, '2017-03-15 13:41:34', 'patient', NULL, 4),
(901, 4, 12, 420, 1, 2, 4, 0, 2, '2017-03-15 13:41:34', 'patient', NULL, 4),
(902, 5, 12, 420, 1, 2, 5, 0, 2, '2017-03-15 13:41:34', 'patient', NULL, 5),
(903, 1, 12, 416, 1, 2, 4, 0, 2, '2017-03-15 13:41:52', 'patient', NULL, 4),
(904, 2, 12, 416, 1, 2, 4, 0, 2, '2017-03-15 13:41:52', 'patient', NULL, 4),
(905, 3, 12, 416, 1, 2, 4, 0, 2, '2017-03-15 13:41:52', 'patient', NULL, 4),
(906, 4, 12, 416, 1, 2, 4, 0, 2, '2017-03-15 13:41:52', 'patient', NULL, 4),
(907, 5, 12, 416, 1, 2, 4, 0, 2, '2017-03-15 13:41:52', 'patient', NULL, 4),
(908, 1, 12, 408, 1, 1, 4, 0, 2, '2017-03-15 13:42:11', 'patient', NULL, 4),
(909, 2, 12, 408, 1, 1, 4, 0, 2, '2017-03-15 13:42:11', 'patient', NULL, 4),
(910, 3, 12, 408, 1, 1, 5, 0, 2, '2017-03-15 13:42:11', 'patient', NULL, 5),
(911, 4, 12, 408, 1, 1, 4, 0, 2, '2017-03-15 13:42:11', 'patient', NULL, 4),
(912, 5, 12, 408, 1, 1, 4, 0, 2, '2017-03-15 13:42:11', 'patient', NULL, 4),
(913, 1, 12, 421, 1, 1, 5, 0, 2, '2017-03-15 13:43:14', 'patient', NULL, 5),
(914, 2, 12, 421, 1, 1, 5, 0, 2, '2017-03-15 13:43:14', 'patient', NULL, 5),
(915, 3, 12, 421, 1, 1, 4, 0, 2, '2017-03-15 13:43:14', 'patient', NULL, 4),
(916, 4, 12, 421, 1, 1, 5, 0, 2, '2017-03-15 13:43:14', 'patient', NULL, 5),
(917, 5, 12, 421, 1, 1, 5, 0, 2, '2017-03-15 13:43:14', 'patient', NULL, 5),
(918, 1, 12, 414, 1, 1, 5, 0, 2, '2017-03-15 13:44:44', 'patient', NULL, 5),
(919, 2, 12, 414, 1, 1, 4, 0, 2, '2017-03-15 13:44:44', 'patient', NULL, 4),
(920, 3, 12, 414, 1, 1, 4, 0, 2, '2017-03-15 13:44:44', 'patient', NULL, 4),
(921, 4, 12, 414, 1, 1, 4, 0, 2, '2017-03-15 13:44:44', 'patient', NULL, 4),
(922, 5, 12, 414, 1, 1, 4, 0, 2, '2017-03-15 13:44:44', 'patient', NULL, 4),
(923, 1, 6, 411, 1, 1, 5, 0, 2, '2017-03-15 19:28:36', 'patient', NULL, 5),
(924, 2, 6, 411, 1, 1, 4, 0, 2, '2017-03-15 19:28:36', 'patient', NULL, 4),
(925, 3, 6, 411, 1, 1, 4, 0, 2, '2017-03-15 19:28:36', 'patient', NULL, 4),
(926, 4, 6, 411, 1, 1, 5, 0, 2, '2017-03-15 19:28:36', 'patient', NULL, 5),
(927, 5, 6, 411, 1, 1, 4, 0, 2, '2017-03-15 19:28:36', 'patient', NULL, 4),
(928, 1, 12, 411, 1, 1, 4, 0, 2, '2017-03-17 12:31:05', 'patient', NULL, 4),
(929, 2, 12, 411, 1, 1, 5, 0, 2, '2017-03-17 12:31:05', 'patient', NULL, 5),
(930, 3, 12, 411, 1, 1, 3, 0, 2, '2017-03-17 12:31:05', 'patient', NULL, 3),
(931, 4, 12, 411, 1, 1, 5, 0, 2, '2017-03-17 12:31:05', 'patient', NULL, 5),
(932, 5, 12, 411, 1, 1, 5, 0, 2, '2017-03-17 12:31:05', 'patient', NULL, 5),
(933, 1, 12, 409, 1, 2, 5, 0, 2, '2017-03-17 12:31:23', 'patient', NULL, 5),
(934, 2, 12, 409, 1, 2, 5, 0, 2, '2017-03-17 12:31:23', 'patient', NULL, 5),
(935, 3, 12, 409, 1, 2, 5, 0, 2, '2017-03-17 12:31:23', 'patient', NULL, 5),
(936, 4, 12, 409, 1, 2, 3, 0, 2, '2017-03-17 12:31:23', 'patient', NULL, 3),
(937, 5, 12, 409, 1, 2, 2, 0, 2, '2017-03-17 12:31:23', 'patient', NULL, 2),
(938, 1, 12, 413, 1, 3, 3, 0, 2, '2017-03-17 12:31:39', 'patient', NULL, 3),
(939, 2, 12, 413, 1, 3, 4, 0, 2, '2017-03-17 12:31:39', 'patient', NULL, 4),
(940, 3, 12, 413, 1, 3, 4, 0, 2, '2017-03-17 12:31:39', 'patient', NULL, 4),
(941, 4, 12, 413, 1, 3, 4, 0, 2, '2017-03-17 12:31:39', 'patient', NULL, 4),
(942, 5, 12, 413, 1, 3, 5, 0, 2, '2017-03-17 12:31:39', 'patient', NULL, 5),
(943, 1, 12, 411, 1, 2, 4, 0, 2, '2017-03-17 12:41:11', 'patient', NULL, 4),
(944, 2, 12, 411, 1, 2, 4, 0, 2, '2017-03-17 12:41:11', 'patient', NULL, 4),
(945, 3, 12, 411, 1, 2, 4, 0, 2, '2017-03-17 12:41:11', 'patient', NULL, 4),
(946, 4, 12, 411, 1, 2, 4, 0, 2, '2017-03-17 12:41:11', 'patient', NULL, 4),
(947, 5, 12, 411, 1, 2, 4, 0, 2, '2017-03-17 12:41:11', 'patient', NULL, 4),
(948, 1, 7, 411, 1, 2, 5, 0, 2, '2017-03-20 13:34:06', 'patient', NULL, 5),
(949, 2, 7, 411, 1, 2, 4, 0, 2, '2017-03-20 13:34:06', 'patient', NULL, 4),
(950, 3, 7, 411, 1, 2, 4, 0, 2, '2017-03-20 13:34:06', 'patient', NULL, 4),
(951, 4, 7, 411, 1, 2, 5, 0, 2, '2017-03-20 13:34:06', 'patient', NULL, 5),
(952, 5, 7, 411, 1, 2, 5, 0, 2, '2017-03-20 13:34:06', 'patient', NULL, 5),
(953, 1, 12, 408, 1, 1, 4, 0, 2, '2017-03-20 19:30:33', 'patient', NULL, 4),
(954, 2, 12, 408, 1, 1, 4, 0, 2, '2017-03-20 19:30:34', 'patient', NULL, 4),
(955, 3, 12, 408, 1, 1, 3, 0, 2, '2017-03-20 19:30:34', 'patient', NULL, 3),
(956, 4, 12, 408, 1, 1, 4, 0, 2, '2017-03-20 19:30:34', 'patient', NULL, 4),
(957, 5, 12, 408, 1, 1, 3, 0, 2, '2017-03-20 19:30:34', 'patient', NULL, 3),
(958, 1, 12, 413, 1, 3, 4, 0, 2, '2017-03-20 19:30:58', 'patient', NULL, 4),
(959, 2, 12, 413, 1, 3, 4, 0, 2, '2017-03-20 19:30:58', 'patient', NULL, 4),
(960, 3, 12, 413, 1, 3, 4, 0, 2, '2017-03-20 19:30:58', 'patient', NULL, 4),
(961, 4, 12, 413, 1, 3, 4, 0, 2, '2017-03-20 19:30:58', 'patient', NULL, 4),
(962, 5, 12, 413, 1, 3, 4, 0, 2, '2017-03-20 19:30:58', 'patient', NULL, 4),
(963, 1, 7, 411, 1, 2, 5, 0, 2, '2017-03-21 12:24:24', 'patient', NULL, 5),
(964, 2, 7, 411, 1, 2, 4, 0, 2, '2017-03-21 12:24:24', 'patient', NULL, 4),
(965, 3, 7, 411, 1, 2, 4, 0, 2, '2017-03-21 12:24:24', 'patient', NULL, 4),
(966, 4, 7, 411, 1, 2, 5, 0, 2, '2017-03-21 12:24:24', 'patient', NULL, 5),
(967, 5, 7, 411, 1, 2, 5, 0, 2, '2017-03-21 12:24:24', 'patient', NULL, 5),
(968, 1, 7, 408, 1, 1, 4, 0, 2, '2017-03-21 13:41:08', 'patient', NULL, 4),
(969, 2, 7, 408, 1, 1, 5, 0, 2, '2017-03-21 13:41:08', 'patient', NULL, 5),
(970, 3, 7, 408, 1, 1, 5, 0, 2, '2017-03-21 13:41:08', 'patient', NULL, 5),
(971, 4, 7, 408, 1, 1, 3, 0, 2, '2017-03-21 13:41:08', 'patient', NULL, 3),
(972, 5, 7, 408, 1, 1, 5, 0, 2, '2017-03-21 13:41:08', 'patient', NULL, 5),
(973, 1, 7, 413, 1, 3, 5, 0, 2, '2017-03-21 13:41:33', 'patient', NULL, 5),
(974, 2, 7, 413, 1, 3, 5, 0, 2, '2017-03-21 13:41:33', 'patient', NULL, 5),
(975, 3, 7, 413, 1, 3, 4, 0, 2, '2017-03-21 13:41:33', 'patient', NULL, 4),
(976, 4, 7, 413, 1, 3, 5, 0, 2, '2017-03-21 13:41:33', 'patient', NULL, 5),
(977, 5, 7, 413, 1, 3, 5, 0, 2, '2017-03-21 13:41:33', 'patient', NULL, 5),
(978, 1, 7, 410, 1, 3, 5, 0, 2, '2017-03-21 13:41:54', 'patient', NULL, 5),
(979, 2, 7, 410, 1, 3, 5, 0, 2, '2017-03-21 13:41:54', 'patient', NULL, 5),
(980, 3, 7, 410, 1, 3, 3, 0, 2, '2017-03-21 13:41:54', 'patient', NULL, 3),
(981, 4, 7, 410, 1, 3, 4, 0, 2, '2017-03-21 13:41:54', 'patient', NULL, 4),
(982, 5, 7, 410, 1, 3, 5, 0, 2, '2017-03-21 13:41:54', 'patient', NULL, 5),
(983, 1, 7, 415, 1, 1, 3, 0, 2, '2017-03-21 13:42:28', 'patient', NULL, 3),
(984, 2, 7, 415, 1, 1, 3, 0, 2, '2017-03-21 13:42:28', 'patient', NULL, 3),
(985, 3, 7, 415, 1, 1, 4, 0, 2, '2017-03-21 13:42:28', 'patient', NULL, 4),
(986, 4, 7, 415, 1, 1, 3, 0, 2, '2017-03-21 13:42:28', 'patient', NULL, 3),
(987, 5, 7, 415, 1, 1, 3, 0, 2, '2017-03-21 13:42:28', 'patient', NULL, 3),
(988, 1, 7, 411, 1, 2, 5, 0, 2, '2017-03-22 12:29:36', 'patient', NULL, 5),
(989, 2, 7, 411, 1, 2, 4, 0, 2, '2017-03-22 12:29:36', 'patient', NULL, 4),
(990, 3, 7, 411, 1, 2, 3, 0, 2, '2017-03-22 12:29:36', 'patient', NULL, 3),
(991, 4, 7, 411, 1, 2, 5, 0, 2, '2017-03-22 12:29:36', 'patient', NULL, 5),
(992, 5, 7, 411, 1, 2, 4, 0, 2, '2017-03-22 12:29:36', 'patient', NULL, 4),
(993, 1, 7, 425, 1, 3, 5, 0, 2, '2017-03-23 13:47:42', 'patient', NULL, 5),
(994, 2, 7, 425, 1, 3, 5, 0, 2, '2017-03-23 13:47:42', 'patient', NULL, 5),
(995, 3, 7, 425, 1, 3, 4, 0, 2, '2017-03-23 13:47:42', 'patient', NULL, 4),
(996, 4, 7, 425, 1, 3, 5, 0, 2, '2017-03-23 13:47:42', 'patient', NULL, 5),
(997, 5, 7, 425, 1, 3, 5, 0, 2, '2017-03-23 13:47:42', 'patient', NULL, 5),
(998, 1, 7, 412, 1, 2, 2, 0, 2, '2017-03-23 13:48:08', 'patient', NULL, 2),
(999, 2, 7, 412, 1, 2, 3, 0, 2, '2017-03-23 13:48:08', 'patient', NULL, 3),
(1000, 3, 7, 412, 1, 2, 2, 0, 2, '2017-03-23 13:48:08', 'patient', NULL, 2),
(1001, 4, 7, 412, 1, 2, 3, 0, 2, '2017-03-23 13:48:08', 'patient', NULL, 3),
(1002, 5, 7, 412, 1, 2, 2, 0, 2, '2017-03-23 13:48:08', 'patient', NULL, 2),
(1003, 1, 7, 409, 1, 2, 4, 0, 2, '2017-03-23 13:48:37', 'patient', NULL, 4),
(1004, 2, 7, 409, 1, 2, 4, 0, 2, '2017-03-23 13:48:37', 'patient', NULL, 4),
(1005, 3, 7, 409, 1, 2, 4, 0, 2, '2017-03-23 13:48:37', 'patient', NULL, 4),
(1006, 4, 7, 409, 1, 2, 2, 0, 2, '2017-03-23 13:48:37', 'patient', NULL, 2),
(1007, 5, 7, 409, 1, 2, 4, 0, 2, '2017-03-23 13:48:37', 'patient', NULL, 4),
(1008, 1, 7, 411, 1, 2, 4, 0, 2, '2017-03-23 15:26:49', 'patient', NULL, 4),
(1009, 2, 7, 411, 1, 2, 4, 0, 2, '2017-03-23 15:26:49', 'patient', NULL, 4),
(1010, 3, 7, 411, 1, 2, 3, 0, 2, '2017-03-23 15:26:49', 'patient', NULL, 3),
(1011, 4, 7, 411, 1, 2, 5, 0, 2, '2017-03-23 15:26:49', 'patient', NULL, 5),
(1012, 5, 7, 411, 1, 2, 5, 0, 2, '2017-03-23 15:26:49', 'patient', NULL, 5),
(1013, 1, 7, 395, 1, 1, 4, 0, 2, '2017-03-24 13:16:51', 'patient', NULL, 4),
(1014, 2, 7, 395, 1, 1, 4, 0, 2, '2017-03-24 13:16:51', 'patient', NULL, 4),
(1015, 3, 7, 395, 1, 1, 5, 0, 2, '2017-03-24 13:16:52', 'patient', NULL, 5),
(1016, 4, 7, 395, 1, 1, 4, 0, 2, '2017-03-24 13:16:52', 'patient', NULL, 4),
(1017, 5, 7, 395, 1, 1, 5, 0, 2, '2017-03-24 13:16:52', 'patient', NULL, 5),
(1018, 1, 7, 408, 1, 1, 4, 0, 2, '2017-03-24 13:38:18', 'patient', NULL, 4),
(1019, 2, 7, 408, 1, 1, 3, 0, 2, '2017-03-24 13:38:18', 'patient', NULL, 3),
(1020, 3, 7, 408, 1, 1, 3, 0, 2, '2017-03-24 13:38:18', 'patient', NULL, 3),
(1021, 4, 7, 408, 1, 1, 3, 0, 2, '2017-03-24 13:38:18', 'patient', NULL, 3),
(1022, 5, 7, 408, 1, 1, 3, 0, 2, '2017-03-24 13:38:18', 'patient', NULL, 3),
(1023, 1, 7, 411, 1, 2, 4, 0, 2, '2017-03-24 14:15:13', 'patient', NULL, 4),
(1024, 2, 7, 411, 1, 2, 5, 0, 2, '2017-03-24 14:15:13', 'patient', NULL, 5),
(1025, 3, 7, 411, 1, 2, 3, 0, 2, '2017-03-24 14:15:13', 'patient', NULL, 3),
(1026, 4, 7, 411, 1, 2, 5, 0, 2, '2017-03-24 14:15:13', 'patient', NULL, 5),
(1027, 5, 7, 411, 1, 2, 5, 0, 2, '2017-03-24 14:15:13', 'patient', NULL, 5),
(1028, 1, 7, 411, 1, 2, 4, 0, 2, '2017-03-27 11:59:40', 'patient', NULL, 4),
(1029, 2, 7, 411, 1, 2, 4, 0, 2, '2017-03-27 11:59:40', 'patient', NULL, 4),
(1030, 3, 7, 411, 1, 2, 3, 0, 2, '2017-03-27 11:59:40', 'patient', NULL, 3),
(1031, 4, 7, 411, 1, 2, 5, 0, 2, '2017-03-27 11:59:40', 'patient', NULL, 5),
(1032, 5, 7, 411, 1, 2, 4, 0, 2, '2017-03-27 11:59:40', 'patient', NULL, 4),
(1033, 1, 17, 411, 1, 2, 5, 0, 2, '2017-03-27 15:05:12', 'patient', NULL, 5),
(1034, 2, 17, 411, 1, 2, 5, 0, 2, '2017-03-27 15:05:12', 'patient', NULL, 5),
(1035, 3, 17, 411, 1, 2, 3, 0, 2, '2017-03-27 15:05:12', 'patient', NULL, 3),
(1036, 4, 17, 411, 1, 2, 5, 0, 2, '2017-03-27 15:05:12', 'patient', NULL, 5),
(1037, 5, 17, 411, 1, 2, 4, 0, 2, '2017-03-27 15:05:12', 'patient', NULL, 4),
(1038, 1, 7, 18, 1, 2, 3, 0, 2, '2017-03-29 09:35:37', 'patient', NULL, 3),
(1039, 2, 7, 18, 1, 2, 3, 0, 2, '2017-03-29 09:35:37', 'patient', NULL, 3),
(1040, 3, 7, 18, 1, 2, 4, 0, 2, '2017-03-29 09:35:37', 'patient', NULL, 4),
(1041, 4, 7, 18, 1, 2, 3, 0, 2, '2017-03-29 09:35:37', 'patient', NULL, 3),
(1042, 5, 7, 18, 1, 2, 3, 0, 2, '2017-03-29 09:35:37', 'patient', NULL, 3),
(1043, 1, 7, 415, 1, 1, 3, 0, 2, '2017-03-29 09:36:06', 'patient', NULL, 3),
(1044, 2, 7, 415, 1, 1, 4, 0, 2, '2017-03-29 09:36:06', 'patient', NULL, 4),
(1045, 3, 7, 415, 1, 1, 3, 0, 2, '2017-03-29 09:36:06', 'patient', NULL, 3),
(1046, 4, 7, 415, 1, 1, 4, 0, 2, '2017-03-29 09:36:06', 'patient', NULL, 4),
(1047, 5, 7, 415, 1, 1, 4, 0, 2, '2017-03-29 09:36:06', 'patient', NULL, 4),
(1048, 1, 7, 411, 1, 2, 4, 0, 2, '2017-03-29 11:04:05', 'patient', NULL, 4),
(1049, 2, 7, 411, 1, 2, 5, 0, 2, '2017-03-29 11:04:05', 'patient', NULL, 5),
(1050, 3, 7, 411, 1, 2, 3, 0, 2, '2017-03-29 11:04:05', 'patient', NULL, 3),
(1051, 4, 7, 411, 1, 2, 5, 0, 2, '2017-03-29 11:04:05', 'patient', NULL, 5),
(1052, 5, 7, 411, 1, 2, 5, 0, 2, '2017-03-29 11:04:05', 'patient', NULL, 5),
(1053, 1, 12, 408, 1, 1, 4, 0, 2, '2017-03-29 19:12:30', 'patient', NULL, 4),
(1054, 2, 12, 408, 1, 1, 4, 0, 2, '2017-03-29 19:12:30', 'patient', NULL, 4),
(1055, 3, 12, 408, 1, 1, 3, 0, 2, '2017-03-29 19:12:30', 'patient', NULL, 3),
(1056, 4, 12, 408, 1, 1, 3, 0, 2, '2017-03-29 19:12:30', 'patient', NULL, 3),
(1057, 5, 12, 408, 1, 1, 3, 0, 2, '2017-03-29 19:12:30', 'patient', NULL, 3),
(1058, 1, 12, 415, 1, 1, 4, 0, 2, '2017-03-29 19:12:50', 'patient', NULL, 4),
(1059, 2, 12, 415, 1, 1, 4, 0, 2, '2017-03-29 19:12:50', 'patient', NULL, 4),
(1060, 3, 12, 415, 1, 1, 3, 0, 2, '2017-03-29 19:12:50', 'patient', NULL, 3),
(1061, 4, 12, 415, 1, 1, 3, 0, 2, '2017-03-29 19:12:50', 'patient', NULL, 3),
(1062, 5, 12, 415, 1, 1, 3, 0, 2, '2017-03-29 19:12:50', 'patient', NULL, 3),
(1063, 1, 12, 413, 1, 3, 4, 0, 2, '2017-03-29 19:13:07', 'patient', NULL, 4),
(1064, 2, 12, 413, 1, 3, 4, 0, 2, '2017-03-29 19:13:07', 'patient', NULL, 4),
(1065, 3, 12, 413, 1, 3, 4, 0, 2, '2017-03-29 19:13:07', 'patient', NULL, 4),
(1066, 4, 12, 413, 1, 3, 4, 0, 2, '2017-03-29 19:13:07', 'patient', NULL, 4),
(1067, 5, 12, 413, 1, 3, 4, 0, 2, '2017-03-29 19:13:07', 'patient', NULL, 4),
(1068, 1, 12, 409, 1, 2, 4, 0, 2, '2017-03-29 19:13:26', 'patient', NULL, 4),
(1069, 2, 12, 409, 1, 2, 5, 0, 2, '2017-03-29 19:13:26', 'patient', NULL, 5),
(1070, 3, 12, 409, 1, 2, 5, 0, 2, '2017-03-29 19:13:26', 'patient', NULL, 5),
(1071, 4, 12, 409, 1, 2, 5, 0, 2, '2017-03-29 19:13:26', 'patient', NULL, 5),
(1072, 5, 12, 409, 1, 2, 5, 0, 2, '2017-03-29 19:13:26', 'patient', NULL, 5),
(1073, 1, 12, 412, 1, 2, 4, 0, 2, '2017-03-29 20:03:55', 'patient', NULL, 4),
(1074, 2, 12, 412, 1, 2, 5, 0, 2, '2017-03-29 20:03:55', 'patient', NULL, 5),
(1075, 3, 12, 412, 1, 2, 5, 0, 2, '2017-03-29 20:03:55', 'patient', NULL, 5),
(1076, 4, 12, 412, 1, 2, 4, 0, 2, '2017-03-29 20:03:55', 'patient', NULL, 4),
(1077, 5, 12, 412, 1, 2, 5, 0, 2, '2017-03-29 20:03:55', 'patient', NULL, 5),
(1078, 1, 7, 411, 1, 2, 5, 0, 2, '2017-03-30 10:37:16', 'patient', NULL, 5),
(1079, 2, 7, 411, 1, 2, 4, 0, 2, '2017-03-30 10:37:16', 'patient', NULL, 4),
(1080, 3, 7, 411, 1, 2, 3, 0, 2, '2017-03-30 10:37:16', 'patient', NULL, 3),
(1081, 4, 7, 411, 1, 2, 5, 0, 2, '2017-03-30 10:37:16', 'patient', NULL, 5),
(1082, 5, 7, 411, 1, 2, 4, 0, 2, '2017-03-30 10:37:16', 'patient', NULL, 4),
(1083, 1, 7, 411, 1, 2, 4, 0, 2, '2017-03-30 18:02:31', 'patient', NULL, 4),
(1084, 2, 7, 411, 1, 2, 5, 0, 2, '2017-03-30 18:02:31', 'patient', NULL, 5),
(1085, 3, 7, 411, 1, 2, 3, 0, 2, '2017-03-30 18:02:32', 'patient', NULL, 3),
(1086, 4, 7, 411, 1, 2, 5, 0, 2, '2017-03-30 18:02:32', 'patient', NULL, 5),
(1087, 5, 7, 411, 1, 2, 5, 0, 2, '2017-03-30 18:02:32', 'patient', NULL, 5),
(1088, 1, 12, 409, 1, 2, 4, 0, 2, '2017-04-06 14:56:20', 'patient', NULL, 4),
(1089, 2, 12, 409, 1, 2, 4, 0, 2, '2017-04-06 14:56:20', 'patient', NULL, 4),
(1090, 3, 12, 409, 1, 2, 4, 0, 2, '2017-04-06 14:56:20', 'patient', NULL, 4),
(1091, 4, 12, 409, 1, 2, 3, 0, 2, '2017-04-06 14:56:20', 'patient', NULL, 3),
(1092, 5, 12, 409, 1, 2, 3, 0, 2, '2017-04-06 14:56:20', 'patient', NULL, 3),
(1093, 1, 1, 399, 2, 1, 4, 0, 2, '2017-04-18 12:32:10', 'patient', NULL, 4),
(1094, 2, 1, 399, 2, 1, 5, 0, 2, '2017-04-18 12:32:10', 'patient', NULL, 5),
(1095, 3, 1, 399, 2, 1, 5, 0, 2, '2017-04-18 12:32:10', 'patient', NULL, 5),
(1096, 4, 1, 399, 2, 1, 3, 0, 2, '2017-04-18 12:32:10', 'patient', NULL, 3),
(1097, 5, 1, 399, 2, 1, 5, 0, 2, '2017-04-18 12:32:10', 'patient', NULL, 5),
(1098, 1, 17, 411, 1, 2, 5, 0, 2, '2017-04-20 10:38:10', 'patient', NULL, 5),
(1099, 2, 17, 411, 1, 2, 5, 0, 2, '2017-04-20 10:38:10', 'patient', NULL, 5),
(1100, 3, 17, 411, 1, 2, 5, 0, 2, '2017-04-20 10:38:10', 'patient', NULL, 5),
(1101, 4, 17, 411, 1, 2, 5, 0, 2, '2017-04-20 10:38:10', 'patient', NULL, 5),
(1102, 5, 17, 411, 1, 2, 5, 0, 2, '2017-04-20 10:38:10', 'patient', NULL, 5),
(1103, 1, 7, 411, 1, 2, 4, 0, 2, '2017-04-27 13:28:25', 'patient', NULL, 4),
(1104, 2, 7, 411, 1, 2, 4, 0, 2, '2017-04-27 13:28:25', 'patient', NULL, 4),
(1105, 3, 7, 411, 1, 2, 3, 0, 2, '2017-04-27 13:28:25', 'patient', NULL, 3),
(1106, 4, 7, 411, 1, 2, 5, 0, 2, '2017-04-27 13:28:25', 'patient', NULL, 5),
(1107, 5, 7, 411, 1, 2, 5, 0, 2, '2017-04-27 13:28:25', 'patient', NULL, 5),
(1108, 1, 12, 416, 1, 2, 5, 0, 2, '2017-04-27 15:59:29', 'patient', NULL, 5),
(1109, 2, 12, 416, 1, 2, 5, 0, 2, '2017-04-27 15:59:29', 'patient', NULL, 5),
(1110, 3, 12, 416, 1, 2, 5, 0, 2, '2017-04-27 15:59:29', 'patient', NULL, 5),
(1111, 4, 12, 416, 1, 2, 4, 0, 2, '2017-04-27 15:59:29', 'patient', NULL, 4),
(1112, 5, 12, 416, 1, 2, 5, 0, 2, '2017-04-27 15:59:29', 'patient', NULL, 5),
(1113, 1, 12, 421, 1, 1, 4, 0, 2, '2017-04-27 16:01:47', 'patient', NULL, 4),
(1114, 2, 12, 421, 1, 1, 4, 0, 2, '2017-04-27 16:01:47', 'patient', NULL, 4),
(1115, 3, 12, 421, 1, 1, 4, 0, 2, '2017-04-27 16:01:47', 'patient', NULL, 4),
(1116, 4, 12, 421, 1, 1, 5, 0, 2, '2017-04-27 16:01:47', 'patient', NULL, 5),
(1117, 5, 12, 421, 1, 1, 5, 0, 2, '2017-04-27 16:01:47', 'patient', NULL, 5),
(1118, 1, 12, 395, 1, 1, 5, 0, 2, '2017-04-27 16:03:07', 'patient', NULL, 5),
(1119, 2, 12, 395, 1, 1, 5, 0, 2, '2017-04-27 16:03:07', 'patient', NULL, 5),
(1120, 3, 12, 395, 1, 1, 5, 0, 2, '2017-04-27 16:03:07', 'patient', NULL, 5),
(1121, 4, 12, 395, 1, 1, 5, 0, 2, '2017-04-27 16:03:07', 'patient', NULL, 5),
(1122, 5, 12, 395, 1, 1, 5, 0, 2, '2017-04-27 16:03:07', 'patient', NULL, 5),
(1123, 1, 12, 416, 1, 2, 5, 0, 2, '2017-04-27 16:04:59', 'patient', NULL, 5),
(1124, 2, 12, 416, 1, 2, 5, 0, 2, '2017-04-27 16:04:59', 'patient', NULL, 5),
(1125, 3, 12, 416, 1, 2, 5, 0, 2, '2017-04-27 16:04:59', 'patient', NULL, 5),
(1126, 4, 12, 416, 1, 2, 5, 0, 2, '2017-04-27 16:04:59', 'patient', NULL, 5),
(1127, 5, 12, 416, 1, 2, 5, 0, 2, '2017-04-27 16:04:59', 'patient', NULL, 5),
(1128, 1, 15, 397, 3, 3, 5, 0, 2, '2017-04-27 16:12:49', 'patient', NULL, 5),
(1129, 2, 15, 397, 3, 3, 5, 0, 2, '2017-04-27 16:12:49', 'patient', NULL, 5),
(1130, 3, 15, 397, 3, 3, 5, 0, 2, '2017-04-27 16:12:49', 'patient', NULL, 5),
(1131, 4, 15, 397, 3, 3, 5, 0, 2, '2017-04-27 16:12:49', 'patient', NULL, 5),
(1132, 5, 15, 397, 3, 3, 5, 0, 2, '2017-04-27 16:12:49', 'patient', NULL, 5),
(1133, 6, 15, 397, 3, 3, 5, 0, 2, '2017-04-27 16:12:49', 'patient', NULL, 5),
(1134, 1, 7, 395, 1, 1, 4, 0, 2, '2017-05-01 18:59:38', 'patient', NULL, 4),
(1135, 2, 7, 395, 1, 1, 5, 0, 2, '2017-05-01 18:59:38', 'patient', NULL, 5),
(1136, 3, 7, 395, 1, 1, 5, 0, 2, '2017-05-01 18:59:38', 'patient', NULL, 5),
(1137, 4, 7, 395, 1, 1, 4, 0, 2, '2017-05-01 18:59:38', 'patient', NULL, 4),
(1138, 5, 7, 395, 1, 1, 4, 0, 2, '2017-05-01 18:59:38', 'patient', NULL, 4),
(1139, 1, 17, 411, 1, 2, 5, 0, 2, '2017-05-02 12:46:42', 'patient', NULL, 5),
(1140, 2, 17, 411, 1, 2, 4, 0, 2, '2017-05-02 12:46:42', 'patient', NULL, 4),
(1141, 3, 17, 411, 1, 2, 5, 0, 2, '2017-05-02 12:46:42', 'patient', NULL, 5),
(1142, 4, 17, 411, 1, 2, 4, 0, 2, '2017-05-02 12:46:42', 'patient', NULL, 4),
(1143, 5, 17, 411, 1, 2, 5, 0, 2, '2017-05-02 12:46:42', 'patient', NULL, 5),
(1144, 1, 7, 411, 1, 2, 4, 0, 2, '2017-05-07 17:47:59', 'patient', NULL, 4),
(1145, 2, 7, 411, 1, 2, 5, 0, 2, '2017-05-07 17:48:00', 'patient', NULL, 5),
(1146, 3, 7, 411, 1, 2, 3, 0, 2, '2017-05-07 17:48:00', 'patient', NULL, 3),
(1147, 4, 7, 411, 1, 2, 4, 0, 2, '2017-05-07 17:48:00', 'patient', NULL, 4),
(1148, 5, 7, 411, 1, 2, 5, 0, 2, '2017-05-07 17:48:00', 'patient', NULL, 5),
(1149, 1, 12, 411, 1, 2, 4, 0, 2, '2017-05-09 16:31:48', 'patient', NULL, 4),
(1150, 2, 12, 411, 1, 2, 4, 0, 2, '2017-05-09 16:31:48', 'patient', NULL, 4),
(1151, 3, 12, 411, 1, 2, 5, 0, 2, '2017-05-09 16:31:48', 'patient', NULL, 5),
(1152, 4, 12, 411, 1, 2, 5, 0, 2, '2017-05-09 16:31:48', 'patient', NULL, 5),
(1153, 5, 12, 411, 1, 2, 4, 0, 2, '2017-05-09 16:31:48', 'patient', NULL, 4),
(1154, 1, 12, 412, 1, 2, 4, 0, 2, '2017-05-09 16:34:22', 'patient', NULL, 4),
(1155, 2, 12, 412, 1, 2, 4, 0, 2, '2017-05-09 16:34:23', 'patient', NULL, 4),
(1156, 3, 12, 412, 1, 2, 4, 0, 2, '2017-05-09 16:34:23', 'patient', NULL, 4),
(1157, 4, 12, 412, 1, 2, 4, 0, 2, '2017-05-09 16:34:23', 'patient', NULL, 4),
(1158, 5, 12, 412, 1, 2, 4, 0, 2, '2017-05-09 16:34:23', 'patient', NULL, 4),
(1159, 1, 12, 425, 1, 3, 4, 0, 2, '2017-05-09 16:34:47', 'patient', NULL, 4),
(1160, 2, 12, 425, 1, 3, 4, 0, 2, '2017-05-09 16:34:47', 'patient', NULL, 4),
(1161, 3, 12, 425, 1, 3, 4, 0, 2, '2017-05-09 16:34:47', 'patient', NULL, 4),
(1162, 4, 12, 425, 1, 3, 3, 0, 2, '2017-05-09 16:34:47', 'patient', NULL, 3),
(1163, 5, 12, 425, 1, 3, 3, 0, 2, '2017-05-09 16:34:47', 'patient', NULL, 3),
(1164, 1, 12, 395, 1, 1, 5, 0, 2, '2017-05-09 16:35:05', 'patient', NULL, 5),
(1165, 2, 12, 395, 1, 1, 5, 0, 2, '2017-05-09 16:35:05', 'patient', NULL, 5),
(1166, 3, 12, 395, 1, 1, 5, 0, 2, '2017-05-09 16:35:05', 'patient', NULL, 5),
(1167, 4, 12, 395, 1, 1, 5, 0, 2, '2017-05-09 16:35:05', 'patient', NULL, 5),
(1168, 5, 12, 395, 1, 1, 5, 0, 2, '2017-05-09 16:35:05', 'patient', NULL, 5),
(1169, 1, 12, 421, 1, 1, 5, 0, 2, '2017-05-10 17:19:07', 'patient', NULL, 5),
(1170, 2, 12, 421, 1, 1, 4, 0, 2, '2017-05-10 17:19:07', 'patient', NULL, 4),
(1171, 3, 12, 421, 1, 1, 4, 0, 2, '2017-05-10 17:19:07', 'patient', NULL, 4),
(1172, 4, 12, 421, 1, 1, 5, 0, 2, '2017-05-10 17:19:07', 'patient', NULL, 5),
(1173, 5, 12, 421, 1, 1, 5, 0, 2, '2017-05-10 17:19:07', 'patient', NULL, 5),
(1174, 1, 12, 411, 1, 2, 4, 0, 2, '2017-05-10 17:51:27', 'patient', NULL, 4),
(1175, 2, 12, 411, 1, 2, 5, 0, 2, '2017-05-10 17:51:27', 'patient', NULL, 5),
(1176, 3, 12, 411, 1, 2, 3, 0, 2, '2017-05-10 17:51:27', 'patient', NULL, 3),
(1177, 4, 12, 411, 1, 2, 4, 0, 2, '2017-05-10 17:51:27', 'patient', NULL, 4),
(1178, 5, 12, 411, 1, 2, 5, 0, 2, '2017-05-10 17:51:27', 'patient', NULL, 5),
(1179, 1, 7, 409, 1, 2, 3, 0, 2, '2017-05-11 13:20:03', 'patient', NULL, 3),
(1180, 2, 7, 409, 1, 2, 4, 0, 2, '2017-05-11 13:20:03', 'patient', NULL, 4),
(1181, 3, 7, 409, 1, 2, 3, 0, 2, '2017-05-11 13:20:03', 'patient', NULL, 3),
(1182, 4, 7, 409, 1, 2, 4, 0, 2, '2017-05-11 13:20:03', 'patient', NULL, 4),
(1183, 5, 7, 409, 1, 2, 4, 0, 2, '2017-05-11 13:20:03', 'patient', NULL, 4),
(1184, 1, 7, 414, 1, 1, 5, 0, 2, '2017-05-11 13:20:21', 'patient', NULL, 5),
(1185, 2, 7, 414, 1, 1, 5, 0, 2, '2017-05-11 13:20:21', 'patient', NULL, 5),
(1186, 3, 7, 414, 1, 1, 3, 0, 2, '2017-05-11 13:20:21', 'patient', NULL, 3),
(1187, 4, 7, 414, 1, 1, 4, 0, 2, '2017-05-11 13:20:21', 'patient', NULL, 4),
(1188, 5, 7, 414, 1, 1, 5, 0, 2, '2017-05-11 13:20:21', 'patient', NULL, 5),
(1189, 1, 7, 411, 1, 2, 4, 0, 2, '2017-05-11 15:44:46', 'patient', NULL, 4),
(1190, 2, 7, 411, 1, 2, 4, 0, 2, '2017-05-11 15:44:46', 'patient', NULL, 4),
(1191, 3, 7, 411, 1, 2, 3, 0, 2, '2017-05-11 15:44:46', 'patient', NULL, 3),
(1192, 4, 7, 411, 1, 2, 5, 0, 2, '2017-05-11 15:44:46', 'patient', NULL, 5),
(1193, 5, 7, 411, 1, 2, 5, 0, 2, '2017-05-11 15:44:46', 'patient', NULL, 5),
(1194, 1, 12, 411, 1, 2, 4, 0, 2, '2017-05-11 16:14:34', 'patient', NULL, 4),
(1195, 2, 12, 411, 1, 2, 5, 0, 2, '2017-05-11 16:14:34', 'patient', NULL, 5),
(1196, 3, 12, 411, 1, 2, 5, 0, 2, '2017-05-11 16:14:34', 'patient', NULL, 5),
(1197, 4, 12, 411, 1, 2, 4, 0, 2, '2017-05-11 16:14:34', 'patient', NULL, 4),
(1198, 5, 12, 411, 1, 2, 3, 0, 2, '2017-05-11 16:14:34', 'patient', NULL, 3),
(1199, 1, 17, 411, 1, 2, 5, 0, 2, '2017-05-12 11:07:55', 'patient', NULL, 5),
(1200, 2, 17, 411, 1, 2, 4, 0, 2, '2017-05-12 11:07:55', 'patient', NULL, 4),
(1201, 3, 17, 411, 1, 2, 2, 0, 2, '2017-05-12 11:07:56', 'patient', NULL, 2),
(1202, 4, 17, 411, 1, 2, 5, 0, 2, '2017-05-12 11:07:56', 'patient', NULL, 5),
(1203, 5, 17, 411, 1, 2, 4, 0, 2, '2017-05-12 11:07:56', 'patient', NULL, 4),
(1204, 1, 17, 411, 1, 2, 5, 0, 2, '2017-05-12 11:08:13', 'patient', NULL, 5),
(1205, 2, 17, 411, 1, 2, 5, 0, 2, '2017-05-12 11:08:14', 'patient', NULL, 5),
(1206, 3, 17, 411, 1, 2, 5, 0, 2, '2017-05-12 11:08:14', 'patient', NULL, 5),
(1207, 4, 17, 411, 1, 2, 5, 0, 2, '2017-05-12 11:08:14', 'patient', NULL, 5),
(1208, 5, 17, 411, 1, 2, 5, 0, 2, '2017-05-12 11:08:14', 'patient', NULL, 5),
(1209, 1, 7, 411, 1, 2, 4, 0, 2, '2017-05-17 12:00:52', 'patient', NULL, 4),
(1210, 2, 7, 411, 1, 2, 5, 0, 2, '2017-05-17 12:00:52', 'patient', NULL, 5),
(1211, 3, 7, 411, 1, 2, 4, 0, 2, '2017-05-17 12:00:52', 'patient', NULL, 4),
(1212, 4, 7, 411, 1, 2, 5, 0, 2, '2017-05-17 12:00:52', 'patient', NULL, 5),
(1213, 5, 7, 411, 1, 2, 5, 0, 2, '2017-05-17 12:00:52', 'patient', NULL, 5),
(1214, 1, 7, 395, 1, 1, 5, 0, 2, '2017-05-17 12:10:04', 'patient', NULL, 5),
(1215, 2, 7, 395, 1, 1, 5, 0, 2, '2017-05-17 12:10:04', 'patient', NULL, 5),
(1216, 3, 7, 395, 1, 1, 2, 0, 2, '2017-05-17 12:10:04', 'patient', NULL, 2),
(1217, 4, 7, 395, 1, 1, 4, 0, 2, '2017-05-17 12:10:04', 'patient', NULL, 4),
(1218, 5, 7, 395, 1, 1, 4, 0, 2, '2017-05-17 12:10:04', 'patient', NULL, 4),
(1219, 1, 7, 421, 1, 1, 3, 0, 2, '2017-05-17 12:10:26', 'patient', NULL, 3),
(1220, 2, 7, 421, 1, 1, 3, 0, 2, '2017-05-17 12:10:26', 'patient', NULL, 3),
(1221, 3, 7, 421, 1, 1, 3, 0, 2, '2017-05-17 12:10:26', 'patient', NULL, 3),
(1222, 4, 7, 421, 1, 1, 3, 0, 2, '2017-05-17 12:10:26', 'patient', NULL, 3),
(1223, 5, 7, 421, 1, 1, 3, 0, 2, '2017-05-17 12:10:26', 'patient', NULL, 3),
(1224, 1, 7, 409, 1, 2, 4, 0, 2, '2017-05-17 12:11:09', 'patient', NULL, 4),
(1225, 2, 7, 409, 1, 2, 5, 0, 2, '2017-05-17 12:11:09', 'patient', NULL, 5),
(1226, 3, 7, 409, 1, 2, 5, 0, 2, '2017-05-17 12:11:09', 'patient', NULL, 5),
(1227, 4, 7, 409, 1, 2, 3, 0, 2, '2017-05-17 12:11:09', 'patient', NULL, 3),
(1228, 5, 7, 409, 1, 2, 4, 0, 2, '2017-05-17 12:11:09', 'patient', NULL, 4),
(1229, 1, 7, 425, 1, 3, 4, 0, 2, '2017-05-17 14:58:29', 'patient', NULL, 4),
(1230, 2, 7, 425, 1, 3, 4, 0, 2, '2017-05-17 14:58:29', 'patient', NULL, 4),
(1231, 3, 7, 425, 1, 3, 2, 0, 2, '2017-05-17 14:58:29', 'patient', NULL, 2),
(1232, 4, 7, 425, 1, 3, 5, 0, 2, '2017-05-17 14:58:29', 'patient', NULL, 5),
(1233, 5, 7, 425, 1, 3, 5, 0, 2, '2017-05-17 14:58:29', 'patient', NULL, 5),
(1234, 1, 12, 411, 1, 2, 5, 0, 2, '2017-05-19 12:50:53', 'patient', NULL, 5),
(1235, 2, 12, 411, 1, 2, 5, 0, 2, '2017-05-19 12:50:53', 'patient', NULL, 5),
(1236, 3, 12, 411, 1, 2, 4, 0, 2, '2017-05-19 12:50:53', 'patient', NULL, 4),
(1237, 4, 12, 411, 1, 2, 3, 0, 2, '2017-05-19 12:50:53', 'patient', NULL, 3),
(1238, 5, 12, 411, 1, 2, 4, 0, 2, '2017-05-19 12:50:53', 'patient', NULL, 4),
(1239, 1, 12, 411, 1, 2, 4, 0, 2, '2017-05-19 13:51:27', 'patient', NULL, 4),
(1240, 2, 12, 411, 1, 2, 5, 0, 2, '2017-05-19 13:51:27', 'patient', NULL, 5),
(1241, 3, 12, 411, 1, 2, 3, 0, 2, '2017-05-19 13:51:27', 'patient', NULL, 3),
(1242, 4, 12, 411, 1, 2, 4, 0, 2, '2017-05-19 13:51:27', 'patient', NULL, 4),
(1243, 5, 12, 411, 1, 2, 5, 0, 2, '2017-05-19 13:51:27', 'patient', NULL, 5),
(1244, 1, 7, 411, 1, 2, 4, 0, 2, '2017-05-19 14:40:31', 'patient', NULL, 4),
(1245, 2, 7, 411, 1, 2, 5, 0, 2, '2017-05-19 14:40:31', 'patient', NULL, 5),
(1246, 3, 7, 411, 1, 2, 3, 0, 2, '2017-05-19 14:40:31', 'patient', NULL, 3),
(1247, 4, 7, 411, 1, 2, 5, 0, 2, '2017-05-19 14:40:31', 'patient', NULL, 5),
(1248, 5, 7, 411, 1, 2, 5, 0, 2, '2017-05-19 14:40:31', 'patient', NULL, 5),
(1249, 1, 7, 408, 1, 1, 5, 0, 2, '2017-05-19 15:01:10', 'patient', NULL, 5),
(1250, 2, 7, 408, 1, 1, 5, 0, 2, '2017-05-19 15:01:10', 'patient', NULL, 5),
(1251, 3, 7, 408, 1, 1, 3, 0, 2, '2017-05-19 15:01:10', 'patient', NULL, 3),
(1252, 4, 7, 408, 1, 1, 3, 0, 2, '2017-05-19 15:01:10', 'patient', NULL, 3),
(1253, 5, 7, 408, 1, 1, 4, 0, 2, '2017-05-19 15:01:10', 'patient', NULL, 4),
(1254, 1, 7, 409, 1, 2, 4, 0, 2, '2017-05-23 08:47:28', 'patient', NULL, 4),
(1255, 2, 7, 409, 1, 2, 4, 0, 2, '2017-05-23 08:47:28', 'patient', NULL, 4),
(1256, 3, 7, 409, 1, 2, 4, 0, 2, '2017-05-23 08:47:28', 'patient', NULL, 4),
(1257, 4, 7, 409, 1, 2, 5, 0, 2, '2017-05-23 08:47:28', 'patient', NULL, 5),
(1258, 5, 7, 409, 1, 2, 4, 0, 2, '2017-05-23 08:47:28', 'patient', NULL, 4),
(1259, 1, 7, 410, 1, 3, 2, 0, 2, '2017-05-23 08:47:52', 'patient', NULL, 2),
(1260, 2, 7, 410, 1, 3, 4, 0, 2, '2017-05-23 08:47:52', 'patient', NULL, 4),
(1261, 3, 7, 410, 1, 3, 2, 0, 2, '2017-05-23 08:47:52', 'patient', NULL, 2),
(1262, 4, 7, 410, 1, 3, 3, 0, 2, '2017-05-23 08:47:52', 'patient', NULL, 3),
(1263, 5, 7, 410, 1, 3, 3, 0, 2, '2017-05-23 08:47:52', 'patient', NULL, 3),
(1264, 1, 7, 18, 1, 2, 5, 0, 2, '2017-05-23 08:49:52', 'patient', NULL, 5),
(1265, 2, 7, 18, 1, 2, 4, 0, 2, '2017-05-23 08:49:52', 'patient', NULL, 4),
(1266, 3, 7, 18, 1, 2, 3, 0, 2, '2017-05-23 08:49:52', 'patient', NULL, 3),
(1267, 4, 7, 18, 1, 2, 5, 0, 2, '2017-05-23 08:49:52', 'patient', NULL, 5),
(1268, 5, 7, 18, 1, 2, 5, 0, 2, '2017-05-23 08:49:52', 'patient', NULL, 5),
(1269, 1, 7, 413, 1, 3, 4, 0, 2, '2017-05-23 08:50:17', 'patient', NULL, 4),
(1270, 2, 7, 413, 1, 3, 4, 0, 2, '2017-05-23 08:50:17', 'patient', NULL, 4),
(1271, 3, 7, 413, 1, 3, 3, 0, 2, '2017-05-23 08:50:17', 'patient', NULL, 3),
(1272, 4, 7, 413, 1, 3, 3, 0, 2, '2017-05-23 08:50:17', 'patient', NULL, 3),
(1273, 5, 7, 413, 1, 3, 4, 0, 2, '2017-05-23 08:50:17', 'patient', NULL, 4),
(1274, 1, 7, 411, 1, 2, 4, 0, 2, '2017-05-23 10:06:29', 'patient', NULL, 4),
(1275, 2, 7, 411, 1, 2, 5, 0, 2, '2017-05-23 10:06:29', 'patient', NULL, 5),
(1276, 3, 7, 411, 1, 2, 3, 0, 2, '2017-05-23 10:06:29', 'patient', NULL, 3),
(1277, 4, 7, 411, 1, 2, 4, 0, 2, '2017-05-23 10:06:29', 'patient', NULL, 4),
(1278, 5, 7, 411, 1, 2, 5, 0, 2, '2017-05-23 10:06:29', 'patient', NULL, 5),
(1279, 1, 17, 411, 1, 2, 5, 0, 2, '2017-05-24 15:26:15', 'patient', NULL, 5),
(1280, 2, 17, 411, 1, 2, 5, 0, 2, '2017-05-24 15:26:15', 'patient', NULL, 5),
(1281, 3, 17, 411, 1, 2, 2, 0, 2, '2017-05-24 15:26:15', 'patient', NULL, 2),
(1282, 4, 17, 411, 1, 2, 5, 0, 2, '2017-05-24 15:26:15', 'patient', NULL, 5),
(1283, 5, 17, 411, 1, 2, 5, 0, 2, '2017-05-24 15:26:15', 'patient', NULL, 5),
(1284, 1, 12, 411, 1, 2, 5, 0, 2, '2017-05-25 01:45:14', 'patient', NULL, 5),
(1285, 2, 12, 411, 1, 2, 5, 0, 2, '2017-05-25 01:45:14', 'patient', NULL, 5),
(1286, 3, 12, 411, 1, 2, 5, 0, 2, '2017-05-25 01:45:14', 'patient', NULL, 5),
(1287, 4, 12, 411, 1, 2, 5, 0, 2, '2017-05-25 01:45:14', 'patient', NULL, 5),
(1288, 5, 12, 411, 1, 2, 5, 0, 2, '2017-05-25 01:45:14', 'patient', NULL, 5),
(1289, 1, 12, 411, 1, 2, 5, 0, 2, '2017-05-25 16:09:36', 'patient', NULL, 5),
(1290, 2, 12, 411, 1, 2, 4, 0, 2, '2017-05-25 16:09:36', 'patient', NULL, 4),
(1291, 3, 12, 411, 1, 2, 3, 0, 2, '2017-05-25 16:09:36', 'patient', NULL, 3),
(1292, 4, 12, 411, 1, 2, 5, 0, 2, '2017-05-25 16:09:36', 'patient', NULL, 5),
(1293, 5, 12, 411, 1, 2, 5, 0, 2, '2017-05-25 16:09:36', 'patient', NULL, 5);

-- --------------------------------------------------------

--
-- Table structure for table `awards`
--

CREATE TABLE `awards` (
  `id` int(11) NOT NULL,
  `user_id` int(11) NOT NULL,
  `owner` int(11) NOT NULL,
  `owner_name` text,
  `peck` int(11) DEFAULT NULL,
  `redemcoin` int(11) DEFAULT NULL,
  `balancecoin` int(11) DEFAULT NULL,
  `date_created` timestamp NULL DEFAULT NULL,
  `enterytype` varchar(250) DEFAULT NULL,
  `approval` varchar(10) NOT NULL,
  `note` varchar(1000) DEFAULT NULL,
  `type` varchar(255) NOT NULL,
  `period` int(255) DEFAULT '1',
  `award` int(11) NOT NULL,
  `status` varchar(255) DEFAULT NULL
) ENGINE=InnoDB DEFAULT CHARSET=latin1;

--
-- Dumping data for table `awards`
--

INSERT INTO `awards` (`id`, `user_id`, `owner`, `owner_name`, `peck`, `redemcoin`, `balancecoin`, `date_created`, `enterytype`, `approval`, `note`, `type`, `period`, `award`, `status`) VALUES
(1, 294, 2, NULL, 15, NULL, NULL, '2017-01-20 05:00:00', NULL, '', NULL, 'unit_award', 2, 1, 'Accepted'),
(3, 392, 1, NULL, 10, NULL, NULL, '2017-01-26 05:00:00', NULL, '', NULL, 'unit_award', 1, 1, 'Accepted'),
(4, 392, 1, NULL, 20, NULL, NULL, '2017-01-26 05:00:00', NULL, '', NULL, 'unit_award', 1, 3, 'Accepted'),
(5, 391, 3, NULL, 5000, NULL, NULL, '2017-01-31 05:00:00', NULL, '', NULL, 'unit_award', 2, 5, 'Accepted'),
(6, 391, 395, NULL, 5000, NULL, NULL, '2017-01-31 05:00:00', NULL, '', NULL, 'employee_award', 1, 2, 'Accepted'),
(7, 19, 3, NULL, 25, NULL, NULL, '2017-01-31 05:00:00', NULL, '', NULL, 'unit_award', 1, 1, 'Accepted'),
(8, 19, 404, NULL, 10, NULL, NULL, '2017-01-31 05:00:00', NULL, '', NULL, 'employee_award', 1, 1, 'Accepted'),
(9, 32, 2, NULL, 10, NULL, NULL, '2017-01-31 05:00:00', NULL, '', NULL, 'unit_award', 1, 2, 'Accepted'),
(10, 32, 403, NULL, 10, NULL, NULL, '2017-01-31 05:00:00', NULL, '', NULL, 'employee_award', 2, 1, 'Accepted'),
(11, 32, 416, NULL, 30, NULL, NULL, '2017-02-01 05:00:00', NULL, '', NULL, 'employee_award', 1, 1, 'Rejected'),
(12, 32, 2, NULL, 50, NULL, NULL, '2017-02-01 05:00:00', NULL, '', NULL, 'unit_award', 2, 5, 'Accepted'),
(13, 32, 1, NULL, 25, NULL, NULL, '2017-02-01 05:00:00', NULL, '', NULL, 'unit_award', 1, 5, 'Accepted'),
(14, 32, 1, NULL, 50, NULL, NULL, '2017-02-07 05:00:00', NULL, '', NULL, 'unit_award', 1, 5, 'Accepted'),
(15, 389, 420, NULL, 35, NULL, NULL, '2017-02-07 05:00:00', NULL, '', NULL, 'employee_award', 1, 1, 'Accepted'),
(16, 389, 1, NULL, 250, NULL, NULL, '2017-02-07 05:00:00', NULL, '', NULL, 'unit_award', 3, 1, 'Accepted'),
(17, 160, 1, NULL, 75, NULL, NULL, '2017-02-07 05:00:00', NULL, '', NULL, 'unit_award', 1, 3, 'Accepted'),
(19, 235, 3, NULL, 50, NULL, NULL, '2017-02-08 05:00:00', NULL, '', NULL, 'unit_award', 1, 1, NULL),
(20, 19, 411, NULL, 75, NULL, NULL, '2017-02-13 05:00:00', NULL, '', NULL, 'employee_award', 1, 1, NULL),
(21, 32, 1, NULL, 75, NULL, NULL, '2017-02-17 05:00:00', NULL, '', NULL, 'unit_award', 1, 5, NULL),
(22, 32, 1, NULL, 50, NULL, NULL, '2017-02-24 05:00:00', NULL, '', NULL, 'unit_award', 1, 4, NULL),
(23, 160, 1, NULL, 12233, NULL, NULL, '2017-02-25 05:00:00', NULL, '', NULL, 'unit_award', 2, 4, 'Rejected'),
(24, 19, 3, NULL, 50, NULL, NULL, '2017-02-26 05:00:00', NULL, '', NULL, 'unit_award', 1, 2, NULL),
(25, 32, 1, NULL, 100, NULL, NULL, '2017-02-26 05:00:00', NULL, '', NULL, 'unit_award', 2, 5, NULL),
(26, 32, 1, NULL, 3000, NULL, NULL, '2017-02-27 05:00:00', NULL, '', NULL, 'unit_award', 3, 2, 'Rejected'),
(27, 19, 1, NULL, 1, NULL, NULL, '2017-02-27 05:00:00', NULL, '', NULL, 'unit_award', 3, 2, 'Accepted'),
(28, 19, 18, NULL, 1, NULL, NULL, '2017-02-27 05:00:00', NULL, '', NULL, 'employee_award', 2, 2, 'Accepted'),
(29, 19, 408, NULL, 15, NULL, NULL, '2017-02-28 05:00:00', NULL, '', NULL, 'employee_award', 1, 2, 'Accepted'),
(30, 32, 1, NULL, 20, NULL, NULL, '2017-02-28 05:00:00', NULL, '', NULL, 'unit_award', 1, 2, NULL),
(31, 32, 414, NULL, 10, NULL, NULL, '2017-02-28 05:00:00', NULL, '', 'Always smiling! ', 'employee_award', 1, 3, NULL),
(32, 232, 1, NULL, 5000, NULL, NULL, '2017-03-01 05:00:00', NULL, '', NULL, 'unit_award', 1, 3, 'Rejected'),
(33, 32, 415, NULL, 25, NULL, NULL, '2017-03-01 05:00:00', NULL, '', NULL, 'employee_award', 1, 2, NULL),
(34, 32, 1, NULL, 55, NULL, NULL, '2017-03-14 04:00:00', NULL, '', NULL, 'unit_award', 1, 1, 'Accepted'),
(35, 32, 395, NULL, 45, NULL, NULL, '2017-03-14 04:00:00', NULL, '', NULL, 'employee_award', 2, 2, NULL),
(36, 32, 1, NULL, 200, NULL, NULL, '2017-03-22 04:00:00', NULL, '', NULL, 'unit_award', 3, 2, 'Accepted'),
(37, 19, 411, NULL, 1200, NULL, NULL, '2017-04-19 04:00:00', NULL, '', NULL, 'employee_award', 2, 1, 'Accepted'),
(38, 19, 1, NULL, 150, NULL, NULL, '2017-05-11 04:00:00', NULL, '', NULL, 'unit_award', 2, 5, 'Accepted');

-- --------------------------------------------------------

--
-- Table structure for table `award_type`
--

CREATE TABLE `award_type` (
  `id` int(11) NOT NULL,
  `key` varchar(50) NOT NULL,
  `type` varchar(50) NOT NULL,
  `value` varchar(250) NOT NULL,
  `unit_id` varchar(50) NOT NULL,
  `notes` varchar(250) DEFAULT NULL
) ENGINE=InnoDB DEFAULT CHARSET=utf8;

--
-- Dumping data for table `award_type`
--

INSERT INTO `award_type` (`id`, `key`, `type`, `value`, `unit_id`, `notes`) VALUES
(1, '1', 'employee', 'Top Scoring Employee', '1', 'default'),
(2, '2', 'employee', 'No missed punches', '1', 'primary'),
(3, '3', 'employee', 'Special Situations', '1', 'info'),
(4, '1', 'employee', 'Top Scoring Employee', '2', 'default'),
(5, '2', 'employee', 'No missed punches', '2', 'primary'),
(6, '3', 'employee', 'Special Situations', '2', 'info'),
(7, '1', 'employee', 'Top Scoring Employee', '3', 'default'),
(8, '2', 'employee', 'No missed punches', '3', 'primary'),
(9, '3', 'employee', 'Special Situations', '3', 'info'),
(10, '1', 'unit', 'No falls', '1', 'success'),
(11, '2', 'unit', 'No Clautis', '1', 'warning'),
(12, '3', 'unit', 'No Hap us', '1', 'danger'),
(13, '4', 'unit', 'No Vaps', '1', 'pink'),
(14, '5', 'unit', 'No Agency Use', '1', 'purple'),
(15, '1', 'unit', 'No falls', '2', 'success'),
(16, '2', 'unit', 'No Clautis', '2', 'warning'),
(17, '3', 'unit', 'No Hap us', '2', 'danger'),
(18, '4', 'unit', 'No Vaps', '2', 'pink'),
(19, '5', 'unit', 'No Agency Use', '2', 'purple'),
(20, '1', 'unit', 'No falls', '3', 'success'),
(21, '2', 'unit', 'No Clautis', '3', 'warning'),
(22, '3', 'unit', 'No Hap us', '3', 'danger'),
(23, '4', 'unit', 'No Vaps', '3', 'pink'),
(24, '5', 'unit', 'No Agency Use', '3', 'purple'),
(25, '4', 'employee', 'Positive Patient Feedback', '3', NULL),
(26, '6', 'unit', 'Special Situations', '3', NULL);

-- --------------------------------------------------------

--
-- Table structure for table `carriers`
--

CREATE TABLE `carriers` (
  `id` int(11) NOT NULL,
  `name` varchar(200) DEFAULT NULL,
  `address` varchar(200) DEFAULT NULL
) ENGINE=InnoDB DEFAULT CHARSET=utf8;

--
-- Dumping data for table `carriers`
--

INSERT INTO `carriers` (`id`, `name`, `address`) VALUES
(1, '3 River Wireless', '@sms.3rivers.net'),
(2, 'ACS Wireless', '@paging.acswireless.com'),
(3, 'Alltel', '@message.alltel.com'),
(4, 'AT&T', '@txt.att.net'),
(5, 'Bell Canada', '@txt.bellmobility.ca'),
(6, 'Bell Canada', '@bellmobility.ca'),
(7, 'Bell Mobility (Canada)', '@txt.bell.ca'),
(8, 'Bell Mobility', '@txt.bellmobility.ca'),
(9, 'Blue Sky Frog', '@blueskyfrog.com'),
(10, 'Bluegrass Cellular', '@sms.bluecell.com'),
(11, 'Boost Mobile', '@myboostmobile.com'),
(12, 'BPL Mobile', '@bplmobile.com'),
(13, 'Carolina West Wireless', '@cwwsms.com'),
(14, 'Cellular One', '@mobile.celloneusa.com'),
(15, 'Cellular South', '@csouth1.com'),
(16, 'Centennial Wireless', '@cwemail.com'),
(17, 'CenturyTel', '@messaging.centurytel.net'),
(18, 'Cingular (Now AT&T)', '@txt.att.net'),
(19, 'Clearnet', '@msg.clearnet.com'),
(20, 'Comcast', '@comcastpcs.textmsg.com'),
(21, 'Corr Wireless Communications', '@corrwireless.net'),
(22, 'Dobson', '@mobile.dobson.net'),
(23, 'Edge Wireless', '@sms.edgewireless.com'),
(24, 'Fido', '@fido.ca'),
(25, 'Golden Telecom', '@sms.goldentele.com'),
(26, 'Helio', '@messaging.sprintpcs.com'),
(27, 'Houston Cellular', '@text.houstoncellular.net'),
(28, 'Idea Cellular', '@ideacellular.net'),
(29, 'Illinois Valley Cellular', '@ivctext.com'),
(30, 'Inland Cellular Telephone', '@inlandlink.com'),
(31, 'MCI', '@pagemci.com'),
(32, 'Metrocall', '@page.metrocall.com'),
(33, 'Metrocall 2-way', '@my2way.com'),
(34, 'Metro PCS', '@mymetropcs.com'),
(35, 'Microcell', '@fido.ca'),
(36, 'Midwest Wireless', '@clearlydigital.com'),
(37, 'Mobilcomm', '@mobilecomm.net'),
(38, 'MTS', '@text.mtsmobility.com'),
(39, 'Nextel', '@messaging.nextel.com'),
(40, 'OnlineBeep', '@onlinebeep.net'),
(41, 'PCS One', '@pcsone.net'),
(42, 'President\'s Choice', '@txt.bell.ca'),
(43, 'Public Service Cellular', '@sms.pscel.com'),
(44, 'Qwest', '@qwestmp.com'),
(45, 'Rogers AT&T Wireless', '@pcs.rogers.com'),
(46, 'Rogers Canada', '@pcs.rogers.com'),
(47, 'Satellink', '.pageme@satellink.net'),
(48, 'Southwestern Bell', '@email.swbw.com'),
(49, 'Sprint', '@messaging.sprintpcs.com'),
(50, 'Sumcom', '@tms.suncom.com'),
(51, 'Surewest Communicaitons', '@mobile.surewest.com'),
(52, 'T-Mobile', '@tmomail.net'),
(53, 'Telus', '@msg.telus.com'),
(54, 'Tracfone', '@txt.att.net'),
(55, 'Triton', '@tms.suncom.com'),
(56, 'Unicel', '@utext.com'),
(57, 'US Cellular', '@email.uscc.net'),
(58, 'Solo Mobile', '@txt.bell.ca'),
(59, 'Sprint', '@messaging.sprintpcs.com'),
(60, 'Sumcom', '@tms.suncom.com'),
(61, 'Surewest Communicaitons', '@mobile.surewest.com'),
(62, 'T-Mobile', '@tmomail.net'),
(63, 'Telus', '@msg.telus.com'),
(64, 'Triton', '@tms.suncom.com'),
(65, 'Unicel', '@utext.com'),
(66, 'US Cellular', '@email.uscc.net'),
(67, 'US West', '@uswestdatamail.com'),
(68, 'Verizon', '@vtext.com'),
(69, 'Virgin Mobile', '@vmobl.com'),
(70, 'Virgin Mobile Canada', '@vmobile.ca'),
(71, 'West Central Wireless', '@sms.wcc.net'),
(72, 'Western Wireless', '@cellularonewest.com');

-- --------------------------------------------------------

--
-- Table structure for table `category`
--

CREATE TABLE `category` (
  `catid` int(11) NOT NULL,
  `etid` int(11) NOT NULL,
  `categoryname` text NOT NULL
) ENGINE=InnoDB DEFAULT CHARSET=latin1;

--
-- Dumping data for table `category`
--

INSERT INTO `category` (`catid`, `etid`, `categoryname`) VALUES
(1, 2, 'Nurse'),
(2, 2, 'Rehab'),
(3, 2, 'Respiratory');

-- --------------------------------------------------------

--
-- Table structure for table `code_master`
--

CREATE TABLE `code_master` (
  `id` int(11) NOT NULL,
  `type` varchar(250) CHARACTER SET utf8 DEFAULT NULL,
  `key` varchar(250) CHARACTER SET utf8 DEFAULT NULL,
  `value` varchar(250) CHARACTER SET utf8 DEFAULT NULL,
  `notes` varchar(2000) CHARACTER SET utf8 DEFAULT NULL,
  `display_name` varchar(500) DEFAULT NULL
) ENGINE=InnoDB DEFAULT CHARSET=latin1;

--
-- Dumping data for table `code_master`
--

INSERT INTO `code_master` (`id`, `type`, `key`, `value`, `notes`, `display_name`) VALUES
(1, 'job_title', '1', 'RN', '1', 'RN - REGISTERED NURSE\r\n'),
(2, 'job_title', '2', 'CNA', '1', 'CNA - CERTIFIED NURSING ASSISTANT\r\n'),
(3, 'job_title', '3', 'PCA', '1', NULL),
(4, 'job_title', '4', 'PT', '3', 'PT - PHYSICAL THERPIST\r\n'),
(5, 'job_title', '5', 'OT', '3', 'OT - OCCUPATIONAL THERAPIST\r\n'),
(6, 'job_title', '6', 'RT', '2', 'RT - RESPIRATORY THERAPIST\r\n'),
(7, 'discipline', '1', 'Nurse', NULL, NULL),
(8, 'discipline', '2', 'Respiratory', NULL, NULL),
(9, 'discipline', '3', 'Rehab', NULL, NULL),
(10, 'shift_pecks', '1', '15', '15', 'Urgent-'),
(11, 'shift_pecks', '2', '25', '25', 'Very Urgent-'),
(12, 'shift_pecks', '3', '30', '35', 'Extremely Urgent-'),
(14, 'shift_time', '1', '7am-7pm', NULL, NULL),
(15, 'shift_time', '2', '7pm-7am', NULL, NULL),
(16, 'shift_time', '3', '7am-3pm', NULL, NULL),
(17, 'shift_time', '4', '3pm-11pm', NULL, NULL),
(18, 'shift_time', '5', '11pm-7am', NULL, NULL),
(19, 'shift_time', '6', '11am-7pm', NULL, NULL),
(20, 'unit', '1', 'Broward Health Medical Center', '1', NULL),
(21, 'unit', '2', 'Broward North Medical Center', '1', NULL),
(22, 'unit', '3', 'Plantation General Hospital', '1', NULL),
(23, 'employee_award', '1', 'Top Scoring Employee', 'default', NULL),
(24, 'employee_award', '2', 'No missed punches', 'primary', NULL),
(25, 'employee_award', '3', 'Special Situations', 'info', NULL),
(26, 'time_period', '1', 'Month', NULL, NULL),
(27, 'time_period', '2', 'Quarter', NULL, NULL),
(28, 'time_period', '3', 'Year', NULL, NULL),
(29, 'award_type', '1', 'Unit', NULL, NULL),
(33, 'award_type', '2', 'Employee', NULL, NULL),
(34, 'award_type', '3', 'Tenure', NULL, NULL),
(35, 'unit_award', '1', 'No falls', 'success', NULL),
(36, 'unit_award', '2', 'No Clautis', 'warning', NULL),
(37, 'unit_award', '3', 'No Hap us', 'danger', NULL),
(38, 'unit_award', '4', 'No Vaps', 'pink', NULL),
(39, 'unit_award', '5', 'No Agency Use', 'purple', NULL),
(41, 'tenure_year', '3', '', NULL, '3 years'),
(42, 'tenure_year', '4', '', NULL, '4 years'),
(43, 'tenure_year', '5', '', NULL, '5 years'),
(44, 'tenure_year', '6', '', NULL, '6 years'),
(45, 'tenure_year', '7', '', NULL, '7 years'),
(46, 'tenure_year', '8', '', NULL, '8 years'),
(47, 'tenure_year', '9', '', NULL, '9 years'),
(48, 'tenure_year', '10', '', NULL, '10 years'),
(49, 'tenure_year', '-1', '', NULL, '10 or more years'),
(50, 'pecks_for_answer', 'poor', '0', '1', 'Poor'),
(51, 'pecks_for_answer', 'fair', '5', '2', 'Fair'),
(52, 'pecks_for_answer', 'ok', '15', '3', 'Ok'),
(53, 'pecks_for_answer', 'good', '25', '4', 'Good'),
(54, 'pecks_for_answer', 'great', '30', '5', 'Great'),
(55, 'qa_notes', 'improvement', '0% - 59%', NULL, 'Improvement Needed'),
(56, 'qa_notes', 'satisfactory', '60% - 69%', NULL, 'Satisfactory'),
(57, 'qa_notes', 'good', '70% - 79%', NULL, 'Good'),
(58, 'qa_notes', 'excellent', '80% - 89%', NULL, 'Excellent'),
(59, 'qa_notes', 'exceptional', '90% - 100%', NULL, 'Exceptional'),
(60, 'insurance', '1', 'AARP', NULL, NULL),
(61, 'insurance', '2', 'Aetna', NULL, NULL),
(62, 'insurance', '3', 'American Family Insurance', NULL, NULL),
(63, 'insurance', '4', 'American National Insurance', NULL, NULL),
(64, 'insurance', '5', 'Amerigroup', NULL, NULL),
(65, 'insurance', '6', 'Anthem Blue Cross and Blue Shield', NULL, NULL),
(66, 'insurance', '7', 'Blue Cross and Blue Shield Association', NULL, NULL),
(67, 'insurance', '8', 'CareSource', NULL, NULL),
(68, 'insurance', '9', 'Cambia Health Solutions', NULL, NULL),
(69, 'insurance', '10', 'Centene Corporation', NULL, NULL),
(70, 'insurance', '11', 'Cigna', NULL, NULL),
(71, 'insurance', '12', 'Coventry Health Care', NULL, NULL),
(72, 'insurance', '13', 'EmblemHealth', NULL, NULL),
(73, 'insurance', '14', 'Fortis', NULL, NULL),
(74, 'insurance', '15', 'Golden Rule Insurance Company', NULL, NULL),
(75, 'insurance', '16', 'Group Health Cooperative', NULL, NULL),
(76, 'insurance', '17', 'Group Health Incorporated', NULL, NULL),
(77, 'insurance', '18', 'Health Net', NULL, NULL),
(78, 'insurance', '19', 'HealthMarkets', NULL, NULL),
(79, 'insurance', '20', 'HealthPartners', NULL, NULL),
(80, 'insurance', '21', 'HealthSpring', NULL, NULL),
(81, 'insurance', '22', 'Highmark', NULL, NULL),
(82, 'insurance', '23', 'Horace Mann Educators Corporation', NULL, NULL),
(83, 'insurance', '24', 'Humana', NULL, NULL),
(84, 'insurance', '25', 'Independence Blue Cross', NULL, NULL),
(85, 'insurance', '26', 'Kaiser Permanente', NULL, NULL),
(86, 'insurance', '27', 'Kaleida Health', NULL, NULL),
(87, 'insurance', '28', 'LifeWise Health Plan of Oregon', NULL, NULL),
(88, 'insurance', '29', 'Medica', NULL, NULL),
(89, 'insurance', '30', 'Medical Mutual of Ohio', NULL, NULL),
(90, 'insurance', '31', 'Molina Healthcare', NULL, NULL),
(91, 'insurance', '32', 'Premera Blue Cross', NULL, NULL),
(92, 'insurance', '33', 'Principal Financial Group', NULL, NULL),
(93, 'insurance', '34', 'Shelter Insurance', NULL, NULL),
(94, 'insurance', '35', 'State Farm', NULL, NULL),
(95, 'insurance', '36', 'Thrivent Financial for Lutherans', NULL, NULL),
(96, 'insurance', '37', 'UnitedHealth Group', NULL, NULL),
(97, 'insurance', '38', 'Unitrin', NULL, NULL),
(98, 'insurance', '39', 'Universal American Corporation', NULL, NULL),
(99, 'insurance', '40', 'WellCare Health Plans', NULL, NULL),
(100, 'insurance', '41', 'WellPoint', NULL, NULL),
(101, 'exit_survey', '1', 'Physicians', 'physicians', NULL),
(102, 'exit_survey', '2', 'Nursing Staff', 'nursingstaff', NULL),
(103, 'exit_survey', '3', 'Other Therapy Staff', 'othertherapystaff', NULL),
(104, 'exit_survey', '4', 'Facility', 'facility_unit', NULL),
(105, 'job_title', '7', 'OTA', '3', 'OTA - OCCUPATIONAL THERAPY ASSISTANT'),
(106, 'job_title', '8', 'PTA', '3', 'PTA - PHYSICAL THERAPY ASSISTANT'),
(107, 'job_title', '9', 'PTAA', '3', 'RRT - REGISTERED RESPIRATORY THERAPIST'),
(108, 'job_title', '11', 'SCRN', '1', 'SCRN - SENIOR CHARGE REGISTERED NURSE'),
(109, 'job_title', '12', 'ST', '3', 'ST - SPEECH THERAPIST'),
(110, 'job_title', '10', 'RRT', '2', 'RRT - REGISTERED RESPIRATORY THERAPIST'),
(111, 'csstype', 'default', 'Default', NULL, NULL),
(112, 'csstype', 'primary', 'Primary', NULL, NULL),
(113, 'csstype', 'info', 'Info', NULL, NULL),
(114, 'csstype', 'success', 'Success', NULL, NULL),
(115, 'csstype', 'warning', 'Warning', NULL, NULL),
(116, 'csstype', 'danger', 'Danger', NULL, NULL),
(117, 'csstype', 'pink', 'Pink', NULL, NULL),
(118, 'csstype', 'purple', 'Purple', NULL, NULL);

-- --------------------------------------------------------

--
-- Table structure for table `coinmanager`
--

CREATE TABLE `coinmanager` (
  `id` int(11) NOT NULL,
  `employee_id` int(11) DEFAULT NULL,
  `applier_id` int(11) DEFAULT NULL,
  `amount` int(11) DEFAULT NULL,
  `created_at` timestamp NULL DEFAULT NULL,
  `updated_at` timestamp NULL DEFAULT NULL ON UPDATE CURRENT_TIMESTAMP,
  `approval` varchar(5) DEFAULT NULL,
  `note` varchar(255) DEFAULT NULL
) ENGINE=InnoDB DEFAULT CHARSET=utf8;

-- --------------------------------------------------------

--
-- Table structure for table `comments`
--

CREATE TABLE `comments` (
  `id` int(11) NOT NULL,
  `cmt_description` varchar(500) NOT NULL,
  `employee_id` int(11) DEFAULT NULL,
  `patient_id` int(11) NOT NULL,
  `number_phone` varchar(50) DEFAULT NULL,
  `email` varchar(250) DEFAULT NULL,
  `first_name` varchar(250) DEFAULT NULL,
  `last_name` varchar(250) DEFAULT NULL,
  `date` datetime NOT NULL
) ENGINE=InnoDB DEFAULT CHARSET=utf8;

--
-- Dumping data for table `comments`
--

INSERT INTO `comments` (`id`, `cmt_description`, `employee_id`, `patient_id`, `number_phone`, `email`, `first_name`, `last_name`, `date`) VALUES
(1, 'Phu was incredible. She was always smiling!', 18, 2, '', '', '', '', '2017-01-20 16:42:34'),
(2, 'I loved this facility it was clean and everyone had a smile on their faces. ', NULL, 2, '', '', '', '', '2017-01-20 16:44:48'),
(3, 'Phu was awesome!', 18, 2, '', '', '', '', '2017-01-20 17:22:15'),
(4, 'Victoria is incredible and made my day today. Thank you Victoria for being so knowledgable and patient with my needs. I truly appreciate you. ', 404, 2, '7862021799', 'torimblock@gmail.com', 'Tori', 'Block', '2017-01-31 13:13:21'),
(5, 'What a wonderful man! He helped me organize my medications and was a lot of fun! Thank you', 408, 5, '', 'michelle.stark@wambi.org', 'Michelle', 'Stark', '2017-02-01 17:56:40'),
(6, 'She takes the time to explain procedures', 412, 5, '', '', '', '', '2017-02-02 14:41:15'),
(7, 'Randal was awesome. Thank you so much. ', 408, 8, '', '', '', '', '2017-02-02 15:49:50'),
(8, 'Malcolm always had a smile on his face. He was lovely. ', 409, 8, '', '', '', '', '2017-02-02 15:50:18'),
(9, 'Grant was so fun, kind, and patient. My family loved him! Thank you thank you thank you!', 410, 8, '', '', '', '', '2017-02-02 15:51:00'),
(10, 'Shirley is beautiful from the inside-out. Please tell her we loved her so much. ', 411, 8, '', '', '', '', '2017-02-02 15:51:33'),
(11, 'Randal was amazing and very respectful of my mother. We love you Randal!!!', 408, 8, '', '', '', '', '2017-02-06 12:40:49'),
(12, 'John was very friendly, but, he seems very rushed at some points throughout my stay. ', 415, 8, '7862021799', '', 'Tori', 'Block', '2017-02-07 12:21:36'),
(13, 'she was awesome', 411, 7, '', '', '', '', '2017-02-27 18:19:46'),
(14, 'Thank you for making me feel comfortable during this hard time. ', NULL, 12, '', '', '', '', '2017-03-17 20:55:44'),
(15, 'Testing 123', 399, 1, '9545527533', 'davidjonesmail@gmail.com', 'David', 'Jones', '2017-04-18 12:32:31'),
(16, 'Shirley was compassionate and took her time when she was with me. I truly appreciate her and her marvelous smile. She lights up a room. It is so nice to be around positive bright people like her. ', 411, 12, '', '', '', '', '2017-05-25 01:46:02');

-- --------------------------------------------------------

--
-- Table structure for table `config_peck`
--

CREATE TABLE `config_peck` (
  `id` int(11) NOT NULL,
  `unit_id` varchar(250) NOT NULL,
  `poor` int(11) NOT NULL DEFAULT '0',
  `fair` int(11) NOT NULL DEFAULT '0',
  `ok` int(11) NOT NULL DEFAULT '0',
  `good` int(11) NOT NULL DEFAULT '0',
  `great` int(11) NOT NULL DEFAULT '0',
  `urgent` int(11) NOT NULL DEFAULT '0',
  `v_urgent` int(11) NOT NULL DEFAULT '0',
  `e_urgent` int(11) NOT NULL DEFAULT '0',
  `from_need` int(11) NOT NULL DEFAULT '0',
  `to_need` int(11) NOT NULL DEFAULT '0',
  `from_sactisfactory` int(11) NOT NULL DEFAULT '0',
  `to_sactisfactory` int(11) NOT NULL DEFAULT '0',
  `from_good` int(11) NOT NULL DEFAULT '0',
  `to_good` int(11) NOT NULL DEFAULT '0',
  `from_excellent` int(11) NOT NULL DEFAULT '0',
  `to_excellent` int(11) NOT NULL DEFAULT '0',
  `from_exceptional` int(11) NOT NULL DEFAULT '0',
  `to_exceptional` int(11) NOT NULL DEFAULT '0'
) ENGINE=InnoDB DEFAULT CHARSET=utf8;

--
-- Dumping data for table `config_peck`
--

INSERT INTO `config_peck` (`id`, `unit_id`, `poor`, `fair`, `ok`, `good`, `great`, `urgent`, `v_urgent`, `e_urgent`, `from_need`, `to_need`, `from_sactisfactory`, `to_sactisfactory`, `from_good`, `to_good`, `from_excellent`, `to_excellent`, `from_exceptional`, `to_exceptional`) VALUES
(1, '1', 1, 2, 3, 4, 5, 25, 50, 100, 0, 59, 60, 69, 70, 79, 80, 89, 90, 100),
(6, '2', 1, 2, 3, 4, 5, 25, 50, 100, 0, 59, 60, 69, 70, 79, 80, 89, 90, 100),
(15, '3', 1, 2, 3, 4, 5, 25, 50, 100, 0, 59, 60, 69, 70, 79, 80, 89, 90, 100);

-- --------------------------------------------------------

--
-- Table structure for table `customer_function`
--

CREATE TABLE `customer_function` (
  `id` int(11) NOT NULL,
  `customer_id` int(11) NOT NULL,
  `function_id` int(11) NOT NULL,
  `enable` tinyint(1) DEFAULT '0'
) ENGINE=InnoDB DEFAULT CHARSET=utf8;

--
-- Dumping data for table `customer_function`
--

INSERT INTO `customer_function` (`id`, `customer_id`, `function_id`, `enable`) VALUES
(0, 1, 1, 1);

-- --------------------------------------------------------

--
-- Table structure for table `customer_master`
--

CREATE TABLE `customer_master` (
  `id` int(11) NOT NULL,
  `customer_id` int(11) NOT NULL,
  `customer_name` varchar(250) NOT NULL,
  `enable` tinyint(1) DEFAULT '0'
) ENGINE=InnoDB DEFAULT CHARSET=utf8;

--
-- Dumping data for table `customer_master`
--

INSERT INTO `customer_master` (`id`, `customer_id`, `customer_name`, `enable`) VALUES
(1, 1, 'out-patient', 1);

-- --------------------------------------------------------

--
-- Table structure for table `employee_master`
--

CREATE TABLE `employee_master` (
  `id` int(11) NOT NULL,
  `etid` int(11) NOT NULL,
  `clockid` int(250) NOT NULL,
  `units` varchar(1000) DEFAULT NULL,
  `catid` int(11) DEFAULT NULL,
  `disciplines` text NOT NULL,
  `firstname` varchar(250) NOT NULL,
  `lastname` varchar(250) NOT NULL,
  `dob` date NOT NULL,
  `lastlogin` date NOT NULL,
  `hiredate` date NOT NULL,
  `address` varchar(250) NOT NULL,
  `shifts` varchar(250) NOT NULL,
  `email` varchar(250) NOT NULL,
  `mobile` varchar(250) NOT NULL,
  `image` varchar(250) NOT NULL,
  `password` varchar(250) NOT NULL,
  `employeeid` int(250) NOT NULL,
  `job` tinyint(250) NOT NULL,
  `carrier` varchar(500) DEFAULT NULL,
  `job_description` varchar(500) DEFAULT NULL,
  `remember_token` varchar(255) DEFAULT NULL,
  `pecks` int(11) DEFAULT '0',
  `image_new` varchar(250) DEFAULT NULL,
  `status` tinyint(4) NOT NULL DEFAULT '0',
  `upload_date` datetime DEFAULT NULL
) ENGINE=InnoDB DEFAULT CHARSET=latin1;

--
-- Dumping data for table `employee_master`
--

INSERT INTO `employee_master` (`id`, `etid`, `clockid`, `units`, `catid`, `disciplines`, `firstname`, `lastname`, `dob`, `lastlogin`, `hiredate`, `address`, `shifts`, `email`, `mobile`, `image`, `password`, `employeeid`, `job`, `carrier`, `job_description`, `remember_token`, `pecks`, `image_new`, `status`, `upload_date`) VALUES
(18, 2, 5555, '[\"1\"]', 1, '[\"2\"]', 'Phu', 'Huynh Tan', '2016-12-09', '2016-03-11', '2016-12-09', '96I6 - PLANTATION', '[\"1\",\"2\",\"5\",\"6\"]', 'tanphuqncrm@gmail.com', '9545527533', '5555_Screen Shot 2017-02-13 at 12.47.40 PM.png', '$2y$10$muGZAV4OSGBcW5jCYAr96OIaPqR8StAGdCbT7rtIZZkUna4j2dNeC', 5555, 6, '@mymetropcs.com', NULL, '0qjG3hXApQiGB3WWe2GDfVCCfvtv1Ddj5lASgmKLg2vcQSBej23NnnH6JRwS', 1089, NULL, 0, NULL),
(19, 4, 4444, '[\"1\",\"2\",\"3\"]', 1, '[\"1\",\"2\",\"3\"]', 'Wambi', 'Superadmin', '2016-12-09', '2016-03-11', '2016-12-24', '96I6 - PLANTATION', '[\"3\"]', 'tanphuqncrm@gmail.com', '9545527533', '4444_Wambibirdonly.png', '$2y$10$aabnTQhEGqDptc7N6cJOGewatM1ycgD0pHLFNHvQiWa0Lfgp2lctW', 4444, 1, '@mymetropcs.com', NULL, 'anoocKzn5ddylchMrkXS7xQbUF9S0VXtc2Do8moAXHQMnEV5P21dbHLpMYKU', 0, NULL, 0, NULL),
(20, 2, 1771, '[\"2\"]', 1, '[\"2\"]', 'Wambi', 'Employee ', '2016-12-09', '2016-03-11', '2016-12-09', 'fdas', '[\"5\"]', 'davidjonesmail@gmail.com', '9545527533', '1771_Wambibirdonly.png', '$2y$10$muGZAV4OSGBcW5jCYAr96OIaPqR8StAGdCbT7rtIZZkUna4j2dNeC', 1771, 6, '@sms.3rivers.net', NULL, 'JxHQiA96Cj6XOZ4scA5s3ZwLFbd3J6N65QZ3KyRezsz18i3isOLwxxvypvs0', 75, NULL, 0, NULL),
(32, 3, 9588, '[\"1\"]', 2, '[\"1\"]', 'Beverly', 'Carson', '2016-12-09', '2016-03-11', '2016-12-09', '96I6 - PLANTATION', '[\"5\"]', 'tanphuqncrm@gmail.com', '9545527533', '9588_Screen Shot 2017-01-02 at 8.35.34 PM.png', '$2y$10$jKO1LpvXGCodA4ifID/HyOk2jyO2wlIYU998xYHALqbAf5aK9/mXW', 9588, 1, '@mymetropcs.com', NULL, 'DByNqP3NP5oCWEJv4mWhuUbcKPqILcT1mzfTVez01p3TtsSR7h97BWSh3rvX', 3885, '9588_Screen Shot 2017-01-02 at 8.35.34 PM.png', 0, NULL),
(160, 3, 1234, '[\"1\"]', 1, '[\"1\"]', 'Julian', 'Escalante', '2016-03-11', '2016-03-11', '2016-03-11', '10654 NW 16th st.', '[\"6\"]', 'tanphuqncrm@gmail.com', '9545527533', '1234_Screen Shot 2017-02-02 at 3.41.20 PM.png', '$2y$10$DWUd1gQPMxqQXBJIN6j.f.yJI.arGO.4EjoBuzFr.K/Au3SFY8F9K', 1234, 1, '@mymetropcs.com', NULL, 'N77HdituTw6llHHGCBXqpr2pZ6LVk1VBytMXhSrD6pb9u9p5NiCb38glMlei', 3885, NULL, 0, NULL),
(232, 3, 2345, '[\"1\"]', NULL, '[\"2\"]', 'Joanne ', 'Smith ', '0000-00-00', '0000-00-00', '2016-09-28', '2800 North Miami Ave ', '[\"5\"]', 'tanphuqncrm@gmail.com', '3053333333', '2345_Screen Shot 2017-02-02 at 3.38.53 PM.png', '$2y$10$mczChESeHqPgJsDIwd3hzOiUBHweEyTRwdgK1CqbhEkC/V95Io9eC', 2345, 6, '@message.alltel.com', NULL, 'DT71QtDUx02r3aiQw3lYVzqju3bJRXI2R3QngSkXaVb7L6bdxJNwwtodZJpx', 3885, NULL, 0, NULL),
(234, 3, 5675, '[\"3\"]', NULL, '[\"2\"]', 'Roberto', 'Dutesco', '0000-00-00', '0000-00-00', '2016-10-12', '2800 North Miami Ave', '[\"5\"]', 'tanphuqncrm@gmail.com', '9545527533', '5675_Screen Shot 2017-01-09 at 11.40.46 AM.png', '$2y$10$B1.tx4oADM2rqcoCyZL0suqvbOFrqWQYnMckgeyqPDjyoyUrhFsXu', 5675, 6, '@txt.bellmobility.ca', NULL, 'EpLm3TlXXwsV5zvBsh0QcRaIF6Naou9dtacznu3JWyg6DlIcQSPQkctIPw7C', 3885, NULL, 0, NULL),
(235, 3, 4389, '[\"3\"]', NULL, '[\"2\"]', 'Mark ', 'Daniel', '0000-00-00', '0000-00-00', '2016-10-13', '2800 North Miami Ave', '[\"4\"]', 'tanphuqncrm@gmail.com', '9545527533', '4389_Screen Shot 2017-01-09 at 11.39.17 AM.png', '$2y$10$TT1Mh2rV5J1O8BzcqePf8.VITW1PON7DoALwG9n/VsIEuE3ZmsCK6', 4389, 10, '@message.alltel.com', NULL, 'hXPSGvYt9SLZ6QxdRRZp6yln8WqVe200k1mHB7iSfhcuK0UoJFAlc39vm062', 3885, NULL, 0, NULL),
(291, 5, 1666, '[\"1\"]', NULL, '[\"1\"]', 'Andrea', 'Conner', '0000-00-00', '0000-00-00', '2017-01-02', '2299 w silver palm rd', '[\"3\"]', 'alex@wambi.org', '3054945599', '5111994_Screen Shot 2017-02-02 at 3.40.34 PM.png', '$2y$10$A1hB07rOp0SYutJ5cmoAB.gnnQ0kLyDVIrdF0l.jnIF2Aw8evuW0q', 1666, 1, '@vtext.com', NULL, 'Blgp31xksx4xXbF6hp4wV98dZPbEWEI4hMKIvk6PPhgEQUAGtlF4U90SQdmK', 3885, NULL, 0, NULL),
(292, 5, 10112014, '[\"1\"]', NULL, '[\"1\"]', 'Huynh Tan', 'Phu', '0000-00-00', '0000-00-00', '2017-01-11', '145/24 Go Xoai Street, Binh Hung Hoa A Award, Binh Tan District', '[\"3\"]', 'tanphuqncrm1@gmail.com', '983599071', '10112014_Screen Shot 2017-03-14 at 11.29.38 AM.png', '$2y$10$WARKyb/83AjPHlfzSyKeuei5f6oNwk.4VrwYzCDFZNigIz0Qd8yHK', 10112014, 1, '@mymetropcs.com', NULL, 'ULl7xFdxWSDT93rH5W3S4rkQ4jKiyLo8RnW8XvOp8oOqOafXhJReBfbXvVA6', 3885, NULL, 0, NULL),
(294, 3, 9599, '[\"2\"]', NULL, '[\"3\"]', 'Jessica', 'Christie', '0000-00-00', '0000-00-00', '2017-01-12', '', '[\"1\"]', 'betatestingmetz@gmail.com', '9546100706', '', '$2y$10$Q05cyEoAl5RzNbKvCK8CIerQQCmD882agFgXw8sNCbDIfbxk2A.T.', 9599, 8, '@tmomail.net', NULL, 'LdZnpPlCSg9zjlPDRiUgoOnA77ByUjf14xQabmNOtsTOyc1sThbO2Kl5H0kp', 3885, NULL, 0, NULL),
(389, 3, 1994, '[\"2\"]', NULL, '[\"1\"]', 'Wambi', 'Admin', '0000-00-00', '0000-00-00', '2017-01-09', 'Plantation', '[\"3\"]', 'betatestingmetz@gmail.com', '7862021799', '1994_Wambibirdonly.png', '$2y$10$6yvpAxhnCgkn4vadjV1RKeMEoSvM4UwUo90gHPKvUXX9igivwcXCO', 1994, 1, '@txt.att.net', NULL, 'WCK3uIyDy9jNalNvlAw88WIbeDyZndjebTOY0UJVl5qfdT0slG0n0eqypIgb', 3885, NULL, 0, NULL),
(390, 4, 123456, '[\"1\"]', NULL, '[\"1\"]', 'Jason', 'Barcomb', '0000-00-00', '0000-00-00', '2016-12-30', '', '[\"4\"]', 'Jason.barcomb@wambi.org', '2399190168', '123456_Screen Shot 2017-02-10 at 6.21.32 PM.png', '$2y$10$nNu3IKUMCtikV62HdH.XY.9yVD1fmZmT4Pp68AotS5N29gu2OhOFW', 123456, 2, '@txt.att.net', NULL, '6wAU119v1A98stMTxaenbjg3qreprEbTL2ejTPMqf3g0ZJK1EJBbAg2jP3NF', 0, NULL, 0, NULL),
(391, 4, 234567, '[\"1\"]', NULL, '[\"1\"]', 'Michelle', 'Stark', '0000-00-00', '0000-00-00', '2017-01-23', '', '[\"2\"]', 'michelle.stark@wambi.org', '9549953533', '234567_Stark_Michelle PROF.jpg', '$2y$10$uOOK9jTnMuppAVNjQVTk0ObBlXGP7UpKXJoh6RW0OPXUVcgiq9Jdu', 234567, 1, '@vtext.com', NULL, 'hT3BmpNsHlt8kaGW1V2iTAKpDkzJq3cMKfEd10zdtewUE4zk4ySdH4e5tNhw', 0, NULL, 0, NULL),
(392, 4, 345678, '[\"1\"]', NULL, '[\"3\"]', 'David', 'Castellano', '0000-00-00', '0000-00-00', '2017-01-30', '', '[\"3\"]', 'David.castellano@wambi.org', '3233135508', '345678_Screen Shot 2017-02-10 at 6.22.15 PM.png', '$2y$10$1w7DaPHJ7C868IEWQH7EeeY4AcPnXVGA12IY1EbKv5Ddi9dLnko0C', 345678, 0, '@vtext.com', NULL, '6ldoc5BVQ6yK5LHVpb0aDDnsUAQtjI6wSpuX8QJyjkkm1gIWWmTFyw4ERnEi', 0, NULL, 0, NULL),
(393, 4, 456789, '[\"1\"]', NULL, '[\"3\"]', 'Rudy', 'Moss', '0000-00-00', '0000-00-00', '2017-01-30', '', '[\"3\"]', 'Rebecca@wambi.org', '3232700361', '456789_Screen Shot 2017-02-07 at 12.48.45 PM.png', '$2y$10$vHZKNCN8Jpo9FYYhvDGt9.xMD2aFH3DjqL9uJlIb4vM6qTxrCXsa6', 456789, 0, '@vtext.com', NULL, NULL, 0, NULL, 0, NULL),
(394, 2, 21034, '[\"2\"]', NULL, '[\"1\"]', 'Justin', 'Perez', '0000-00-00', '0000-00-00', '2017-01-16', '', '[\"5\"]', 'betatestingmetz12@gmail.com', '987989000', '', '', 21034, 1, '@txt.bellmobility.ca', NULL, NULL, 126, NULL, 0, NULL),
(395, 2, 101010, '[\"1\"]', NULL, '[\"1\"]', 'Robert', 'Chan', '0000-00-00', '0000-00-00', '2017-01-02', '', '[\"2\"]', 'rchan@att.net', '9545555555', '101010_Screen Shot 2017-02-13 at 1.07.37 PM.png', '$2y$10$EJsBqd42b.tuDvGVICS88.P0Y.Zyms/pgzJFGu6qsgNNNzRYxuGLC', 101010, 1, '@txt.att.net', NULL, 'M1X1h4X8lwr3bVaYzk6il9pLTnTWTtwltW6j83HL0WpfKbrLLnVw96xNRN5J', 6110, NULL, 0, NULL),
(396, 2, 121212, '[\"3\"]', NULL, '[\"2\"]', 'Elaine', 'Watkins', '0000-00-00', '0000-00-00', '2017-01-02', '', '[\"3\"]', 'elaineW@att.net', '954555555', '121212_-blonde-WOMAN.JPG', '$2y$10$fybxKX4fEEiPlYPKdji75etYfsDzYXIPRSwh3VYzJ.FzTBaqUm6si', 121212, 10, '@txt.att.net', NULL, NULL, 5050, NULL, 0, NULL),
(397, 2, 1333, '[\"3\"]', NULL, '[\"3\"]', 'Charlotte', 'Indie', '0000-00-00', '0000-00-00', '2017-01-25', '', '[\"3\"]', 'cindie@att.net', '3055555555', '1333333_INDIAN-WOMAN.JPG', '$2y$10$bfydpz8jALBj4gI5veLmEegHLzzPmfGMjM5B4fGynE7O0i9Kz3Leq', 1333, 9, '@txt.att.net', NULL, 'nwRx6Oul9oV7RFQfOqTrGEujIJfAeo0MrpcqobgiHccOjSKa80QUtwKRlUEC', 3279, NULL, 0, NULL),
(398, 3, 3456, '[\"1\"]', NULL, '[\"1\"]', 'Thomas', 'Corcoran', '0000-00-00', '0000-00-00', '2017-01-02', '', '[\"1\"]', 'tomC@att.net', '9545555555', '3456_Screen Shot 2017-01-09 at 11.39.17 AM.png', '$2y$10$7BL9TjfUjBWLHDvaeQJBruCrlscoyRjRLYvrfeQmzrK9ILmHx1aF2', 3456, 1, '@txt.att.net', NULL, 'skg9iv5VuGgktACNuYLMQdeCaMbQYFY5vFJiMsWuyeu0vZQuplNLvAxP6yFb', 3825, NULL, 0, NULL),
(399, 2, 3333, '[\"2\"]', NULL, '[\"1\"]', 'Phillip', 'Tresor', '0000-00-00', '0000-00-00', '2017-01-02', '', '[\"2\"]', 'ptresor@att.net', '9545555555', '3333_man3.jpg', '$2y$10$0ESdejYC0vGUGW.rohdY5O1RZpURyLXBXhwiNz0viimdaWWZyJJg.', 3333, 1, '@txt.att.net', NULL, 'CSuSR9flKQYZPbVOl5YkBPjcSCaXxgmQMDtqAT0u1cH5GWRV8JprHkSAAFef', 115, NULL, 0, NULL),
(400, 2, 1996, '[\"2\"]', NULL, '[\"3\"]', 'William', 'Hill', '0000-00-00', '0000-00-00', '2017-01-23', '', '[\"4\"]', 'betatestingmetz2@gmail.com', '7862021799', '1996_Screen Shot 2017-01-09 at 11.40.06 AM.png', '', 1996, 5, '@txt.att.net', NULL, NULL, 75, NULL, 0, NULL),
(401, 2, 1997, '[\"2\"]', NULL, '[\"2\"]', 'Adam', 'Levine', '0000-00-00', '0000-00-00', '2017-01-16', '', '[\"4\"]', 'betatestingmetz4@gmail.com', '7862021799', '1997_Screen Shot 2017-01-09 at 11.50.02 AM.png', '', 1997, 6, '@txt.bellmobility.ca', NULL, NULL, 94, NULL, 0, NULL),
(402, 2, 1998, '[\"2\"]', NULL, '[\"1\"]', 'Jessica', 'Snyder', '0000-00-00', '0000-00-00', '2017-01-16', '', '[\"2\"]', 'betatestingmetz8@gmail.com', '7862021799', '1998_Screen Shot 2017-01-09 at 11.49.11 AM.png', '', 1998, 1, '@sms.bluecell.com', NULL, NULL, 96, NULL, 0, NULL),
(403, 2, 1880, '[\"3\"]', NULL, '[\"2\"]', 'Shelly', 'Alfred', '0000-00-00', '0000-00-00', '2017-01-02', '', '[\"6\"]', 'betatestingmetz9@gmail.com', '7862021799', '1880_Screen Shot 2017-01-09 at 11.46.34 AM.png', '', 1880, 6, '@myboostmobile.com', NULL, 'S2lpjKET2IhK7XGuLiQaajES2tjDCsWaeoqT2SE3rmotV8PSx5GkantiySmE', 5054, NULL, 0, NULL),
(404, 2, 1881, '[\"3\"]', NULL, '[\"3\"]', 'Victoria', 'Barone', '0000-00-00', '0000-00-00', '2017-01-11', '', '[\"4\"]', 'betatestingmetz13@gmail.com', '7862021799', '1881_Screen Shot 2017-01-09 at 11.46.16 AM.png', '$2y$10$YERhWTwWfyCMBgKhu8EvrOOqTgqKHZQvX2l5PIu1./7F.87egs7eK', 1881, 4, '@bellmobility.ca', NULL, NULL, 5132, NULL, 0, NULL),
(405, 2, 1882, '[\"3\"]', NULL, '[\"1\"]', 'Caro', 'Riccoti', '0000-00-00', '0000-00-00', '2017-01-16', '', '[\"3\"]', 'betatestingmetz14@gmail.com', '7862021799', '1882_Screen Shot 2017-01-09 at 11.45.45 AM.png', '', 1882, 1, '@sms.3rivers.net', NULL, NULL, 5044, NULL, 0, NULL),
(406, 2, 1885, '[\"2\"]', NULL, '[\"2\"]', 'Atteq', 'Chammas', '0000-00-00', '0000-00-00', '2017-01-29', '', '[\"5\"]', 'b@a.com', '7862021799', '1885_Screen Shot 2017-01-09 at 11.44.32 AM.png', '', 1885, 6, '@paging.acswireless.com', NULL, NULL, 95, NULL, 0, NULL),
(407, 2, 1888, '[\"3\"]', NULL, '[\"1\"]', 'Jesse', 'Chen', '0000-00-00', '0000-00-00', '2017-01-10', '', '[\"5\"]', 'betatesting17@gmail.com', '7862021799', '1888_Screen Shot 2017-01-09 at 11.39.17 AM.png', '', 1888, 1, '@paging.acswireless.com', NULL, NULL, 5043, NULL, 0, NULL),
(408, 2, 1770, '[\"1\"]', NULL, '[\"1\"]', 'Randal', 'Jones', '0000-00-00', '0000-00-00', '2017-01-16', '', '[\"6\"]', 'a@b.com', '7862021799', '1770_Screen Shot 2017-02-13 at 12.39.38 PM.png', '', 1770, 1, '@bellmobility.ca', NULL, 'AL5TE2V9zS1HY5UJcm4vC0iHC7Kg1HvyeVScMu5ftObX4WUO7QaKSlTYRIjx', 1369, NULL, 0, NULL),
(409, 2, 1771, '[\"1\"]', NULL, '[\"2\"]', 'Malcolm', 'Emmanuel', '0000-00-00', '0000-00-00', '2017-01-04', '', '[\"4\"]', 'a@c.com', '7862021799', '1772_Screen Shot 2017-01-26 at 2.13.26 PM.png', '', 1771, 6, '@paging.acswireless.com', NULL, NULL, 1200, NULL, 0, NULL),
(410, 2, 1772, '[\"1\"]', NULL, '[\"3\"]', 'Grant', 'Allen', '0000-00-00', '0000-00-00', '2017-01-19', '', '[\"5\"]', 'A@v.com', '7862021799', '1773_Screen Shot 2017-01-26 at 2.13.53 PM.png', '', 1772, 5, '@bellmobility.ca', NULL, 'c29ovYl72jjW3GLifRavsH0X7yIp2c99e8ZGDKEuyNeQfDKBuT1g7iS5m7ra', 1039, NULL, 0, NULL),
(411, 2, 1773, '[\"1\"]', NULL, '[\"2\"]', 'Shirley', 'Simmons', '0000-00-00', '0000-00-00', '2017-01-24', '', '[\"5\"]', 'betatestingmetz@gmail.com', '7862021799', '1773_Screen Shot 2017-02-13 at 1.03.24 PM.png', '', 1773, 6, '@vtext.com', NULL, 'fEHDJZJlCsv4v5tDOovfr1vqF9ti63d2NlG7e2I6wacmTFXMqWNz1u266W55', 1085, NULL, 0, NULL),
(412, 2, 1775, '[\"1\"]', NULL, '[\"2\"]', 'Jenny', 'Johnson', '0000-00-00', '0000-00-00', '2017-01-23', '', '[\"4\"]', 'C@a.com', '78620217999', '1775_Screen Shot 2017-01-09 at 11.49.11 AM.png', '', 1775, 6, '@paging.acswireless.com', NULL, 'Pjv5MAEnbwPlul5rtJtK7oQZFJ37piqUA6XjeGpwB52nNbYNuGm0QVxFnl0V', 1066, NULL, 0, NULL),
(413, 2, 1776, '[\"1\"]', NULL, '[\"3\"]', 'Ashley', 'Silvers', '0000-00-00', '0000-00-00', '2017-01-22', '', '[\"3\"]', 'z@c.com', '78620217999', '1776_Screen Shot 2017-01-09 at 11.48.54 AM.png', '', 1776, 8, '@bellmobility.ca', NULL, 'wvQASa2xt8Cae96FAuYBRMRINx6TjWJ2GQIvYturrJTf6FDtpM3ahE8QEFdP', 1261, NULL, 0, NULL),
(414, 2, 1777, '[\"1\"]', NULL, '[\"1\"]', 'Chloe', 'Davila', '0000-00-00', '0000-00-00', '2017-01-12', '', '[\"4\"]', 'x@a.com', '78620217999', '1777_Screen Shot 2017-01-09 at 11.45.45 AM.png', '', 1777, 2, '@bellmobility.ca', NULL, '60m2G2rr9pGx6XvMoRTNR3j0IuZnCnyQR2h13X5g6vEniOjzHlpd68WOvHjw', 988, NULL, 0, NULL),
(415, 2, 1778, '[\"1\"]', NULL, '[\"1\"]', 'John', 'Clifton', '0000-00-00', '0000-00-00', '2017-01-06', '', '[\"3\"]', 'j@z.com', '78620217999', '1778_Screen Shot 2017-03-20 at 7.34.59 PM.png', '', 1778, 3, '@bellmobility.ca', NULL, 'nn1Ob2yDf2CX6fk2DrIUbaZpyiZbW8R5HZybvY3w6uODZdEtj6ZgMGOPSOBA', 994, '1778_images.jpg', 0, NULL),
(416, 2, 1779, '[\"1\"]', NULL, '[\"2\"]', 'Melanie', 'Metz', '0000-00-00', '0000-00-00', '2017-01-09', '', '[\"4\"]', 'v@a.com', '786202179999', '1779_Screen Shot 2017-01-09 at 11.46.16 AM.png', '', 1779, 10, '@message.alltel.com', NULL, NULL, 1148, NULL, 0, NULL),
(417, 3, 122650, '[\"1\"]', NULL, '[\"1\"]', 'Jack', 'Flash', '0000-00-00', '0000-00-00', '2017-01-01', '', '[\"4\"]', 'rebeccametter@gmail.com', '3232700361', '122650_Screen Shot 2017-01-09 at 11.40.37 AM.png', '$2y$10$i70C/RJ1XgaNop4lQTG1uOebsPzq0pBAoxdWg0gQDMFDVIeL4RFgq', 122650, 1, '@vtext.com', NULL, NULL, 3645, NULL, 0, NULL),
(418, 1, 1227, '[\"1\"]', NULL, '[\"1\"]', 'Tori', 'Block', '0000-00-00', '0000-00-00', '2017-01-30', '', '[\"5\"]', 'tori@wambi.org', '7862021799', '1227_Screen Shot 2017-02-07 at 12.49.39 PM.png', '$2y$10$5Yg2I/yTbdXXkbuONzBpMepr2lYyaehOYVd1pxe6tWsgkjhqC3qhq', 1227, 1, '@vtext.com', NULL, 'tgqeRXZicvBay2MDNtt6eRpUjVGSkwlXglaKUVOtRvDXOLpFF8GJ1p3GZwd7', 0, NULL, 0, NULL),
(419, 2, 1551, '[\"1\"]', NULL, '[\"3\"]', 'Christina', 'Lopez', '0000-00-00', '0000-00-00', '2017-02-04', '', '[\"3\",\"5\"]', 's&@a.com', '181', '1551_Screen Shot 2017-02-07 at 12.48.45 PM.png', '$2y$10$Z1ind3ZyHpAhqXU4D2orSuJWrqFpnSgLNS8XucWslwuVHoyrmKg6m', 1551, 5, '@bellmobility.ca', NULL, NULL, 1022, NULL, 0, NULL),
(420, 2, 1553, '[\"1\"]', NULL, '[\"2\"]', 'Erica', 'Yagman', '0000-00-00', '0000-00-00', '2017-02-15', '', '[\"3\"]', 'ajs@aas.com', '55665', '1553_Screen Shot 2017-02-07 at 12.47.41 PM.png', '', 1553, 6, '@txt.bellmobility.ca', NULL, 'Gq8n0gVbmO2x3lsFIRldWzfoQJ79mekTEPBYJUZvoSsyb7rR8KxdnW2083sn', 975, NULL, 0, NULL),
(421, 2, 1220, '[\"1\"]', NULL, '[\"1\"]', 'Gordan', 'Rachid', '0000-00-00', '0000-00-00', '2017-01-30', '', '[\"5\"]', 'tori@askajs.com', '7862021799', '1220_Screen Shot 2017-02-07 at 12.45.44 PM.png', '', 1220, 1, '@txt.att.net', NULL, 't6wikwOywXpA36mNafQ4vQghRWi7SYV9aKNLPGgbBx3ZUi84loOzR6auNuT7', 948, NULL, 0, NULL),
(422, 2, 1221, '[\"1\"]', NULL, '[\"1\"]', 'Tiffany', 'Johnson', '0000-00-00', '0000-00-00', '2017-02-01', '', '[\"2\"]', 'toriblock7@aol.com', '7862021799', '1221_Screen Shot 2017-02-07 at 3.37.52 PM.png', '', 1221, 1, '@txt.att.net', NULL, 'BQZnrO6ilBf07ADM7X66Ntl2frUKGmZJRcCV8zTnAEPSNQNPsNitGy1XD0Nh', 920, NULL, 0, NULL),
(423, 1, 1665, '[\"1\"]', NULL, '[\"1\"]', 'Andrew', 'Garcia', '0000-00-00', '0000-00-00', '2017-03-06', '', '[\"5\"]', 'a@a.com', '7777777777777777', '', '$2y$10$YV9uXQlOgn3LgMBGzXpf8O50jptRAu8E7F9Qo4itJ2Al8qCStAvEG', 1665, 1, '@message.alltel.com', NULL, NULL, 0, NULL, 0, NULL),
(424, 6, 1664, '[\"1\"]', NULL, '[\"1\"]', 'Claire', 'Jackson', '0000-00-00', '0000-00-00', '2017-02-26', '', '[\"5\"]', 'c@az.com', '723982382239389', '', '$2y$10$BnbQ0HgjFPJWJojn5ohjdeNjYhnYFh7oJpUP0S.BJn0RJuPKpa1cK', 1664, 11, '@message.alltel.com', NULL, NULL, 0, NULL, 0, NULL),
(425, 2, 7777, '[\"1\"]', NULL, '[\"3\"]', 'Rochelle', 'Richards', '0000-00-00', '0000-00-00', '2017-03-27', '', '[\"2\",\"4\"]', 'z@lks.com', '00000000000', '7777_Screen Shot 2017-03-22 at 2.28.14 PM.png', '', 7777, 5, '@message.alltel.com', NULL, 'gQXd4FTzKpnddqeiLY7ha3rwbwkZARBUyaoGXn7x9Z2WzrTUSWHCrvfi2kaw', 412, '7777_Screen Shot 2017-03-22 at 2.28.14 PM.png', 0, NULL);

-- --------------------------------------------------------

--
-- Table structure for table `employee_notification`
--

CREATE TABLE `employee_notification` (
  `id` bigint(20) NOT NULL,
  `employee_id` int(11) DEFAULT NULL,
  `notification_id` int(11) DEFAULT NULL,
  `content` varchar(255) DEFAULT NULL,
  `created_at` timestamp NULL DEFAULT NULL,
  `updated_at` timestamp NULL DEFAULT NULL ON UPDATE CURRENT_TIMESTAMP,
  `status` varchar(255) DEFAULT 'NOT_SEEN',
  `jobtitle_id` int(5) DEFAULT NULL
) ENGINE=InnoDB DEFAULT CHARSET=utf8;

--
-- Dumping data for table `employee_notification`
--

INSERT INTO `employee_notification` (`id`, `employee_id`, `notification_id`, `content`, `created_at`, `updated_at`, `status`, `jobtitle_id`) VALUES
(1, 18, 3, '{\"peck\":25,\"survey_id\":1}', '2017-01-20 21:41:59', '2017-01-20 22:28:08', 'SEEN_BUT_UNREAD', NULL),
(2, 342, 3, '{\"peck\":24,\"survey_id\":2}', '2017-01-20 21:45:14', NULL, 'NOT_SEEN', NULL),
(3, 343, 3, '{\"peck\":22,\"survey_id\":3}', '2017-01-20 21:46:43', NULL, 'NOT_SEEN', NULL),
(4, 18, 4, '2', '2017-05-19 17:06:23', '2017-05-19 17:06:23', 'NOT_SEEN', 6),
(5, 20, 4, '2', '2017-03-29 13:38:49', '2017-03-29 13:38:49', 'NOT_SEEN', 6),
(6, 342, 4, '1', '2017-01-20 21:53:03', NULL, 'NOT_SEEN', 6),
(7, 343, 4, '1', '2017-01-20 21:53:03', NULL, 'NOT_SEEN', 6),
(8, 344, 4, '1', '2017-01-20 21:53:03', NULL, 'NOT_SEEN', 6),
(9, 345, 4, '1', '2017-01-20 21:53:03', NULL, 'NOT_SEEN', 6),
(10, 346, 4, '1', '2017-01-20 21:53:03', NULL, 'NOT_SEEN', 6),
(11, 347, 4, '1', '2017-01-20 21:53:03', NULL, 'NOT_SEEN', 6),
(12, 348, 4, '1', '2017-01-20 21:53:03', NULL, 'NOT_SEEN', 6),
(13, 349, 4, '1', '2017-01-20 21:53:03', NULL, 'NOT_SEEN', 6),
(14, 350, 4, '1', '2017-01-20 21:53:03', NULL, 'NOT_SEEN', 6),
(15, 351, 4, '1', '2017-01-20 21:53:03', NULL, 'NOT_SEEN', 6),
(16, 352, 4, '1', '2017-01-20 21:53:03', NULL, 'NOT_SEEN', 6),
(17, 353, 4, '1', '2017-01-20 21:53:03', NULL, 'NOT_SEEN', 6),
(18, 354, 4, '1', '2017-01-20 21:53:03', NULL, 'NOT_SEEN', 6),
(19, 355, 4, '1', '2017-01-20 21:53:03', NULL, 'NOT_SEEN', 6),
(20, 356, 4, '1', '2017-01-20 21:53:03', NULL, 'NOT_SEEN', 6),
(21, 357, 4, '1', '2017-01-20 21:53:03', NULL, 'NOT_SEEN', 6),
(22, 358, 4, '1', '2017-01-20 21:53:03', NULL, 'NOT_SEEN', 6),
(23, 359, 4, '1', '2017-01-20 21:53:03', NULL, 'NOT_SEEN', 6),
(24, 360, 4, '1', '2017-01-20 21:53:03', NULL, 'NOT_SEEN', 6),
(25, 361, 4, '1', '2017-01-20 21:53:03', NULL, 'NOT_SEEN', 6),
(26, 362, 4, '1', '2017-01-20 21:53:03', NULL, 'NOT_SEEN', 6),
(27, 363, 4, '1', '2017-01-20 21:53:03', NULL, 'NOT_SEEN', 6),
(28, 364, 4, '1', '2017-01-20 21:53:03', NULL, 'NOT_SEEN', 6),
(29, 365, 4, '1', '2017-01-20 21:53:03', NULL, 'NOT_SEEN', 6),
(30, 366, 4, '1', '2017-01-20 21:53:03', NULL, 'NOT_SEEN', 6),
(31, 367, 4, '1', '2017-01-20 21:53:03', NULL, 'NOT_SEEN', 6),
(32, 368, 4, '1', '2017-01-20 21:53:03', NULL, 'NOT_SEEN', 6),
(33, 369, 4, '1', '2017-01-20 21:53:03', NULL, 'NOT_SEEN', 6),
(34, 370, 4, '1', '2017-01-20 21:53:03', NULL, 'NOT_SEEN', 6),
(35, 371, 4, '1', '2017-01-20 21:53:03', NULL, 'NOT_SEEN', 6),
(36, 372, 4, '1', '2017-01-20 21:53:03', NULL, 'NOT_SEEN', 6),
(37, 373, 4, '1', '2017-01-20 21:53:03', NULL, 'NOT_SEEN', 6),
(38, 374, 4, '1', '2017-01-20 21:53:03', NULL, 'NOT_SEEN', 6),
(39, 375, 4, '1', '2017-01-20 21:53:03', NULL, 'NOT_SEEN', 6),
(40, 376, 4, '1', '2017-01-20 21:53:03', NULL, 'NOT_SEEN', 6),
(41, 377, 4, '1', '2017-01-20 21:53:03', NULL, 'NOT_SEEN', 6),
(42, 378, 4, '1', '2017-01-20 21:53:03', '2017-01-23 15:16:28', NULL, 6),
(43, 379, 4, '1', '2017-01-20 21:53:03', NULL, 'NOT_SEEN', 6),
(44, 380, 4, '1', '2017-01-20 21:53:03', '2017-01-22 20:55:42', NULL, 6),
(45, 381, 4, '1', '2017-01-20 21:53:03', NULL, 'NOT_SEEN', 6),
(46, 382, 4, '1', '2017-01-20 21:53:03', NULL, 'NOT_SEEN', 6),
(47, 383, 4, '1', '2017-01-20 21:53:03', NULL, 'NOT_SEEN', 6),
(48, 384, 4, '1', '2017-01-20 21:53:03', NULL, 'NOT_SEEN', 6),
(49, 385, 4, '1', '2017-01-20 21:53:03', NULL, 'NOT_SEEN', 6),
(50, 386, 4, '1', '2017-01-20 21:53:03', NULL, 'NOT_SEEN', 6),
(51, 387, 4, '1', '2017-01-20 21:53:03', NULL, 'NOT_SEEN', 6),
(52, 388, 4, '1', '2017-01-20 21:53:03', '2017-01-21 16:00:11', NULL, 6),
(53, 18, 4, '0', '2017-02-20 19:03:54', '2017-03-16 15:29:32', 'SEEN_BUT_UNREAD', 2),
(54, 20, 4, '1', '2017-01-20 21:53:49', '2017-03-16 15:26:59', 'SEEN_BUT_UNREAD', 2),
(55, 342, 4, '1', '2017-01-20 21:53:49', NULL, 'NOT_SEEN', 2),
(56, 343, 4, '1', '2017-01-20 21:53:49', NULL, 'NOT_SEEN', 2),
(57, 344, 4, '1', '2017-01-20 21:53:49', NULL, 'NOT_SEEN', 2),
(58, 345, 4, '1', '2017-01-20 21:53:49', NULL, 'NOT_SEEN', 2),
(59, 346, 4, '1', '2017-01-20 21:53:49', NULL, 'NOT_SEEN', 2),
(60, 347, 4, '1', '2017-01-20 21:53:49', NULL, 'NOT_SEEN', 2),
(61, 348, 4, '1', '2017-01-20 21:53:49', NULL, 'NOT_SEEN', 2),
(62, 349, 4, '1', '2017-01-20 21:53:49', NULL, 'NOT_SEEN', 2),
(63, 350, 4, '1', '2017-01-20 21:53:49', NULL, 'NOT_SEEN', 2),
(64, 351, 4, '1', '2017-01-20 21:53:49', NULL, 'NOT_SEEN', 2),
(65, 352, 4, '1', '2017-01-20 21:53:49', NULL, 'NOT_SEEN', 2),
(66, 353, 4, '1', '2017-01-20 21:53:49', NULL, 'NOT_SEEN', 2),
(67, 354, 4, '1', '2017-01-20 21:53:49', NULL, 'NOT_SEEN', 2),
(68, 355, 4, '1', '2017-01-20 21:53:49', NULL, 'NOT_SEEN', 2),
(69, 356, 4, '1', '2017-01-20 21:53:49', NULL, 'NOT_SEEN', 2),
(70, 357, 4, '1', '2017-01-20 21:53:49', NULL, 'NOT_SEEN', 2),
(71, 358, 4, '1', '2017-01-20 21:53:49', NULL, 'NOT_SEEN', 2),
(72, 359, 4, '1', '2017-01-20 21:53:49', NULL, 'NOT_SEEN', 2),
(73, 360, 4, '1', '2017-01-20 21:53:49', NULL, 'NOT_SEEN', 2),
(74, 361, 4, '1', '2017-01-20 21:53:49', NULL, 'NOT_SEEN', 2),
(75, 362, 4, '1', '2017-01-20 21:53:49', NULL, 'NOT_SEEN', 2),
(76, 363, 4, '1', '2017-01-20 21:53:49', NULL, 'NOT_SEEN', 2),
(77, 364, 4, '1', '2017-01-20 21:53:49', NULL, 'NOT_SEEN', 2),
(78, 365, 4, '1', '2017-01-20 21:53:49', NULL, 'NOT_SEEN', 2),
(79, 366, 4, '1', '2017-01-20 21:53:49', NULL, 'NOT_SEEN', 2),
(80, 367, 4, '1', '2017-01-20 21:53:49', NULL, 'NOT_SEEN', 2),
(81, 368, 4, '1', '2017-01-20 21:53:49', NULL, 'NOT_SEEN', 2),
(82, 369, 4, '1', '2017-01-20 21:53:49', NULL, 'NOT_SEEN', 2),
(83, 370, 4, '1', '2017-01-20 21:53:49', NULL, 'NOT_SEEN', 2),
(84, 371, 4, '1', '2017-01-20 21:53:49', NULL, 'NOT_SEEN', 2),
(85, 372, 4, '1', '2017-01-20 21:53:49', NULL, 'NOT_SEEN', 2),
(86, 373, 4, '1', '2017-01-20 21:53:49', NULL, 'NOT_SEEN', 2),
(87, 374, 4, '1', '2017-01-20 21:53:49', NULL, 'NOT_SEEN', 2),
(88, 375, 4, '1', '2017-01-20 21:53:49', NULL, 'NOT_SEEN', 2),
(89, 376, 4, '1', '2017-01-20 21:53:49', NULL, 'NOT_SEEN', 2),
(90, 377, 4, '1', '2017-01-20 21:53:49', NULL, 'NOT_SEEN', 2),
(91, 378, 4, '1', '2017-01-20 21:53:49', '2017-01-21 20:35:42', NULL, 2),
(92, 379, 4, '1', '2017-01-20 21:53:49', NULL, 'NOT_SEEN', 2),
(93, 380, 4, '1', '2017-01-20 21:53:49', '2017-01-22 20:55:30', 'SEEN_BUT_UNREAD', 2),
(94, 381, 4, '1', '2017-01-20 21:53:49', NULL, 'NOT_SEEN', 2),
(95, 382, 4, '1', '2017-01-20 21:53:49', NULL, 'NOT_SEEN', 2),
(96, 383, 4, '1', '2017-01-20 21:53:49', NULL, 'NOT_SEEN', 2),
(97, 384, 4, '1', '2017-01-20 21:53:49', NULL, 'NOT_SEEN', 2),
(98, 385, 4, '1', '2017-01-20 21:53:49', NULL, 'NOT_SEEN', 2),
(99, 386, 4, '1', '2017-01-20 21:53:49', NULL, 'NOT_SEEN', 2),
(100, 387, 4, '1', '2017-01-20 21:53:49', NULL, 'NOT_SEEN', 2),
(101, 388, 4, '1', '2017-01-20 21:53:49', '2017-01-21 16:00:13', NULL, 2),
(102, 18, 3, '{\"peck\":24,\"survey_id\":4}', '2017-01-20 22:21:37', '2017-01-20 22:28:08', 'SEEN_BUT_UNREAD', NULL),
(103, 18, 4, '2', '2017-03-31 18:02:21', '2017-03-31 18:02:21', 'NOT_SEEN', 1),
(104, 20, 4, '1', '2017-02-17 17:15:17', '2017-03-16 15:26:59', 'SEEN_BUT_UNREAD', 1),
(105, 394, 4, '1', '2017-02-17 17:15:17', '2017-02-17 17:15:17', 'NOT_SEEN', 1),
(106, 399, 4, '1', '2017-02-17 17:15:17', '2017-02-25 14:25:10', 'SEEN_BUT_UNREAD', 1),
(107, 19, 8, '{\"link\":\"\\/admin#news-2\"}', '2017-01-25 20:58:47', '2017-02-06 15:28:47', 'SEEN_BUT_UNREAD', NULL),
(108, 395, 2, '{\"peck\":10,\"award\":\"No falls\"}', '2017-01-26 19:29:35', NULL, 'NOT_SEEN', NULL),
(109, 395, 2, '{\"peck\":20,\"award\":\"No Hap us\"}', '2017-01-26 19:30:32', NULL, 'NOT_SEEN', NULL),
(110, 18, 2, '{\"peck\":15,\"award\":\"No falls\"}', '2017-01-26 20:33:24', '2017-03-16 15:29:32', 'SEEN_BUT_UNREAD', NULL),
(111, 20, 2, '{\"peck\":15,\"award\":\"No falls\"}', '2017-01-26 20:33:24', '2017-03-16 15:26:59', 'SEEN_BUT_UNREAD', NULL),
(112, 394, 2, '{\"peck\":15,\"award\":\"No falls\"}', '2017-01-26 20:33:24', NULL, 'NOT_SEEN', NULL),
(113, 399, 2, '{\"peck\":15,\"award\":\"No falls\"}', '2017-01-26 20:33:24', '2017-02-25 14:25:10', 'SEEN_BUT_UNREAD', NULL),
(114, 400, 2, '{\"peck\":15,\"award\":\"No falls\"}', '2017-01-26 20:33:24', NULL, 'NOT_SEEN', NULL),
(115, 401, 2, '{\"peck\":15,\"award\":\"No falls\"}', '2017-01-26 20:33:24', NULL, 'NOT_SEEN', NULL),
(116, 402, 2, '{\"peck\":15,\"award\":\"No falls\"}', '2017-01-26 20:33:24', NULL, 'NOT_SEEN', NULL),
(117, 406, 2, '{\"peck\":15,\"award\":\"No falls\"}', '2017-01-26 20:33:24', NULL, 'NOT_SEEN', NULL),
(118, 397, 3, '{\"peck\":24,\"survey_id\":5}', '2017-01-30 17:17:57', '2017-02-01 20:58:24', 'SEEN_BUT_UNREAD', NULL),
(119, 404, 3, '{\"peck\":24,\"survey_id\":6}', '2017-01-30 20:05:05', '2017-01-31 20:59:28', 'SEEN_BUT_UNREAD', NULL),
(120, 408, 3, '{\"peck\":19,\"survey_id\":7}', '2017-01-30 22:36:11', NULL, 'NOT_SEEN', NULL),
(121, 412, 3, '{\"peck\":22,\"survey_id\":8}', '2017-01-30 22:39:12', NULL, 'NOT_SEEN', NULL),
(122, 409, 3, '{\"peck\":21,\"survey_id\":9}', '2017-01-30 22:39:38', NULL, 'NOT_SEEN', NULL),
(123, 413, 3, '{\"peck\":23,\"survey_id\":10}', '2017-01-30 22:39:57', NULL, 'NOT_SEEN', NULL),
(124, 410, 3, '{\"peck\":23,\"survey_id\":11}', '2017-01-30 22:41:49', '2017-02-03 13:28:17', 'SEEN_BUT_UNREAD', NULL),
(125, 32, 8, '{\"link\":\"\\/admin#news-7\"}', '2017-01-30 22:45:36', '2017-02-07 20:05:59', 'SEEN_BUT_UNREAD', NULL),
(126, 232, 8, '{\"link\":\"\\/admin#news-7\"}', '2017-01-30 22:45:36', '2017-05-17 19:07:50', 'SEEN_BUT_UNREAD', NULL),
(127, 394, 8, '{\"link\":\"\\/admin#news-7\"}', '2017-01-30 22:45:36', NULL, 'NOT_SEEN', NULL),
(128, 395, 4, '1', '2017-02-07 17:29:37', '2017-02-07 17:29:37', 'NOT_SEEN', 5),
(129, 408, 4, '1', '2017-02-07 17:29:37', '2017-02-07 17:29:37', 'NOT_SEEN', 5),
(130, 409, 4, '1', '2017-02-07 17:29:37', '2017-02-07 17:29:37', 'NOT_SEEN', 5),
(131, 410, 4, '1', '2017-02-07 17:29:37', '2017-02-07 17:29:38', 'NOT_SEEN', 5),
(133, 412, 4, '1', '2017-02-07 17:29:37', '2017-02-07 17:29:38', 'NOT_SEEN', 5),
(134, 413, 4, '1', '2017-02-07 17:29:37', '2017-02-07 17:29:38', 'NOT_SEEN', 5),
(135, 414, 4, '1', '2017-02-07 17:29:37', '2017-02-07 17:29:38', 'NOT_SEEN', 5),
(136, 415, 4, '1', '2017-02-07 17:29:37', '2017-02-07 17:29:38', 'NOT_SEEN', 5),
(137, 416, 4, '1', '2017-02-07 17:29:37', '2017-02-09 06:26:57', 'SEEN_BUT_UNREAD', 5),
(138, 413, 3, '{\"peck\":15,\"survey_id\":12}', '2017-01-31 02:00:49', NULL, 'NOT_SEEN', NULL),
(139, 396, 2, '{\"peck\":5000,\"award\":\"No Agency Use\"}', '2017-01-31 17:18:06', NULL, 'NOT_SEEN', NULL),
(140, 397, 2, '{\"peck\":5000,\"award\":\"No Agency Use\"}', '2017-01-31 17:18:06', '2017-02-01 20:58:24', 'SEEN_BUT_UNREAD', NULL),
(141, 403, 2, '{\"peck\":5000,\"award\":\"No Agency Use\"}', '2017-01-31 17:18:06', NULL, 'NOT_SEEN', NULL),
(142, 404, 2, '{\"peck\":5000,\"award\":\"No Agency Use\"}', '2017-01-31 17:18:06', '2017-01-31 20:59:28', 'SEEN_BUT_UNREAD', NULL),
(143, 405, 2, '{\"peck\":5000,\"award\":\"No Agency Use\"}', '2017-01-31 17:18:06', NULL, 'NOT_SEEN', NULL),
(144, 407, 2, '{\"peck\":5000,\"award\":\"No Agency Use\"}', '2017-01-31 17:18:06', NULL, 'NOT_SEEN', NULL),
(145, 396, 4, '1', '2017-01-31 17:23:00', NULL, 'NOT_SEEN', 1),
(146, 397, 4, '1', '2017-01-31 17:23:00', '2017-02-01 20:58:24', 'SEEN_BUT_UNREAD', 1),
(147, 403, 4, '1', '2017-01-31 17:23:00', NULL, 'NOT_SEEN', 1),
(148, 404, 4, '1', '2017-01-31 17:23:00', '2017-01-31 20:59:28', 'SEEN_BUT_UNREAD', 1),
(149, 405, 4, '1', '2017-01-31 17:23:00', NULL, 'NOT_SEEN', 1),
(150, 407, 4, '1', '2017-01-31 17:23:00', NULL, 'NOT_SEEN', 1),
(151, 395, 2, '{\"peck\":5000,\"award\":\"No missed punches\"}', '2017-01-31 17:24:02', NULL, 'NOT_SEEN', NULL),
(152, 404, 3, '{\"peck\":24,\"survey_id\":13}', '2017-01-31 18:12:07', '2017-01-31 20:59:28', 'SEEN_BUT_UNREAD', NULL),
(153, 396, 2, '{\"peck\":25,\"award\":\"No falls\"}', '2017-01-31 20:55:14', NULL, 'NOT_SEEN', NULL),
(154, 397, 2, '{\"peck\":25,\"award\":\"No falls\"}', '2017-01-31 20:55:14', '2017-02-01 20:58:24', 'SEEN_BUT_UNREAD', NULL),
(155, 403, 2, '{\"peck\":25,\"award\":\"No falls\"}', '2017-01-31 20:55:14', NULL, 'NOT_SEEN', NULL),
(156, 404, 2, '{\"peck\":25,\"award\":\"No falls\"}', '2017-01-31 20:55:14', '2017-01-31 20:59:28', 'SEEN_BUT_UNREAD', NULL),
(157, 405, 2, '{\"peck\":25,\"award\":\"No falls\"}', '2017-01-31 20:55:14', NULL, 'NOT_SEEN', NULL),
(158, 407, 2, '{\"peck\":25,\"award\":\"No falls\"}', '2017-01-31 20:55:14', NULL, 'NOT_SEEN', NULL),
(159, 404, 2, '{\"peck\":10,\"award\":\"Top Scoring Employee 3\"}', '2017-01-31 20:55:41', '2017-01-31 20:59:28', 'SEEN_BUT_UNREAD', NULL),
(160, 403, 3, '{\"peck\":19,\"survey_id\":14}', '2017-01-31 21:00:29', NULL, 'NOT_SEEN', NULL),
(161, 405, 3, '{\"peck\":19,\"survey_id\":15}', '2017-01-31 21:00:52', NULL, 'NOT_SEEN', NULL),
(162, 18, 2, '{\"peck\":10,\"award\":\"No Clautis\"}', '2017-02-01 12:35:05', '2017-03-16 15:29:32', 'SEEN_BUT_UNREAD', NULL),
(163, 20, 2, '{\"peck\":10,\"award\":\"No Clautis\"}', '2017-02-01 12:35:05', '2017-03-16 15:26:59', 'SEEN_BUT_UNREAD', NULL),
(164, 394, 2, '{\"peck\":10,\"award\":\"No Clautis\"}', '2017-02-01 12:35:05', NULL, 'NOT_SEEN', NULL),
(165, 399, 2, '{\"peck\":10,\"award\":\"No Clautis\"}', '2017-02-01 12:35:05', '2017-02-25 14:25:10', 'SEEN_BUT_UNREAD', NULL),
(166, 400, 2, '{\"peck\":10,\"award\":\"No Clautis\"}', '2017-02-01 12:35:05', NULL, 'NOT_SEEN', NULL),
(167, 401, 2, '{\"peck\":10,\"award\":\"No Clautis\"}', '2017-02-01 12:35:05', NULL, 'NOT_SEEN', NULL),
(168, 402, 2, '{\"peck\":10,\"award\":\"No Clautis\"}', '2017-02-01 12:35:05', NULL, 'NOT_SEEN', NULL),
(169, 406, 2, '{\"peck\":10,\"award\":\"No Clautis\"}', '2017-02-01 12:35:05', NULL, 'NOT_SEEN', NULL),
(170, 403, 2, '{\"peck\":10,\"award\":\"Top Scoring Employee\"}', '2017-02-01 12:35:15', NULL, 'NOT_SEEN', NULL),
(171, 408, 3, '{\"peck\":21,\"survey_id\":16}', '2017-02-01 20:51:00', NULL, 'NOT_SEEN', NULL),
(172, 407, 3, '{\"peck\":18,\"survey_id\":17}', '2017-02-01 22:31:37', NULL, 'NOT_SEEN', NULL),
(173, 404, 3, '{\"peck\":19,\"survey_id\":18}', '2017-02-01 22:33:31', NULL, 'NOT_SEEN', NULL),
(174, 395, 4, '2', '2017-03-31 18:02:21', '2017-03-31 18:02:21', 'NOT_SEEN', 1),
(175, 408, 4, '2', '2017-03-31 18:02:21', '2017-03-31 18:02:21', 'NOT_SEEN', 1),
(176, 409, 4, '2', '2017-03-31 18:02:21', '2017-03-31 18:02:21', 'NOT_SEEN', 1),
(177, 410, 4, '2', '2017-03-31 18:02:21', '2017-03-31 18:02:21', 'NOT_SEEN', 1),
(179, 412, 4, '2', '2017-03-31 18:02:21', '2017-03-31 18:02:21', 'NOT_SEEN', 1),
(180, 413, 4, '2', '2017-03-31 18:02:21', '2017-03-31 18:02:21', 'NOT_SEEN', 1),
(181, 414, 4, '2', '2017-03-31 18:02:21', '2017-03-31 18:02:22', 'NOT_SEEN', 1),
(182, 415, 4, '2', '2017-03-31 18:02:21', '2017-03-31 18:02:22', 'NOT_SEEN', 1),
(183, 416, 4, '2', '2017-03-31 18:02:21', '2017-03-31 18:02:22', 'NOT_SEEN', 1),
(184, 408, 3, '{\"peck\":20,\"survey_id\":19}', '2017-02-01 22:53:27', NULL, 'NOT_SEEN', NULL),
(185, 416, 3, '{\"peck\":15,\"survey_id\":20}', '2017-02-02 06:31:44', '2017-02-09 06:26:57', 'SEEN_BUT_UNREAD', NULL),
(186, 408, 3, '{\"peck\":21,\"survey_id\":21}', '2017-02-02 14:43:15', NULL, 'NOT_SEEN', NULL),
(187, 395, 3, '{\"peck\":15,\"survey_id\":22}', '2017-02-02 17:42:39', NULL, 'NOT_SEEN', NULL),
(188, 412, 3, '{\"peck\":25,\"survey_id\":23}', '2017-02-02 19:40:24', NULL, 'NOT_SEEN', NULL),
(189, 413, 3, '{\"peck\":21,\"survey_id\":24}', '2017-02-02 20:06:43', NULL, 'NOT_SEEN', NULL),
(190, 408, 3, '{\"peck\":24,\"survey_id\":25}', '2017-02-02 20:49:39', NULL, 'NOT_SEEN', NULL),
(191, 409, 3, '{\"peck\":24,\"survey_id\":26}', '2017-02-02 20:50:05', NULL, 'NOT_SEEN', NULL),
(192, 410, 3, '{\"peck\":24,\"survey_id\":27}', '2017-02-02 20:50:32', '2017-02-03 13:28:17', 'SEEN_BUT_UNREAD', NULL),
(195, 412, 3, '{\"peck\":22,\"survey_id\":30}', '2017-02-02 20:52:05', NULL, 'NOT_SEEN', NULL),
(196, 413, 3, '{\"peck\":23,\"survey_id\":31}', '2017-02-02 20:52:21', NULL, 'NOT_SEEN', NULL),
(197, 414, 3, '{\"peck\":20,\"survey_id\":32}', '2017-02-02 20:52:38', NULL, 'NOT_SEEN', NULL),
(198, 415, 3, '{\"peck\":20,\"survey_id\":33}', '2017-02-02 20:53:00', NULL, 'NOT_SEEN', NULL),
(199, 416, 3, '{\"peck\":24,\"survey_id\":34}', '2017-02-02 20:53:16', '2017-02-09 06:26:57', 'SEEN_BUT_UNREAD', NULL),
(200, 395, 3, '{\"peck\":19,\"survey_id\":35}', '2017-02-02 20:53:35', NULL, 'NOT_SEEN', NULL),
(201, 408, 3, '{\"peck\":24,\"survey_id\":36}', '2017-02-06 17:40:20', NULL, 'NOT_SEEN', NULL),
(212, 396, 4, '2', '2017-02-07 20:15:56', '2017-02-07 20:15:56', 'NOT_SEEN', 6),
(213, 397, 4, '2', '2017-02-07 20:15:56', '2017-02-07 20:15:56', 'NOT_SEEN', 6),
(214, 403, 4, '2', '2017-02-07 20:15:56', '2017-02-07 20:15:56', 'NOT_SEEN', 6),
(215, 404, 4, '2', '2017-02-07 20:15:56', '2017-02-07 20:15:56', 'NOT_SEEN', 6),
(216, 405, 4, '2', '2017-02-07 20:15:56', '2017-02-07 20:15:56', 'NOT_SEEN', 6),
(217, 407, 4, '2', '2017-02-07 20:15:56', '2017-02-07 20:15:56', 'NOT_SEEN', 6),
(219, 416, 3, '{\"peck\":24,\"survey_id\":38}', '2017-02-06 19:39:36', '2017-02-09 06:26:57', 'SEEN_BUT_UNREAD', NULL),
(220, 409, 3, '{\"peck\":21,\"survey_id\":39}', '2017-02-06 21:05:28', NULL, 'NOT_SEEN', NULL),
(221, 415, 3, '{\"peck\":22,\"survey_id\":40}', '2017-02-07 17:03:23', NULL, 'NOT_SEEN', NULL),
(222, 408, 3, '{\"peck\":23,\"survey_id\":41}', '2017-02-07 17:22:01', NULL, 'NOT_SEEN', NULL),
(223, 409, 3, '{\"peck\":22,\"survey_id\":42}', '2017-02-07 17:22:18', NULL, 'NOT_SEEN', NULL),
(224, 410, 3, '{\"peck\":22,\"survey_id\":43}', '2017-02-07 17:22:35', NULL, 'NOT_SEEN', NULL),
(226, 412, 3, '{\"peck\":22,\"survey_id\":45}', '2017-02-07 17:23:54', NULL, 'NOT_SEEN', NULL),
(227, 413, 3, '{\"peck\":24,\"survey_id\":46}', '2017-02-07 17:24:18', NULL, 'NOT_SEEN', NULL),
(228, 414, 3, '{\"peck\":17,\"survey_id\":47}', '2017-02-07 17:24:37', NULL, 'NOT_SEEN', NULL),
(229, 416, 3, '{\"peck\":24,\"survey_id\":48}', '2017-02-07 17:25:01', '2017-02-09 06:26:57', 'SEEN_BUT_UNREAD', NULL),
(230, 395, 4, '0', '2017-02-20 19:03:54', '2017-02-20 19:03:54', 'NOT_SEEN', 2),
(231, 408, 4, '0', '2017-02-20 19:03:54', '2017-02-20 19:03:54', 'NOT_SEEN', 2),
(232, 409, 4, '0', '2017-02-20 19:03:54', '2017-02-20 19:03:54', 'NOT_SEEN', 2),
(233, 410, 4, '0', '2017-02-20 19:03:54', '2017-02-20 19:03:54', 'NOT_SEEN', 2),
(235, 412, 4, '0', '2017-02-20 19:03:54', '2017-02-20 19:03:54', 'NOT_SEEN', 2),
(236, 413, 4, '0', '2017-02-20 19:03:54', '2017-02-20 19:03:54', 'NOT_SEEN', 2),
(237, 414, 4, '0', '2017-02-20 19:03:54', '2017-02-20 19:03:54', 'NOT_SEEN', 2),
(238, 415, 4, '0', '2017-02-20 19:03:54', '2017-02-20 19:03:54', 'NOT_SEEN', 2),
(239, 416, 4, '0', '2017-02-20 19:03:54', '2017-02-20 19:03:54', 'NOT_SEEN', 2),
(240, 395, 4, '2', '2017-05-19 17:06:23', '2017-05-19 17:06:23', 'NOT_SEEN', 6),
(241, 408, 4, '2', '2017-05-19 17:06:23', '2017-05-19 17:06:23', 'NOT_SEEN', 6),
(242, 409, 4, '2', '2017-05-19 17:06:23', '2017-05-19 17:06:23', 'NOT_SEEN', 6),
(243, 410, 4, '2', '2017-05-19 17:06:23', '2017-05-19 17:06:23', 'NOT_SEEN', 6),
(245, 412, 4, '2', '2017-05-19 17:06:23', '2017-05-19 17:06:23', 'NOT_SEEN', 6),
(246, 413, 4, '2', '2017-05-19 17:06:23', '2017-05-19 17:06:23', 'NOT_SEEN', 6),
(247, 414, 4, '2', '2017-05-19 17:06:23', '2017-05-19 17:06:23', 'NOT_SEEN', 6),
(248, 415, 4, '2', '2017-05-19 17:06:23', '2017-05-19 17:06:23', 'NOT_SEEN', 6),
(249, 416, 4, '2', '2017-05-19 17:06:23', '2017-05-19 17:06:23', 'NOT_SEEN', 6),
(270, 395, 4, '2', '2017-02-07 20:30:07', '2017-02-07 20:30:07', 'NOT_SEEN', 4),
(271, 408, 4, '2', '2017-02-07 20:30:07', '2017-02-07 20:30:07', 'NOT_SEEN', 4),
(272, 409, 4, '2', '2017-02-07 20:30:07', '2017-02-07 20:30:07', 'NOT_SEEN', 4),
(273, 410, 4, '2', '2017-02-07 20:30:07', '2017-02-07 20:30:07', 'NOT_SEEN', 4),
(275, 412, 4, '2', '2017-02-07 20:30:07', '2017-02-07 20:30:07', 'NOT_SEEN', 4),
(276, 413, 4, '2', '2017-02-07 20:30:07', '2017-02-07 20:30:07', 'NOT_SEEN', 4),
(277, 414, 4, '2', '2017-02-07 20:30:07', '2017-02-07 20:30:07', 'NOT_SEEN', 4),
(278, 415, 4, '2', '2017-02-07 20:30:07', '2017-02-07 20:30:07', 'NOT_SEEN', 4),
(279, 416, 4, '2', '2017-02-07 20:30:07', '2017-02-09 06:26:57', 'SEEN_BUT_UNREAD', 4),
(280, 395, 3, '{\"peck\":20,\"survey_id\":49}', '2017-02-07 17:32:39', NULL, 'NOT_SEEN', NULL),
(287, 395, 4, '1', '2017-02-07 20:29:33', NULL, 'NOT_SEEN', 3),
(288, 408, 4, '1', '2017-02-07 20:29:33', NULL, 'NOT_SEEN', 3),
(289, 409, 4, '1', '2017-02-07 20:29:33', NULL, 'NOT_SEEN', 3),
(290, 410, 4, '1', '2017-02-07 20:29:33', NULL, 'NOT_SEEN', 3),
(292, 412, 4, '1', '2017-02-07 20:29:33', NULL, 'NOT_SEEN', 3),
(293, 413, 4, '1', '2017-02-07 20:29:33', NULL, 'NOT_SEEN', 3),
(294, 414, 4, '1', '2017-02-07 20:29:33', NULL, 'NOT_SEEN', 3),
(295, 415, 4, '1', '2017-02-07 20:29:33', NULL, 'NOT_SEEN', 3),
(296, 416, 4, '1', '2017-02-07 20:29:33', '2017-02-09 06:26:57', 'SEEN_BUT_UNREAD', 3),
(297, 419, 4, '1', '2017-02-07 20:29:33', NULL, 'NOT_SEEN', 3),
(298, 420, 4, '1', '2017-02-07 20:29:33', NULL, 'NOT_SEEN', 3),
(309, 419, 4, '2', '2017-02-07 20:30:07', NULL, 'NOT_SEEN', 4),
(310, 420, 4, '2', '2017-02-07 20:30:07', NULL, 'NOT_SEEN', 4),
(311, 395, 2, '{\"peck\":50,\"award\":\"No Agency Use\"}', '2017-02-07 20:31:36', NULL, 'NOT_SEEN', NULL),
(312, 408, 2, '{\"peck\":50,\"award\":\"No Agency Use\"}', '2017-02-07 20:31:36', NULL, 'NOT_SEEN', NULL),
(313, 409, 2, '{\"peck\":50,\"award\":\"No Agency Use\"}', '2017-02-07 20:31:36', NULL, 'NOT_SEEN', NULL),
(314, 410, 2, '{\"peck\":50,\"award\":\"No Agency Use\"}', '2017-02-07 20:31:36', NULL, 'NOT_SEEN', NULL),
(316, 412, 2, '{\"peck\":50,\"award\":\"No Agency Use\"}', '2017-02-07 20:31:36', NULL, 'NOT_SEEN', NULL),
(317, 413, 2, '{\"peck\":50,\"award\":\"No Agency Use\"}', '2017-02-07 20:31:36', NULL, 'NOT_SEEN', NULL),
(318, 414, 2, '{\"peck\":50,\"award\":\"No Agency Use\"}', '2017-02-07 20:31:36', NULL, 'NOT_SEEN', NULL),
(319, 415, 2, '{\"peck\":50,\"award\":\"No Agency Use\"}', '2017-02-07 20:31:36', NULL, 'NOT_SEEN', NULL),
(320, 416, 2, '{\"peck\":50,\"award\":\"No Agency Use\"}', '2017-02-07 20:31:36', '2017-02-09 06:26:57', 'SEEN_BUT_UNREAD', NULL),
(321, 419, 2, '{\"peck\":50,\"award\":\"No Agency Use\"}', '2017-02-07 20:31:36', NULL, 'NOT_SEEN', NULL),
(322, 420, 2, '{\"peck\":50,\"award\":\"No Agency Use\"}', '2017-02-07 20:31:36', NULL, 'NOT_SEEN', NULL),
(323, 420, 2, '{\"peck\":35,\"award\":\"Top Scoring Employee\"}', '2017-02-07 20:32:55', NULL, 'NOT_SEEN', NULL),
(334, 419, 4, '2', '2017-03-31 18:02:21', '2017-03-31 18:02:22', 'NOT_SEEN', 1),
(335, 420, 4, '2', '2017-03-31 18:02:21', '2017-03-31 18:02:22', 'NOT_SEEN', 1),
(336, 421, 4, '2', '2017-03-31 18:02:21', '2017-03-31 18:02:22', 'NOT_SEEN', 1),
(337, 422, 4, '2', '2017-03-31 18:02:21', '2017-03-31 18:02:22', 'NOT_SEEN', 1),
(352, 18, 2, '{\"peck\":50,\"award\":\"No Agency Use 2\"}', '2017-02-07 21:40:15', '2017-03-16 15:29:32', 'SEEN_BUT_UNREAD', NULL),
(353, 20, 2, '{\"peck\":50,\"award\":\"No Agency Use 2\"}', '2017-02-07 21:40:15', '2017-03-16 15:26:59', 'SEEN_BUT_UNREAD', NULL),
(354, 394, 2, '{\"peck\":50,\"award\":\"No Agency Use 2\"}', '2017-02-07 21:40:15', NULL, 'NOT_SEEN', NULL),
(355, 399, 2, '{\"peck\":50,\"award\":\"No Agency Use 2\"}', '2017-02-07 21:40:15', '2017-02-25 14:25:10', 'SEEN_BUT_UNREAD', NULL),
(356, 400, 2, '{\"peck\":50,\"award\":\"No Agency Use 2\"}', '2017-02-07 21:40:15', NULL, 'NOT_SEEN', NULL),
(357, 401, 2, '{\"peck\":50,\"award\":\"No Agency Use 2\"}', '2017-02-07 21:40:15', NULL, 'NOT_SEEN', NULL),
(358, 402, 2, '{\"peck\":50,\"award\":\"No Agency Use 2\"}', '2017-02-07 21:40:15', NULL, 'NOT_SEEN', NULL),
(359, 406, 2, '{\"peck\":50,\"award\":\"No Agency Use 2\"}', '2017-02-07 21:40:15', NULL, 'NOT_SEEN', NULL),
(360, 419, 3, '{\"peck\":24,\"survey_id\":50}', '2017-02-07 21:44:11', NULL, 'NOT_SEEN', NULL),
(361, 420, 3, '{\"peck\":23,\"survey_id\":51}', '2017-02-07 21:44:35', NULL, 'NOT_SEEN', NULL),
(362, 413, 3, '{\"peck\":24,\"survey_id\":52}', '2017-02-07 21:45:11', NULL, 'NOT_SEEN', NULL),
(363, 408, 3, '{\"peck\":24,\"survey_id\":53}', '2017-02-08 18:40:53', NULL, 'NOT_SEEN', NULL),
(364, 409, 3, '{\"peck\":23,\"survey_id\":54}', '2017-02-08 18:41:09', NULL, 'NOT_SEEN', NULL),
(366, 413, 3, '{\"peck\":24,\"survey_id\":56}', '2017-02-08 18:41:41', NULL, 'NOT_SEEN', NULL),
(367, 412, 3, '{\"peck\":17,\"survey_id\":57}', '2017-02-08 18:41:56', NULL, 'NOT_SEEN', NULL),
(368, 414, 3, '{\"peck\":21,\"survey_id\":58}', '2017-02-08 18:42:10', NULL, 'NOT_SEEN', NULL),
(369, 415, 3, '{\"peck\":18,\"survey_id\":59}', '2017-02-08 18:42:23', NULL, 'NOT_SEEN', NULL),
(370, 413, 3, '{\"peck\":25,\"survey_id\":60}', '2017-02-08 19:17:47', NULL, 'NOT_SEEN', NULL),
(371, 419, 3, '{\"peck\":20,\"survey_id\":61}', '2017-02-08 19:18:05', NULL, 'NOT_SEEN', NULL),
(372, 422, 3, '{\"peck\":24,\"survey_id\":62}', '2017-02-08 21:00:50', NULL, 'NOT_SEEN', NULL),
(373, 421, 3, '{\"peck\":24,\"survey_id\":63}', '2017-02-08 21:25:47', NULL, 'NOT_SEEN', NULL),
(374, 413, 8, '{\"link\":\"\\/admin#news-15\"}', '2017-02-08 21:29:12', NULL, 'NOT_SEEN', NULL),
(375, 422, 1, '{\"peck\":25, \"shift_time\":7am-3pm, \"shift_date\":02/08/2017, \"shift_unit\":Broward Health Medical Center}', '2017-02-08 21:31:53', NULL, 'NOT_SEEN', NULL),
(390, 421, 1, '{\"peck\":25, \"shift_time\":7am-3pm, \"shift_date\":02/08/2017, \"shift_unit\":Broward Health Medical Center}', '2017-02-08 21:32:23', NULL, 'NOT_SEEN', NULL),
(405, 395, 3, '{\"peck\":22,\"survey_id\":64}', '2017-02-08 21:40:48', NULL, 'NOT_SEEN', NULL),
(406, 404, 3, '{\"peck\":30,\"survey_id\":65}', '2017-02-08 22:13:01', NULL, 'NOT_SEEN', NULL),
(408, 420, 3, '{\"peck\":24,\"survey_id\":67}', '2017-02-10 19:08:59', NULL, 'NOT_SEEN', NULL),
(409, 409, 3, '{\"peck\":24,\"survey_id\":68}', '2017-02-10 19:11:37', NULL, 'NOT_SEEN', NULL),
(410, 422, 3, '{\"peck\":25,\"survey_id\":69}', '2017-02-10 19:14:37', NULL, 'NOT_SEEN', NULL),
(411, 408, 3, '{\"peck\":24,\"survey_id\":70}', '2017-02-10 20:05:47', NULL, 'NOT_SEEN', NULL),
(412, 415, 3, '{\"peck\":23,\"survey_id\":71}', '2017-02-10 20:06:19', NULL, 'NOT_SEEN', NULL),
(413, 419, 3, '{\"peck\":25,\"survey_id\":72}', '2017-02-10 20:17:34', NULL, 'NOT_SEEN', NULL),
(414, 394, 3, '{\"peck\":17,\"survey_id\":73}', '2017-02-11 05:34:00', NULL, 'NOT_SEEN', NULL),
(415, 394, 3, '{\"peck\":17,\"survey_id\":74}', '2017-02-11 15:02:12', NULL, 'NOT_SEEN', NULL),
(416, 408, 3, '{\"peck\":24,\"survey_id\":75}', '2017-02-13 17:33:26', NULL, 'NOT_SEEN', NULL),
(417, 409, 3, '{\"peck\":24,\"survey_id\":76}', '2017-02-13 17:33:51', NULL, 'NOT_SEEN', NULL),
(419, 412, 3, '{\"peck\":16,\"survey_id\":78}', '2017-02-13 17:34:26', NULL, 'NOT_SEEN', NULL),
(420, 413, 3, '{\"peck\":24,\"survey_id\":79}', '2017-02-13 17:34:43', NULL, 'NOT_SEEN', NULL),
(421, 414, 3, '{\"peck\":21,\"survey_id\":80}', '2017-02-13 17:35:00', NULL, 'NOT_SEEN', NULL),
(422, 415, 3, '{\"peck\":22,\"survey_id\":81}', '2017-02-13 17:35:17', NULL, 'NOT_SEEN', NULL),
(423, 416, 3, '{\"peck\":23,\"survey_id\":82}', '2017-02-13 17:35:33', NULL, 'NOT_SEEN', NULL),
(424, 419, 3, '{\"peck\":21,\"survey_id\":83}', '2017-02-13 17:35:52', NULL, 'NOT_SEEN', NULL),
(425, 420, 3, '{\"peck\":23,\"survey_id\":84}', '2017-02-13 17:36:11', NULL, 'NOT_SEEN', NULL),
(426, 421, 3, '{\"peck\":25,\"survey_id\":85}', '2017-02-13 17:36:27', NULL, 'NOT_SEEN', NULL),
(427, 422, 3, '{\"peck\":25,\"survey_id\":86}', '2017-02-13 17:36:41', NULL, 'NOT_SEEN', NULL),
(428, 18, 3, '{\"peck\":24,\"survey_id\":87}', '2017-02-13 17:48:02', '2017-03-16 15:29:32', 'SEEN_BUT_UNREAD', NULL),
(430, 18, 2, '{\"peck\":25,\"award\":\"No Agency Use\"}', '2017-02-13 18:10:53', '2017-03-16 15:29:32', 'SEEN_BUT_UNREAD', NULL),
(431, 395, 2, '{\"peck\":25,\"award\":\"No Agency Use\"}', '2017-02-13 18:10:53', NULL, 'NOT_SEEN', NULL),
(432, 408, 2, '{\"peck\":25,\"award\":\"No Agency Use\"}', '2017-02-13 18:10:53', NULL, 'NOT_SEEN', NULL),
(433, 409, 2, '{\"peck\":25,\"award\":\"No Agency Use\"}', '2017-02-13 18:10:53', NULL, 'NOT_SEEN', NULL),
(434, 410, 2, '{\"peck\":25,\"award\":\"No Agency Use\"}', '2017-02-13 18:10:53', NULL, 'NOT_SEEN', NULL),
(436, 412, 2, '{\"peck\":25,\"award\":\"No Agency Use\"}', '2017-02-13 18:10:53', NULL, 'NOT_SEEN', NULL),
(437, 413, 2, '{\"peck\":25,\"award\":\"No Agency Use\"}', '2017-02-13 18:10:53', NULL, 'NOT_SEEN', NULL),
(438, 414, 2, '{\"peck\":25,\"award\":\"No Agency Use\"}', '2017-02-13 18:10:53', NULL, 'NOT_SEEN', NULL),
(439, 415, 2, '{\"peck\":25,\"award\":\"No Agency Use\"}', '2017-02-13 18:10:53', NULL, 'NOT_SEEN', NULL),
(440, 416, 2, '{\"peck\":25,\"award\":\"No Agency Use\"}', '2017-02-13 18:10:53', NULL, 'NOT_SEEN', NULL),
(441, 419, 2, '{\"peck\":25,\"award\":\"No Agency Use\"}', '2017-02-13 18:10:53', NULL, 'NOT_SEEN', NULL),
(442, 420, 2, '{\"peck\":25,\"award\":\"No Agency Use\"}', '2017-02-13 18:10:53', NULL, 'NOT_SEEN', NULL),
(443, 421, 2, '{\"peck\":25,\"award\":\"No Agency Use\"}', '2017-02-13 18:10:53', NULL, 'NOT_SEEN', NULL),
(444, 422, 2, '{\"peck\":25,\"award\":\"No Agency Use\"}', '2017-02-13 18:10:53', NULL, 'NOT_SEEN', NULL),
(446, 395, 3, '{\"peck\":21,\"survey_id\":90}', '2017-02-13 18:18:09', NULL, 'NOT_SEEN', NULL),
(447, 18, 8, '{\"link\":\"\\/admin#news-18\"}', '2017-02-13 19:04:23', '2017-03-16 15:29:32', 'SEEN_BUT_UNREAD', NULL),
(448, 18, 3, '{\"peck\":21,\"survey_id\":91}', '2017-02-13 21:29:47', '2017-03-16 15:29:32', 'SEEN_BUT_UNREAD', NULL),
(449, 415, 3, '{\"peck\":14,\"survey_id\":92}', '2017-02-13 22:31:28', NULL, 'NOT_SEEN', NULL),
(450, 410, 3, '{\"peck\":20,\"survey_id\":93}', '2017-02-13 22:39:33', NULL, 'NOT_SEEN', NULL),
(451, 399, 3, '{\"peck\":18,\"survey_id\":94}', '2017-02-14 04:38:57', '2017-02-25 14:25:10', 'SEEN_BUT_UNREAD', NULL),
(452, 401, 3, '{\"peck\":19,\"survey_id\":95}', '2017-02-14 04:42:16', NULL, 'NOT_SEEN', NULL),
(453, 402, 3, '{\"peck\":21,\"survey_id\":96}', '2017-02-14 14:43:19', NULL, 'NOT_SEEN', NULL),
(454, 406, 3, '{\"peck\":20,\"survey_id\":97}', '2017-02-14 14:48:10', NULL, 'NOT_SEEN', NULL),
(455, 394, 3, '{\"peck\":17,\"survey_id\":98}', '2017-02-14 16:16:58', NULL, 'NOT_SEEN', NULL),
(456, 413, 3, '{\"peck\":24,\"survey_id\":99}', '2017-02-14 18:34:15', NULL, 'NOT_SEEN', NULL),
(458, 410, 3, '{\"peck\":25,\"survey_id\":101}', '2017-02-14 18:41:48', NULL, 'NOT_SEEN', NULL),
(459, 408, 3, '{\"peck\":23,\"survey_id\":102}', '2017-02-14 19:09:04', NULL, 'NOT_SEEN', NULL),
(460, 419, 3, '{\"peck\":18,\"survey_id\":103}', '2017-02-14 19:32:16', NULL, 'NOT_SEEN', NULL),
(461, 414, 3, '{\"peck\":15,\"survey_id\":104}', '2017-02-14 19:32:42', NULL, 'NOT_SEEN', NULL),
(463, 412, 3, '{\"peck\":25,\"survey_id\":106}', '2017-02-14 20:02:55', NULL, 'NOT_SEEN', NULL),
(464, 409, 3, '{\"peck\":22,\"survey_id\":107}', '2017-02-14 20:05:06', NULL, 'NOT_SEEN', NULL),
(465, 422, 3, '{\"peck\":24,\"survey_id\":108}', '2017-02-14 20:13:04', NULL, 'NOT_SEEN', NULL),
(467, 419, 3, '{\"peck\":19,\"survey_id\":110}', '2017-02-16 03:43:57', NULL, 'NOT_SEEN', NULL),
(468, 413, 3, '{\"peck\":21,\"survey_id\":111}', '2017-02-16 03:44:17', NULL, 'NOT_SEEN', NULL),
(470, 421, 3, '{\"peck\":17,\"survey_id\":113}', '2017-02-16 03:44:51', NULL, 'NOT_SEEN', NULL),
(471, 416, 3, '{\"peck\":23,\"survey_id\":114}', '2017-02-16 03:45:11', NULL, 'NOT_SEEN', NULL),
(507, 400, 4, '1', '2017-02-17 17:15:17', NULL, 'NOT_SEEN', 1),
(508, 401, 4, '1', '2017-02-17 17:15:17', NULL, 'NOT_SEEN', 1),
(509, 402, 4, '1', '2017-02-17 17:15:17', NULL, 'NOT_SEEN', 1),
(510, 406, 4, '1', '2017-02-17 17:15:17', NULL, 'NOT_SEEN', 1),
(511, 18, 2, '{\"peck\":250,\"award\":\"No falls\"}', '2017-02-17 17:20:57', '2017-03-16 15:29:32', 'SEEN_BUT_UNREAD', NULL),
(512, 395, 2, '{\"peck\":250,\"award\":\"No falls\"}', '2017-02-17 17:20:57', NULL, 'NOT_SEEN', NULL),
(513, 408, 2, '{\"peck\":250,\"award\":\"No falls\"}', '2017-02-17 17:20:57', NULL, 'NOT_SEEN', NULL),
(514, 409, 2, '{\"peck\":250,\"award\":\"No falls\"}', '2017-02-17 17:20:57', NULL, 'NOT_SEEN', NULL),
(515, 410, 2, '{\"peck\":250,\"award\":\"No falls\"}', '2017-02-17 17:20:57', NULL, 'NOT_SEEN', NULL),
(517, 412, 2, '{\"peck\":250,\"award\":\"No falls\"}', '2017-02-17 17:20:57', NULL, 'NOT_SEEN', NULL),
(518, 413, 2, '{\"peck\":250,\"award\":\"No falls\"}', '2017-02-17 17:20:57', NULL, 'NOT_SEEN', NULL),
(519, 414, 2, '{\"peck\":250,\"award\":\"No falls\"}', '2017-02-17 17:20:57', NULL, 'NOT_SEEN', NULL),
(520, 415, 2, '{\"peck\":250,\"award\":\"No falls\"}', '2017-02-17 17:20:57', NULL, 'NOT_SEEN', NULL),
(521, 416, 2, '{\"peck\":250,\"award\":\"No falls\"}', '2017-02-17 17:20:57', NULL, 'NOT_SEEN', NULL),
(522, 419, 2, '{\"peck\":250,\"award\":\"No falls\"}', '2017-02-17 17:20:57', NULL, 'NOT_SEEN', NULL),
(523, 420, 2, '{\"peck\":250,\"award\":\"No falls\"}', '2017-02-17 17:20:57', NULL, 'NOT_SEEN', NULL),
(524, 421, 2, '{\"peck\":250,\"award\":\"No falls\"}', '2017-02-17 17:20:57', NULL, 'NOT_SEEN', NULL),
(525, 422, 2, '{\"peck\":250,\"award\":\"No falls\"}', '2017-02-17 17:20:57', NULL, 'NOT_SEEN', NULL),
(526, 408, 3, '{\"peck\":17,\"survey_id\":117}', '2017-02-20 18:58:50', NULL, 'NOT_SEEN', NULL),
(527, 422, 3, '{\"peck\":20,\"survey_id\":118}', '2017-02-20 18:59:24', NULL, 'NOT_SEEN', NULL),
(528, 420, 3, '{\"peck\":23,\"survey_id\":119}', '2017-02-20 18:59:56', NULL, 'NOT_SEEN', NULL),
(529, 415, 3, '{\"peck\":18,\"survey_id\":120}', '2017-02-20 19:00:27', NULL, 'NOT_SEEN', NULL),
(530, 410, 3, '{\"peck\":18,\"survey_id\":121}', '2017-02-20 19:00:56', NULL, 'NOT_SEEN', NULL),
(547, 414, 1, '{\"peck\":25, \"shift_time\":11pm-7am, \"shift_date\":02/20/2017, \"shift_unit\":Broward Health Medical Center}', '2017-02-20 19:03:54', NULL, 'NOT_SEEN', NULL),
(559, 419, 4, '0', '2017-02-20 19:03:54', NULL, 'NOT_SEEN', 2),
(560, 420, 4, '0', '2017-02-20 19:03:54', NULL, 'NOT_SEEN', 2),
(561, 421, 4, '0', '2017-02-20 19:03:54', NULL, 'NOT_SEEN', 2),
(562, 422, 4, '0', '2017-02-20 19:03:54', NULL, 'NOT_SEEN', 2),
(563, 408, 1, '{\"peck\":25, \"shift_time\":7am-3pm, \"shift_date\":03/08/2017, \"shift_unit\":Broward Health Medical Center}', '2017-02-20 19:04:01', NULL, 'NOT_SEEN', NULL),
(580, 409, 3, '{\"peck\":21,\"survey_id\":123}', '2017-02-21 20:21:28', NULL, 'NOT_SEEN', NULL),
(581, 395, 3, '{\"peck\":21,\"survey_id\":124}', '2017-02-22 20:59:43', NULL, 'NOT_SEEN', NULL),
(582, 416, 3, '{\"peck\":22,\"survey_id\":125}', '2017-02-23 17:01:11', NULL, 'NOT_SEEN', NULL),
(583, 408, 3, '{\"peck\":20,\"survey_id\":126}', '2017-02-24 23:37:47', NULL, 'NOT_SEEN', NULL),
(584, 413, 3, '{\"peck\":21,\"survey_id\":127}', '2017-02-24 23:38:06', NULL, 'NOT_SEEN', NULL),
(586, 416, 3, '{\"peck\":20,\"survey_id\":129}', '2017-02-24 23:40:27', NULL, 'NOT_SEEN', NULL),
(587, 419, 3, '{\"peck\":18,\"survey_id\":130}', '2017-02-24 23:40:55', NULL, 'NOT_SEEN', NULL),
(588, 412, 3, '{\"peck\":21,\"survey_id\":131}', '2017-02-24 23:43:05', NULL, 'NOT_SEEN', NULL),
(637, 416, 3, '{\"peck\":15,\"survey_id\":134}', '2017-02-27 03:35:51', NULL, 'NOT_SEEN', NULL),
(638, 410, 3, '{\"peck\":19,\"survey_id\":135}', '2017-02-27 03:36:06', NULL, 'NOT_SEEN', NULL),
(639, 408, 3, '{\"peck\":20,\"survey_id\":136}', '2017-02-27 03:36:26', NULL, 'NOT_SEEN', NULL),
(640, 420, 3, '{\"peck\":18,\"survey_id\":137}', '2017-02-27 03:36:46', NULL, 'NOT_SEEN', NULL),
(641, 419, 3, '{\"peck\":21,\"survey_id\":138}', '2017-02-27 03:37:02', NULL, 'NOT_SEEN', NULL),
(642, 395, 3, '{\"peck\":22,\"survey_id\":139}', '2017-02-27 16:40:21', NULL, 'NOT_SEEN', NULL),
(643, 409, 3, '{\"peck\":18,\"survey_id\":140}', '2017-02-27 16:40:39', NULL, 'NOT_SEEN', NULL),
(645, 414, 3, '{\"peck\":5,\"survey_id\":142}', '2017-02-27 16:44:12', NULL, 'NOT_SEEN', NULL),
(646, 422, 3, '{\"peck\":21,\"survey_id\":143}', '2017-02-27 16:44:34', NULL, 'NOT_SEEN', NULL),
(648, 18, 2, '{\"peck\":1,\"award\":\"No Clautis\"}', '2017-02-28 02:23:30', '2017-03-16 15:29:32', 'SEEN_BUT_UNREAD', NULL),
(649, 395, 2, '{\"peck\":1,\"award\":\"No Clautis\"}', '2017-02-28 02:23:30', NULL, 'NOT_SEEN', NULL),
(650, 408, 2, '{\"peck\":1,\"award\":\"No Clautis\"}', '2017-02-28 02:23:30', NULL, 'NOT_SEEN', NULL),
(651, 409, 2, '{\"peck\":1,\"award\":\"No Clautis\"}', '2017-02-28 02:23:30', NULL, 'NOT_SEEN', NULL),
(652, 410, 2, '{\"peck\":1,\"award\":\"No Clautis\"}', '2017-02-28 02:23:30', NULL, 'NOT_SEEN', NULL),
(654, 412, 2, '{\"peck\":1,\"award\":\"No Clautis\"}', '2017-02-28 02:23:30', NULL, 'NOT_SEEN', NULL),
(655, 413, 2, '{\"peck\":1,\"award\":\"No Clautis\"}', '2017-02-28 02:23:30', NULL, 'NOT_SEEN', NULL),
(656, 414, 2, '{\"peck\":1,\"award\":\"No Clautis\"}', '2017-02-28 02:23:30', NULL, 'NOT_SEEN', NULL),
(657, 415, 2, '{\"peck\":1,\"award\":\"No Clautis\"}', '2017-02-28 02:23:30', NULL, 'NOT_SEEN', NULL),
(658, 416, 2, '{\"peck\":1,\"award\":\"No Clautis\"}', '2017-02-28 02:23:30', NULL, 'NOT_SEEN', NULL),
(659, 419, 2, '{\"peck\":1,\"award\":\"No Clautis\"}', '2017-02-28 02:23:30', NULL, 'NOT_SEEN', NULL),
(660, 420, 2, '{\"peck\":1,\"award\":\"No Clautis\"}', '2017-02-28 02:23:30', NULL, 'NOT_SEEN', NULL),
(661, 421, 2, '{\"peck\":1,\"award\":\"No Clautis\"}', '2017-02-28 02:23:30', NULL, 'NOT_SEEN', NULL),
(662, 422, 2, '{\"peck\":1,\"award\":\"No Clautis\"}', '2017-02-28 02:23:30', NULL, 'NOT_SEEN', NULL),
(663, 18, 2, '{\"peck\":1,\"award\":\"No missed punches\"}', '2017-02-28 02:24:07', '2017-03-16 15:29:32', 'SEEN_BUT_UNREAD', NULL),
(664, 18, 3, '{\"peck\":25,\"survey_id\":145}', '2017-02-28 18:33:00', '2017-03-16 15:29:32', 'SEEN_BUT_UNREAD', NULL),
(665, 408, 2, '{\"peck\":15,\"award\":\"No missed punches\"}', '2017-02-28 19:37:57', NULL, 'NOT_SEEN', NULL),
(666, 408, 3, '{\"peck\":25,\"survey_id\":146}', '2017-02-28 21:12:16', NULL, 'NOT_SEEN', NULL),
(671, 408, 3, '{\"peck\":17,\"survey_id\":151}', '2017-03-01 18:52:59', NULL, 'NOT_SEEN', NULL),
(672, 414, 3, '{\"peck\":15,\"survey_id\":152}', '2017-03-01 18:53:17', NULL, 'NOT_SEEN', NULL),
(673, 421, 3, '{\"peck\":17,\"survey_id\":153}', '2017-03-01 18:53:37', NULL, 'NOT_SEEN', NULL),
(674, 412, 3, '{\"peck\":16,\"survey_id\":154}', '2017-03-01 18:53:57', NULL, 'NOT_SEEN', NULL),
(675, 416, 3, '{\"peck\":19,\"survey_id\":155}', '2017-03-01 18:54:12', NULL, 'NOT_SEEN', NULL),
(676, 409, 3, '{\"peck\":17,\"survey_id\":156}', '2017-03-01 18:54:29', NULL, 'NOT_SEEN', NULL),
(677, 413, 3, '{\"peck\":25,\"survey_id\":157}', '2017-03-01 18:54:48', NULL, 'NOT_SEEN', NULL),
(678, 419, 3, '{\"peck\":25,\"survey_id\":158}', '2017-03-01 18:55:05', NULL, 'NOT_SEEN', NULL),
(679, 410, 3, '{\"peck\":21,\"survey_id\":159}', '2017-03-01 18:55:23', NULL, 'NOT_SEEN', NULL),
(680, 395, 3, '{\"peck\":20,\"survey_id\":160}', '2017-03-02 16:46:15', NULL, 'NOT_SEEN', NULL),
(681, 408, 3, '{\"peck\":20,\"survey_id\":161}', '2017-03-02 16:46:30', NULL, 'NOT_SEEN', NULL),
(683, 409, 3, '{\"peck\":17,\"survey_id\":163}', '2017-03-02 16:47:11', NULL, 'NOT_SEEN', NULL),
(684, 416, 3, '{\"peck\":20,\"survey_id\":164}', '2017-03-02 16:47:27', NULL, 'NOT_SEEN', NULL),
(685, 412, 3, '{\"peck\":19,\"survey_id\":165}', '2017-03-02 16:47:47', NULL, 'NOT_SEEN', NULL),
(686, 413, 3, '{\"peck\":19,\"survey_id\":166}', '2017-03-02 16:48:04', NULL, 'NOT_SEEN', NULL),
(687, 419, 3, '{\"peck\":25,\"survey_id\":167}', '2017-03-02 16:49:06', NULL, 'NOT_SEEN', NULL),
(688, 410, 3, '{\"peck\":25,\"survey_id\":168}', '2017-03-02 16:49:24', NULL, 'NOT_SEEN', NULL),
(690, 408, 3, '{\"peck\":20,\"survey_id\":170}', '2017-03-03 21:47:26', NULL, 'NOT_SEEN', NULL),
(691, 18, 2, '{\"peck\":75,\"award\":\"No Hap us\"}', '2017-03-04 00:18:20', '2017-03-16 15:29:32', 'SEEN_BUT_UNREAD', NULL),
(692, 395, 2, '{\"peck\":75,\"award\":\"No Hap us\"}', '2017-03-04 00:18:20', NULL, 'NOT_SEEN', NULL),
(693, 408, 2, '{\"peck\":75,\"award\":\"No Hap us\"}', '2017-03-04 00:18:20', NULL, 'NOT_SEEN', NULL),
(694, 409, 2, '{\"peck\":75,\"award\":\"No Hap us\"}', '2017-03-04 00:18:20', NULL, 'NOT_SEEN', NULL),
(695, 410, 2, '{\"peck\":75,\"award\":\"No Hap us\"}', '2017-03-04 00:18:20', NULL, 'NOT_SEEN', NULL),
(697, 412, 2, '{\"peck\":75,\"award\":\"No Hap us\"}', '2017-03-04 00:18:20', NULL, 'NOT_SEEN', NULL),
(698, 413, 2, '{\"peck\":75,\"award\":\"No Hap us\"}', '2017-03-04 00:18:20', NULL, 'NOT_SEEN', NULL),
(699, 414, 2, '{\"peck\":75,\"award\":\"No Hap us\"}', '2017-03-04 00:18:20', NULL, 'NOT_SEEN', NULL),
(700, 415, 2, '{\"peck\":75,\"award\":\"No Hap us\"}', '2017-03-04 00:18:20', NULL, 'NOT_SEEN', NULL),
(701, 416, 2, '{\"peck\":75,\"award\":\"No Hap us\"}', '2017-03-04 00:18:20', NULL, 'NOT_SEEN', NULL),
(702, 419, 2, '{\"peck\":75,\"award\":\"No Hap us\"}', '2017-03-04 00:18:20', NULL, 'NOT_SEEN', NULL),
(703, 420, 2, '{\"peck\":75,\"award\":\"No Hap us\"}', '2017-03-04 00:18:20', NULL, 'NOT_SEEN', NULL),
(704, 421, 2, '{\"peck\":75,\"award\":\"No Hap us\"}', '2017-03-04 00:18:20', NULL, 'NOT_SEEN', NULL),
(705, 422, 2, '{\"peck\":75,\"award\":\"No Hap us\"}', '2017-03-04 00:18:20', NULL, 'NOT_SEEN', NULL),
(722, 416, 3, '{\"peck\":21,\"survey_id\":171}', '2017-03-04 18:48:04', NULL, 'NOT_SEEN', NULL),
(754, 408, 3, '{\"peck\":23,\"survey_id\":173}', '2017-03-09 14:20:11', NULL, 'NOT_SEEN', NULL),
(756, 413, 3, '{\"peck\":21,\"survey_id\":175}', '2017-03-09 15:26:18', NULL, 'NOT_SEEN', NULL),
(759, 413, 3, '{\"peck\":19,\"survey_id\":178}', '2017-03-14 14:48:46', NULL, 'NOT_SEEN', NULL),
(760, 416, 3, '{\"peck\":23,\"survey_id\":179}', '2017-03-14 14:49:06', NULL, 'NOT_SEEN', NULL),
(776, 19, 8, '1', '2017-03-14 15:19:04', '2017-03-14 15:20:55', 'SEEN_BUT_UNREAD', NULL),
(777, 418, 8, '1', '2017-03-14 15:19:04', '2017-04-22 03:25:56', 'SEEN_BUT_UNREAD', NULL),
(778, 390, 8, '1', '2017-03-14 15:19:04', NULL, 'NOT_SEEN', NULL),
(780, 392, 8, '1', '2017-03-14 15:19:04', NULL, 'NOT_SEEN', NULL),
(781, 393, 8, '1', '2017-03-14 15:19:04', NULL, 'NOT_SEEN', NULL),
(782, 19, 8, '1', '2017-03-14 15:19:30', '2017-03-14 15:20:55', 'SEEN_BUT_UNREAD', NULL),
(783, 418, 8, '1', '2017-03-14 15:19:30', '2017-04-22 03:25:56', 'SEEN_BUT_UNREAD', NULL),
(784, 390, 8, '1', '2017-03-14 15:19:30', NULL, 'NOT_SEEN', NULL),
(786, 392, 8, '1', '2017-03-14 15:19:30', NULL, 'NOT_SEEN', NULL),
(787, 393, 8, '1', '2017-03-14 15:19:30', NULL, 'NOT_SEEN', NULL),
(788, 396, 4, '0', '2017-03-14 15:34:20', '2017-03-14 15:34:20', 'NOT_SEEN', 10),
(789, 397, 4, '0', '2017-03-14 15:34:20', '2017-03-14 15:34:20', 'NOT_SEEN', 10),
(790, 403, 4, '0', '2017-03-14 15:34:20', '2017-03-14 15:34:20', 'NOT_SEEN', 10),
(791, 404, 4, '0', '2017-03-14 15:34:20', '2017-03-14 15:34:20', 'NOT_SEEN', 10),
(792, 405, 4, '0', '2017-03-14 15:34:20', '2017-03-14 15:34:20', 'NOT_SEEN', 10),
(793, 407, 4, '0', '2017-03-14 15:34:20', '2017-03-14 15:34:20', 'NOT_SEEN', 10),
(794, 396, 1, '{\"peck\":25, \"shift_time\":3pm-11pm, \"shift_date\":03/15/2017, \"shift_unit\":Plantation General Hospital}', '2017-03-14 15:34:20', NULL, 'NOT_SEEN', NULL),
(802, 420, 3, '{\"peck\":23,\"survey_id\":181}', '2017-03-15 17:41:34', NULL, 'NOT_SEEN', NULL),
(803, 416, 3, '{\"peck\":20,\"survey_id\":182}', '2017-03-15 17:41:53', NULL, 'NOT_SEEN', NULL),
(804, 408, 3, '{\"peck\":21,\"survey_id\":183}', '2017-03-15 17:42:11', NULL, 'NOT_SEEN', NULL),
(805, 421, 3, '{\"peck\":24,\"survey_id\":184}', '2017-03-15 17:43:14', NULL, 'NOT_SEEN', NULL),
(806, 414, 3, '{\"peck\":21,\"survey_id\":185}', '2017-03-15 17:44:44', NULL, 'NOT_SEEN', NULL),
(819, 419, 4, '2', '2017-05-19 17:06:23', '2017-05-19 17:06:23', 'NOT_SEEN', 6),
(820, 420, 4, '2', '2017-05-19 17:06:23', '2017-05-19 17:06:23', 'NOT_SEEN', 6),
(821, 421, 4, '2', '2017-05-19 17:06:23', '2017-05-19 17:06:23', 'NOT_SEEN', 6),
(822, 422, 4, '2', '2017-05-19 17:06:23', '2017-05-19 17:06:23', 'NOT_SEEN', 6),
(838, 18, 1, '{\"peck\":100, \"shift_time\":3pm-11pm, \"shift_date\":03/16/2017, \"shift_unit\":Broward Health Medical Center}', '2017-03-16 15:30:20', NULL, 'NOT_SEEN', NULL),
(855, 409, 3, '{\"peck\":20,\"survey_id\":188}', '2017-03-17 16:31:23', NULL, 'NOT_SEEN', NULL),
(856, 413, 3, '{\"peck\":20,\"survey_id\":189}', '2017-03-17 16:31:39', NULL, 'NOT_SEEN', NULL),
(889, 408, 3, '{\"peck\":18,\"survey_id\":192}', '2017-03-20 23:30:34', NULL, 'NOT_SEEN', NULL),
(890, 413, 3, '{\"peck\":20,\"survey_id\":193}', '2017-03-20 23:30:58', NULL, 'NOT_SEEN', NULL),
(892, 408, 3, '{\"peck\":22,\"survey_id\":195}', '2017-03-21 17:41:09', NULL, 'NOT_SEEN', NULL),
(893, 413, 3, '{\"peck\":24,\"survey_id\":196}', '2017-03-21 17:41:33', NULL, 'NOT_SEEN', NULL),
(894, 410, 3, '{\"peck\":22,\"survey_id\":197}', '2017-03-21 17:41:54', NULL, 'NOT_SEEN', NULL),
(895, 415, 3, '{\"peck\":16,\"survey_id\":198}', '2017-03-21 17:42:28', NULL, 'NOT_SEEN', NULL),
(896, 18, 2, '{\"peck\":55,\"award\":\"No falls\"}', '2017-03-22 01:16:41', NULL, 'NOT_SEEN', NULL),
(897, 395, 2, '{\"peck\":55,\"award\":\"No falls\"}', '2017-03-22 01:16:41', NULL, 'NOT_SEEN', NULL),
(898, 408, 2, '{\"peck\":55,\"award\":\"No falls\"}', '2017-03-22 01:16:41', NULL, 'NOT_SEEN', NULL),
(899, 409, 2, '{\"peck\":55,\"award\":\"No falls\"}', '2017-03-22 01:16:41', NULL, 'NOT_SEEN', NULL),
(900, 410, 2, '{\"peck\":55,\"award\":\"No falls\"}', '2017-03-22 01:16:41', NULL, 'NOT_SEEN', NULL),
(902, 412, 2, '{\"peck\":55,\"award\":\"No falls\"}', '2017-03-22 01:16:41', NULL, 'NOT_SEEN', NULL),
(903, 413, 2, '{\"peck\":55,\"award\":\"No falls\"}', '2017-03-22 01:16:41', NULL, 'NOT_SEEN', NULL),
(904, 414, 2, '{\"peck\":55,\"award\":\"No falls\"}', '2017-03-22 01:16:41', NULL, 'NOT_SEEN', NULL),
(905, 415, 2, '{\"peck\":55,\"award\":\"No falls\"}', '2017-03-22 01:16:41', NULL, 'NOT_SEEN', NULL),
(906, 416, 2, '{\"peck\":55,\"award\":\"No falls\"}', '2017-03-22 01:16:41', NULL, 'NOT_SEEN', NULL),
(907, 419, 2, '{\"peck\":55,\"award\":\"No falls\"}', '2017-03-22 01:16:41', NULL, 'NOT_SEEN', NULL),
(908, 420, 2, '{\"peck\":55,\"award\":\"No falls\"}', '2017-03-22 01:16:41', NULL, 'NOT_SEEN', NULL),
(909, 421, 2, '{\"peck\":55,\"award\":\"No falls\"}', '2017-03-22 01:16:41', NULL, 'NOT_SEEN', NULL),
(910, 422, 2, '{\"peck\":55,\"award\":\"No falls\"}', '2017-03-22 01:16:41', NULL, 'NOT_SEEN', NULL),
(927, 19, 8, '1', '2017-03-22 18:25:58', '2017-04-27 20:38:10', 'SEEN_BUT_UNREAD', NULL),
(928, 418, 8, '1', '2017-03-22 18:25:58', '2017-04-22 03:25:56', 'SEEN_BUT_UNREAD', NULL),
(929, 390, 8, '1', '2017-03-22 18:25:58', NULL, 'NOT_SEEN', NULL),
(931, 392, 8, '1', '2017-03-22 18:25:58', NULL, 'NOT_SEEN', NULL),
(932, 393, 8, '1', '2017-03-22 18:25:58', NULL, 'NOT_SEEN', NULL),
(933, 425, 3, '{\"peck\":24,\"survey_id\":200}', '2017-03-23 17:47:42', NULL, 'NOT_SEEN', NULL),
(934, 412, 3, '{\"peck\":12,\"survey_id\":201}', '2017-03-23 17:48:08', NULL, 'NOT_SEEN', NULL),
(935, 409, 3, '{\"peck\":18,\"survey_id\":202}', '2017-03-23 17:48:37', NULL, 'NOT_SEEN', NULL),
(937, 395, 3, '{\"peck\":22,\"survey_id\":204}', '2017-03-24 17:16:52', NULL, 'NOT_SEEN', NULL),
(938, 408, 3, '{\"peck\":16,\"survey_id\":205}', '2017-03-24 17:38:18', NULL, 'NOT_SEEN', NULL),
(942, 18, 3, '{\"peck\":16,\"survey_id\":209}', '2017-03-29 13:35:37', NULL, 'NOT_SEEN', NULL),
(943, 415, 3, '{\"peck\":18,\"survey_id\":210}', '2017-03-29 13:36:06', NULL, 'NOT_SEEN', NULL),
(945, 394, 4, '2', '2017-03-29 13:38:49', '2017-03-29 13:38:49', 'NOT_SEEN', 6),
(946, 399, 4, '2', '2017-03-29 13:38:49', '2017-03-29 13:38:49', 'NOT_SEEN', 6),
(947, 400, 4, '2', '2017-03-29 13:38:49', '2017-03-29 13:38:49', 'NOT_SEEN', 6),
(948, 401, 4, '2', '2017-03-29 13:38:49', '2017-03-29 13:38:49', 'NOT_SEEN', 6),
(949, 402, 4, '2', '2017-03-29 13:38:49', '2017-03-29 13:38:49', 'NOT_SEEN', 6),
(950, 406, 4, '2', '2017-03-29 13:38:49', '2017-03-29 13:38:49', 'NOT_SEEN', 6),
(973, 425, 4, '2', '2017-05-19 17:06:23', '2017-05-19 17:06:23', 'NOT_SEEN', 6),
(975, 408, 3, '{\"peck\":17,\"survey_id\":212}', '2017-03-29 23:12:30', NULL, 'NOT_SEEN', NULL),
(976, 415, 3, '{\"peck\":17,\"survey_id\":213}', '2017-03-29 23:12:50', NULL, 'NOT_SEEN', NULL),
(977, 413, 3, '{\"peck\":20,\"survey_id\":214}', '2017-03-29 23:13:07', NULL, 'NOT_SEEN', NULL),
(978, 409, 3, '{\"peck\":24,\"survey_id\":215}', '2017-03-29 23:13:26', NULL, 'NOT_SEEN', NULL),
(979, 412, 3, '{\"peck\":23,\"survey_id\":216}', '2017-03-30 00:03:55', NULL, 'NOT_SEEN', NULL),
(997, 425, 4, '2', '2017-03-31 18:02:21', '2017-03-31 18:02:22', 'NOT_SEEN', 1),
(1067, 411, 4, '2', '2017-05-19 17:06:23', '2017-05-19 17:06:23', 'NOT_SEEN', 6),
(1078, 409, 3, '{\"peck\":18,\"survey_id\":219}', '2017-04-06 18:56:20', NULL, 'NOT_SEEN', NULL),
(1079, 399, 3, '{\"peck\":22,\"survey_id\":220}', '2017-04-18 16:32:10', NULL, 'NOT_SEEN', NULL),
(1112, 411, 2, '{\"peck\":1200,\"award\":\"Top Scoring Employee\"}', '2017-04-19 20:49:35', '2017-04-27 20:35:18', 'SEEN_BUT_UNREAD', NULL),
(1113, 411, 3, '{\"peck\":25,\"survey_id\":221}', '2017-04-20 14:38:10', '2017-04-27 20:35:18', 'SEEN_BUT_UNREAD', NULL),
(1114, 411, 3, '{\"peck\":21,\"survey_id\":222}', '2017-04-27 17:28:25', '2017-04-27 20:35:18', 'SEEN_BUT_UNREAD', NULL),
(1115, 416, 3, '{\"peck\":24,\"survey_id\":223}', '2017-04-27 19:59:29', NULL, 'NOT_SEEN', NULL),
(1116, 421, 3, '{\"peck\":22,\"survey_id\":224}', '2017-04-27 20:01:47', NULL, 'NOT_SEEN', NULL),
(1117, 395, 3, '{\"peck\":25,\"survey_id\":225}', '2017-04-27 20:03:07', NULL, 'NOT_SEEN', NULL),
(1118, 416, 3, '{\"peck\":25,\"survey_id\":226}', '2017-04-27 20:04:59', NULL, 'NOT_SEEN', NULL),
(1119, 397, 3, '{\"peck\":30,\"survey_id\":227}', '2017-04-27 20:12:49', NULL, 'NOT_SEEN', NULL),
(1120, 395, 3, '{\"peck\":22,\"survey_id\":228}', '2017-05-01 22:59:38', NULL, 'NOT_SEEN', NULL),
(1121, 411, 3, '{\"peck\":23,\"survey_id\":229}', '2017-05-02 16:46:42', '2017-05-08 04:10:26', 'SEEN_BUT_UNREAD', NULL),
(1122, 411, 3, '{\"peck\":21,\"survey_id\":230}', '2017-05-07 21:48:00', '2017-05-08 04:10:26', 'SEEN_BUT_UNREAD', NULL),
(1139, 411, 3, '{\"peck\":22,\"survey_id\":231}', '2017-05-09 20:31:48', '2017-05-11 17:22:11', 'SEEN_BUT_UNREAD', NULL),
(1140, 412, 3, '{\"peck\":20,\"survey_id\":232}', '2017-05-09 20:34:23', NULL, 'NOT_SEEN', NULL),
(1141, 425, 3, '{\"peck\":18,\"survey_id\":233}', '2017-05-09 20:34:47', NULL, 'NOT_SEEN', NULL),
(1142, 395, 3, '{\"peck\":25,\"survey_id\":234}', '2017-05-09 20:35:05', NULL, 'NOT_SEEN', NULL),
(1159, 421, 3, '{\"peck\":23,\"survey_id\":235}', '2017-05-10 21:19:07', NULL, 'NOT_SEEN', NULL),
(1160, 411, 3, '{\"peck\":21,\"survey_id\":236}', '2017-05-10 21:51:27', '2017-05-11 17:22:11', 'SEEN_BUT_UNREAD', NULL),
(1161, 409, 3, '{\"peck\":18,\"survey_id\":237}', '2017-05-11 17:20:03', NULL, 'NOT_SEEN', NULL),
(1162, 414, 3, '{\"peck\":22,\"survey_id\":238}', '2017-05-11 17:20:21', NULL, 'NOT_SEEN', NULL),
(1163, 18, 2, '{\"peck\":150,\"award\":\"No Agency Use\"}', '2017-05-11 17:45:25', NULL, 'NOT_SEEN', NULL),
(1164, 395, 2, '{\"peck\":150,\"award\":\"No Agency Use\"}', '2017-05-11 17:45:25', NULL, 'NOT_SEEN', NULL),
(1165, 408, 2, '{\"peck\":150,\"award\":\"No Agency Use\"}', '2017-05-11 17:45:25', NULL, 'NOT_SEEN', NULL),
(1166, 409, 2, '{\"peck\":150,\"award\":\"No Agency Use\"}', '2017-05-11 17:45:25', NULL, 'NOT_SEEN', NULL),
(1167, 410, 2, '{\"peck\":150,\"award\":\"No Agency Use\"}', '2017-05-11 17:45:25', NULL, 'NOT_SEEN', NULL),
(1168, 411, 2, '{\"peck\":150,\"award\":\"No Agency Use\"}', '2017-05-11 17:45:25', NULL, 'NOT_SEEN', NULL);
INSERT INTO `employee_notification` (`id`, `employee_id`, `notification_id`, `content`, `created_at`, `updated_at`, `status`, `jobtitle_id`) VALUES
(1169, 412, 2, '{\"peck\":150,\"award\":\"No Agency Use\"}', '2017-05-11 17:45:25', NULL, 'NOT_SEEN', NULL),
(1170, 413, 2, '{\"peck\":150,\"award\":\"No Agency Use\"}', '2017-05-11 17:45:25', NULL, 'NOT_SEEN', NULL),
(1171, 414, 2, '{\"peck\":150,\"award\":\"No Agency Use\"}', '2017-05-11 17:45:25', NULL, 'NOT_SEEN', NULL),
(1172, 415, 2, '{\"peck\":150,\"award\":\"No Agency Use\"}', '2017-05-11 17:45:25', NULL, 'NOT_SEEN', NULL),
(1173, 416, 2, '{\"peck\":150,\"award\":\"No Agency Use\"}', '2017-05-11 17:45:25', NULL, 'NOT_SEEN', NULL),
(1174, 419, 2, '{\"peck\":150,\"award\":\"No Agency Use\"}', '2017-05-11 17:45:25', NULL, 'NOT_SEEN', NULL),
(1175, 420, 2, '{\"peck\":150,\"award\":\"No Agency Use\"}', '2017-05-11 17:45:25', NULL, 'NOT_SEEN', NULL),
(1176, 421, 2, '{\"peck\":150,\"award\":\"No Agency Use\"}', '2017-05-11 17:45:25', NULL, 'NOT_SEEN', NULL),
(1177, 422, 2, '{\"peck\":150,\"award\":\"No Agency Use\"}', '2017-05-11 17:45:25', NULL, 'NOT_SEEN', NULL),
(1178, 425, 2, '{\"peck\":150,\"award\":\"No Agency Use\"}', '2017-05-11 17:45:25', NULL, 'NOT_SEEN', NULL),
(1179, 18, 2, '{\"peck\":200,\"award\":\"No Clautis\"}', '2017-05-11 17:45:59', NULL, 'NOT_SEEN', NULL),
(1180, 395, 2, '{\"peck\":200,\"award\":\"No Clautis\"}', '2017-05-11 17:45:59', NULL, 'NOT_SEEN', NULL),
(1181, 408, 2, '{\"peck\":200,\"award\":\"No Clautis\"}', '2017-05-11 17:45:59', NULL, 'NOT_SEEN', NULL),
(1182, 409, 2, '{\"peck\":200,\"award\":\"No Clautis\"}', '2017-05-11 17:45:59', NULL, 'NOT_SEEN', NULL),
(1183, 410, 2, '{\"peck\":200,\"award\":\"No Clautis\"}', '2017-05-11 17:45:59', NULL, 'NOT_SEEN', NULL),
(1184, 411, 2, '{\"peck\":200,\"award\":\"No Clautis\"}', '2017-05-11 17:45:59', NULL, 'NOT_SEEN', NULL),
(1185, 412, 2, '{\"peck\":200,\"award\":\"No Clautis\"}', '2017-05-11 17:45:59', NULL, 'NOT_SEEN', NULL),
(1186, 413, 2, '{\"peck\":200,\"award\":\"No Clautis\"}', '2017-05-11 17:45:59', NULL, 'NOT_SEEN', NULL),
(1187, 414, 2, '{\"peck\":200,\"award\":\"No Clautis\"}', '2017-05-11 17:45:59', NULL, 'NOT_SEEN', NULL),
(1188, 415, 2, '{\"peck\":200,\"award\":\"No Clautis\"}', '2017-05-11 17:45:59', NULL, 'NOT_SEEN', NULL),
(1189, 416, 2, '{\"peck\":200,\"award\":\"No Clautis\"}', '2017-05-11 17:45:59', NULL, 'NOT_SEEN', NULL),
(1190, 419, 2, '{\"peck\":200,\"award\":\"No Clautis\"}', '2017-05-11 17:45:59', NULL, 'NOT_SEEN', NULL),
(1191, 420, 2, '{\"peck\":200,\"award\":\"No Clautis\"}', '2017-05-11 17:45:59', NULL, 'NOT_SEEN', NULL),
(1192, 421, 2, '{\"peck\":200,\"award\":\"No Clautis\"}', '2017-05-11 17:45:59', NULL, 'NOT_SEEN', NULL),
(1193, 422, 2, '{\"peck\":200,\"award\":\"No Clautis\"}', '2017-05-11 17:45:59', NULL, 'NOT_SEEN', NULL),
(1194, 425, 2, '{\"peck\":200,\"award\":\"No Clautis\"}', '2017-05-11 17:45:59', NULL, 'NOT_SEEN', NULL),
(1195, 411, 3, '{\"peck\":21,\"survey_id\":239}', '2017-05-11 19:44:46', NULL, 'NOT_SEEN', NULL),
(1196, 411, 3, '{\"peck\":21,\"survey_id\":240}', '2017-05-11 20:14:34', NULL, 'NOT_SEEN', NULL),
(1197, 411, 3, '{\"peck\":20,\"survey_id\":241}', '2017-05-12 15:07:56', NULL, 'NOT_SEEN', NULL),
(1198, 411, 3, '{\"peck\":25,\"survey_id\":242}', '2017-05-12 15:08:15', NULL, 'NOT_SEEN', NULL),
(1199, 411, 3, '{\"peck\":23,\"survey_id\":243}', '2017-05-17 16:00:52', NULL, 'NOT_SEEN', NULL),
(1200, 395, 3, '{\"peck\":20,\"survey_id\":244}', '2017-05-17 16:10:04', NULL, 'NOT_SEEN', NULL),
(1201, 421, 3, '{\"peck\":15,\"survey_id\":245}', '2017-05-17 16:10:26', NULL, 'NOT_SEEN', NULL),
(1202, 409, 3, '{\"peck\":21,\"survey_id\":246}', '2017-05-17 16:11:09', NULL, 'NOT_SEEN', NULL),
(1203, 425, 3, '{\"peck\":20,\"survey_id\":247}', '2017-05-17 18:58:29', NULL, 'NOT_SEEN', NULL),
(1204, 411, 3, '{\"peck\":21,\"survey_id\":248}', '2017-05-19 16:50:53', NULL, 'NOT_SEEN', NULL),
(1237, 411, 3, '{\"peck\":21,\"survey_id\":249}', '2017-05-19 17:51:27', NULL, 'NOT_SEEN', NULL),
(1238, 411, 3, '{\"peck\":22,\"survey_id\":250}', '2017-05-19 18:40:31', NULL, 'NOT_SEEN', NULL),
(1239, 408, 3, '{\"peck\":20,\"survey_id\":251}', '2017-05-19 19:01:10', NULL, 'NOT_SEEN', NULL),
(1240, 409, 3, '{\"peck\":21,\"survey_id\":252}', '2017-05-23 12:47:28', NULL, 'NOT_SEEN', NULL),
(1241, 410, 3, '{\"peck\":14,\"survey_id\":253}', '2017-05-23 12:47:52', NULL, 'NOT_SEEN', NULL),
(1242, 18, 3, '{\"peck\":22,\"survey_id\":254}', '2017-05-23 12:49:52', NULL, 'NOT_SEEN', NULL),
(1243, 413, 3, '{\"peck\":18,\"survey_id\":255}', '2017-05-23 12:50:17', NULL, 'NOT_SEEN', NULL),
(1244, 411, 3, '{\"peck\":21,\"survey_id\":256}', '2017-05-23 14:06:29', NULL, 'NOT_SEEN', NULL),
(1245, 411, 3, '{\"peck\":22,\"survey_id\":257}', '2017-05-24 19:26:15', NULL, 'NOT_SEEN', NULL),
(1246, 411, 3, '{\"peck\":25,\"survey_id\":258}', '2017-05-25 05:45:14', NULL, 'NOT_SEEN', NULL),
(1247, 411, 3, '{\"peck\":22,\"survey_id\":259}', '2017-05-25 20:09:36', NULL, 'NOT_SEEN', NULL);

-- --------------------------------------------------------

--
-- Table structure for table `employee_shift`
--

CREATE TABLE `employee_shift` (
  `id` int(11) NOT NULL,
  `employee_id` int(11) NOT NULL,
  `shift_id` int(11) DEFAULT NULL,
  `status` varchar(250) DEFAULT NULL,
  `created_at` timestamp NULL DEFAULT NULL,
  `updated_at` timestamp NULL DEFAULT NULL ON UPDATE CURRENT_TIMESTAMP,
  `approval` varchar(3) NOT NULL DEFAULT 'NO'
) ENGINE=InnoDB DEFAULT CHARSET=latin1;

--
-- Dumping data for table `employee_shift`
--

INSERT INTO `employee_shift` (`id`, `employee_id`, `shift_id`, `status`, `created_at`, `updated_at`, `approval`) VALUES
(1, 411, 7, NULL, NULL, NULL, 'NO'),
(2, 414, 9, NULL, NULL, NULL, 'NO'),
(3, 408, 7, NULL, NULL, NULL, 'NO'),
(4, 422, 18, NULL, NULL, NULL, 'NO'),
(5, 422, 6, NULL, NULL, NULL, 'NO'),
(6, 421, 6, NULL, NULL, NULL, 'NO'),
(7, 421, 18, NULL, NULL, NULL, 'NO'),
(8, 411, 12, NULL, NULL, NULL, 'NO'),
(9, 408, 20, NULL, NULL, NULL, 'NO'),
(10, 411, 19, NULL, NULL, NULL, 'NO'),
(11, 411, 20, NULL, NULL, NULL, 'NO'),
(12, 410, 11, NULL, NULL, NULL, 'NO'),
(13, 411, 22, NULL, NULL, NULL, 'NO'),
(14, 411, 24, NULL, NULL, NULL, 'NO'),
(15, 396, 27, NULL, NULL, NULL, 'NO'),
(16, 18, 29, NULL, NULL, NULL, 'NO'),
(17, 411, 38, NULL, NULL, NULL, 'NO'),
(18, 411, 42, NULL, NULL, NULL, 'NO'),
(19, 411, 44, NULL, NULL, NULL, 'NO'),
(20, 411, 47, NULL, NULL, NULL, 'NO'),
(21, 411, 46, NULL, NULL, NULL, 'NO');

-- --------------------------------------------------------

--
-- Table structure for table `employee_type`
--

CREATE TABLE `employee_type` (
  `id` int(11) NOT NULL,
  `type` varchar(50) NOT NULL,
  `name` varchar(250) NOT NULL,
  `icon` varchar(250) NOT NULL,
  `permission` varchar(1000) NOT NULL
) ENGINE=InnoDB DEFAULT CHARSET=latin1;

--
-- Dumping data for table `employee_type`
--

INSERT INTO `employee_type` (`id`, `type`, `name`, `icon`, `permission`) VALUES
(1, 'scheduling-manager', 'Scheduling Manager', 'upload/nursh.png', '[\"dashboard\"]'),
(2, 'employee', 'Employee', 'upload/ffff.png', '[\"dashboard\"]'),
(3, 'admin', 'Admin', '', '[\"dashboard\",\"newfeed\",\"coin\",\"addcoin\",\"list_approve_request\"]'),
(4, 'super-admin', 'Super Admin', '', '[\"dashboard\",\"employee_report\",\"patient\",\"employee\",\"newfeed\",\"survey\",\"coin\",\"addcoin\",\"redeem_coin\",\"list_approve_request\",\"shift\"]'),
(5, 'patient-manager', 'Patient Manager', '', '[\"dashboard\",\"patient\"]'),
(6, 'employee-manager', 'Employee Manager', '', '');

-- --------------------------------------------------------

--
-- Table structure for table `exitsurvey`
--

CREATE TABLE `exitsurvey` (
  `id` int(11) NOT NULL,
  `pid` int(11) NOT NULL,
  `q1` int(11) NOT NULL,
  `q2` int(11) NOT NULL,
  `q3` int(11) NOT NULL,
  `q4` int(11) NOT NULL,
  `q5` int(11) NOT NULL,
  `q6` int(11) NOT NULL,
  `q7` int(11) NOT NULL,
  `q8` int(11) NOT NULL,
  `q9` int(11) NOT NULL,
  `q10` int(11) NOT NULL,
  `q11` int(11) NOT NULL,
  `q12` int(11) NOT NULL,
  `q13` int(11) NOT NULL,
  `q14` int(11) NOT NULL,
  `q15` int(11) NOT NULL,
  `q16` int(11) NOT NULL,
  `q17` int(11) NOT NULL,
  `type` varchar(250) NOT NULL,
  `date` datetime NOT NULL,
  `q19` int(11) NOT NULL,
  `q20` int(11) NOT NULL,
  `q21` int(11) NOT NULL,
  `q22` int(11) NOT NULL,
  `q23` int(11) NOT NULL,
  `q24` int(11) NOT NULL,
  `q25` int(11) NOT NULL,
  `q26` int(11) NOT NULL,
  `q27` int(11) NOT NULL,
  `q28` int(11) NOT NULL,
  `q29` int(11) NOT NULL,
  `q30` int(11) NOT NULL,
  `qcount` int(11) NOT NULL,
  `q18` int(11) NOT NULL
) ENGINE=MyISAM DEFAULT CHARSET=latin1;

--
-- Dumping data for table `exitsurvey`
--

INSERT INTO `exitsurvey` (`id`, `pid`, `q1`, `q2`, `q3`, `q4`, `q5`, `q6`, `q7`, `q8`, `q9`, `q10`, `q11`, `q12`, `q13`, `q14`, `q15`, `q16`, `q17`, `type`, `date`, `q19`, `q20`, `q21`, `q22`, `q23`, `q24`, `q25`, `q26`, `q27`, `q28`, `q29`, `q30`, `qcount`, `q18`) VALUES
(1, 2, 5, 5, 5, 5, 5, 5, 5, 5, 5, 5, 5, 5, 5, 5, 5, 5, 5, 'patient', '2017-01-20 16:44:06', 0, 0, 0, 0, 0, 0, 0, 0, 0, 0, 0, 0, 17, 0),
(2, 2, 5, 5, 4, 5, 5, 4, 5, 5, 5, 4, 5, 5, 5, 5, 5, 5, 5, 'patient', '2017-01-20 16:46:08', 0, 0, 0, 0, 0, 0, 0, 0, 0, 0, 0, 0, 17, 0),
(3, 2, 5, 5, 5, 5, 5, 5, 5, 5, 5, 5, 4, 4, 5, 5, 5, 5, 5, 'patient', '2017-01-20 17:23:19', 0, 0, 0, 0, 0, 0, 0, 0, 0, 0, 0, 0, 17, 0),
(4, 2, 5, 5, 5, 5, 5, 5, 5, 4, 4, 5, 5, 5, 4, 3, 3, 2, 4, 'patient', '2017-01-30 12:19:14', 0, 0, 0, 0, 0, 0, 0, 0, 0, 0, 0, 0, 18, 5),
(5, 2, 5, 5, 5, 5, 5, 5, 5, 5, 5, 5, 5, 5, 5, 5, 5, 5, 5, 'patient', '2017-01-31 13:22:33', 0, 0, 0, 0, 0, 0, 0, 0, 0, 0, 0, 0, 18, 1),
(6, 4, 4, 4, 4, 4, 5, 5, 5, 5, 5, 4, 4, 4, 4, 5, 5, 5, 5, 'patient', '2017-02-02 01:35:51', 0, 0, 0, 0, 0, 0, 0, 0, 0, 0, 0, 0, 18, 5),
(7, 4, 5, 5, 5, 5, 4, 4, 4, 4, 4, 3, 3, 3, 3, 5, 5, 5, 5, 'patient', '2017-02-02 12:47:20', 0, 0, 0, 0, 0, 0, 0, 0, 0, 0, 0, 0, 18, 5),
(8, 8, 4, 4, 5, 5, 5, 5, 5, 3, 4, 3, 4, 4, 4, 2, 4, 3, 5, 'patient', '2017-02-02 15:54:07', 0, 0, 0, 0, 0, 0, 0, 0, 0, 0, 0, 0, 18, 5),
(9, 8, 5, 5, 5, 5, 4, 5, 5, 5, 5, 5, 5, 5, 5, 5, 4, 5, 5, 'patient', '2017-02-07 12:26:27', 0, 0, 0, 0, 0, 0, 0, 0, 0, 0, 0, 0, 18, 5),
(10, 12, 4, 4, 5, 5, 5, 5, 4, 4, 5, 5, 5, 5, 5, 5, 5, 5, 5, 'patient', '2017-02-08 14:20:29', 5, 5, 5, 0, 0, 0, 0, 0, 0, 0, 0, 0, 21, 5),
(11, 12, 5, 3, 3, 3, 5, 3, 3, 3, 3, 5, 3, 3, 5, 5, 3, 5, 5, 'patient', '2017-02-10 15:05:06', 5, 4, 3, 0, 0, 0, 0, 0, 0, 0, 0, 0, 21, 5),
(12, 12, 5, 4, 5, 4, 5, 4, 4, 4, 5, 4, 4, 5, 5, 5, 4, 4, 3, 'patient', '2017-02-24 18:43:46', 0, 0, 0, 0, 0, 0, 0, 0, 0, 0, 0, 0, 18, 3),
(13, 12, 5, 5, 4, 4, 5, 5, 4, 5, 4, 5, 5, 4, 4, 5, 5, 4, 4, 'patient', '2017-03-17 20:55:23', 0, 0, 0, 0, 0, 0, 0, 0, 0, 0, 0, 0, 18, 5),
(14, 12, 5, 5, 5, 4, 5, 4, 4, 5, 5, 5, 4, 4, 5, 5, 5, 5, 4, 'patient', '2017-03-22 14:48:06', 0, 0, 0, 0, 0, 0, 0, 0, 0, 0, 0, 0, 18, 4),
(15, 12, 5, 5, 4, 4, 5, 5, 5, 4, 5, 5, 4, 3, 3, 3, 3, 3, 4, 'patient', '2017-04-06 14:56:55', 0, 0, 0, 0, 0, 0, 0, 0, 0, 0, 0, 0, 18, 4),
(16, 12, 5, 5, 5, 5, 5, 5, 5, 5, 5, 5, 5, 5, 5, 5, 5, 5, 5, 'patient', '2017-04-27 16:02:51', 0, 0, 0, 0, 0, 0, 0, 0, 0, 0, 0, 0, 18, 5);

-- --------------------------------------------------------

--
-- Table structure for table `exit_question`
--

CREATE TABLE `exit_question` (
  `id` int(11) NOT NULL,
  `qid` int(11) NOT NULL,
  `type` int(11) NOT NULL,
  `question` varchar(250) NOT NULL,
  `enabled` tinyint(4) NOT NULL DEFAULT '1',
  `unit_id` int(11) DEFAULT NULL,
  `orderby` int(11) DEFAULT NULL
) ENGINE=InnoDB DEFAULT CHARSET=utf8;

--
-- Dumping data for table `exit_question`
--

INSERT INTO `exit_question` (`id`, `qid`, `type`, `question`, `enabled`, `unit_id`, `orderby`) VALUES
(12, 1, 1, 'Listens_to_you_answers_questions', 1, 1, 1),
(13, 2, 1, 'Takes_enough_time_with_you', 1, 1, 2),
(14, 3, 1, 'Explains_what_you_want_to_know', 1, 1, 3),
(15, 4, 1, 'Provides_good_advice_and_treatment', 1, 1, 4),
(16, 1, 2, 'Listens_to_you_answers_questions', 1, 1, 1),
(17, 2, 2, 'Provides_good_nursing_care', 1, 1, 2),
(18, 3, 2, 'Takes_enough_time_with_you', 1, 1, 3),
(19, 4, 2, 'Has_a_caring_attitude', 1, 1, 4),
(20, 1, 3, 'Friendly_and_helpful_to_you', 1, 1, 1),
(21, 2, 3, 'Answers_your_questions', 1, 1, 2),
(22, 3, 3, 'Explains_Treatment_Plan', 1, 1, 3),
(23, 4, 3, 'Has_a_caring_attitude', 1, 1, 4),
(24, 1, 4, 'Neat_and_clean_building', 1, 1, 1),
(25, 2, 4, 'Unit_easily_accessible', 1, 1, 2),
(26, 3, 4, 'Comfort_and_Safety', 1, 1, 3),
(27, 4, 4, 'Privacy', 1, 1, 4),
(28, 5, 4, 'Likelihood_of_referring_others', 1, 1, 5),
(29, 1, 1, 'Listens_to_you_answers_questions', 1, 2, 1),
(30, 2, 1, 'Takes_enough_time_with_you', 1, 2, 2),
(31, 3, 1, 'Explains_what_you_want_to_know', 1, 2, 3),
(32, 4, 1, 'Provides_good_advice_and_treatment', 1, 2, 4),
(33, 1, 2, 'Listens_to_you_answers_questions', 1, 2, 1),
(34, 2, 2, 'Provides_good_nursing_care', 1, 2, 2),
(35, 3, 2, 'Takes_enough_time_with_you', 1, 2, 3),
(36, 4, 2, 'Has_a_caring_attitude', 1, 2, 4),
(37, 1, 3, 'Friendly_and_helpful_to_you', 1, 2, 1),
(38, 2, 3, 'Answers_your_questions', 1, 2, 2),
(39, 3, 3, 'Explains_Treatment_Plan', 1, 2, 3),
(40, 4, 3, 'Has_a_caring_attitude', 1, 2, 4),
(41, 1, 4, 'Neat_and_clean_building', 1, 2, 1),
(42, 2, 4, 'Unit_easily_accessible', 1, 2, 2),
(43, 3, 4, 'Comfort_and_Safety', 1, 2, 3),
(44, 4, 4, 'Privacy', 1, 2, 4),
(45, 5, 4, 'Likelihood_of_referring_others', 1, 2, 5),
(46, 1, 1, 'Listens_to_you_answers_questions', 1, 3, 1),
(47, 2, 1, 'Takes_enough_time_with_you', 1, 3, 2),
(48, 3, 1, 'Explains_what_you_want_to_know', 1, 3, 3),
(49, 4, 1, 'Provides_good_advice_and_treatment', 1, 3, 4),
(50, 1, 2, 'Listens_to_you_answers_questions', 1, 3, 1),
(51, 2, 2, 'Provides_good_nursing_care', 1, 3, 2),
(52, 3, 2, 'Takes_enough_time_with_you', 1, 3, 3),
(53, 4, 2, 'Has_a_caring_attitude', 1, 3, 4),
(54, 1, 3, 'Friendly_and_helpful_to_you', 1, 3, 1),
(55, 2, 3, 'Answers_your_questions', 1, 3, 2),
(56, 3, 3, 'Explains_Treatment_Plan', 1, 3, 3),
(57, 4, 3, 'Has_a_caring_attitude', 1, 3, 4),
(58, 1, 4, 'Neat_and_clean_building', 1, 3, 1),
(59, 2, 4, 'Unit_easily_accessible', 1, 3, 2),
(60, 3, 4, 'Comfort_and_Safety', 1, 3, 3),
(61, 4, 4, 'Privacy', 1, 3, 4),
(62, 5, 4, 'Likelihood_of_referring_others', 1, 3, 5),
(63, 0, 2, 'Takes time to discuss your medication, diet and first physician appointment after discharge', 1, 1, 0),
(64, 0, 2, 'Takes time to discuss your medication, diet and first physician appointment after discharge', 1, 2, 0),
(65, 0, 2, 'Takes time to discuss your medication, diet and first physician appointment after discharge', 1, 3, 0),
(66, 0, 1, 'Test', 1, 3, 0),
(67, 5, 1, 'test 2', 0, 3, 5),
(68, 5, 1, 'Listens to you and answers questions', 0, 1, 5),
(69, 6, 4, 'Noise Level', 0, 1, 6),
(70, 5, 3, 'Attitude', 0, 1, 5);

-- --------------------------------------------------------

--
-- Table structure for table `function_list`
--

CREATE TABLE `function_list` (
  `id` int(11) NOT NULL,
  `function_id` int(11) NOT NULL,
  `description` varchar(250) NOT NULL
) ENGINE=InnoDB DEFAULT CHARSET=utf8;

--
-- Dumping data for table `function_list`
--

INSERT INTO `function_list` (`id`, `function_id`, `description`) VALUES
(0, 1, 'funtion out-patient');

-- --------------------------------------------------------

--
-- Table structure for table `hourly_rates`
--

CREATE TABLE `hourly_rates` (
  `id` int(11) NOT NULL,
  `name` varchar(255) DEFAULT NULL,
  `display_name` varchar(255) DEFAULT NULL
) ENGINE=InnoDB DEFAULT CHARSET=utf8;

--
-- Dumping data for table `hourly_rates`
--

INSERT INTO `hourly_rates` (`id`, `name`, `display_name`) VALUES
(1, 'per-diem', 'Per-diem'),
(2, 'over-time', 'Over-time'),
(3, 'non-over-time', 'Non Over-time');

-- --------------------------------------------------------

--
-- Table structure for table `hourly_rate_shift`
--

CREATE TABLE `hourly_rate_shift` (
  `shift_id` int(11) NOT NULL,
  `hourly_rate_id` int(11) NOT NULL
) ENGINE=InnoDB DEFAULT CHARSET=utf8;

--
-- Dumping data for table `hourly_rate_shift`
--

INSERT INTO `hourly_rate_shift` (`shift_id`, `hourly_rate_id`) VALUES
(1, 2),
(2, 1),
(3, 2),
(4, 3),
(5, 3),
(6, 1),
(7, 1),
(8, 2),
(9, 1),
(10, 1),
(11, 1),
(12, 1),
(13, 1),
(14, 1),
(15, 1),
(16, 1),
(17, 1),
(18, 1),
(19, 1),
(20, 1),
(21, 3),
(22, 1),
(23, 1),
(24, 2),
(25, 1),
(26, 1),
(27, 2),
(28, 2),
(29, 2),
(35, 1),
(36, 1),
(37, 2),
(42, 1),
(43, 3),
(46, 1);

-- --------------------------------------------------------

--
-- Table structure for table `ltm_translations`
--

CREATE TABLE `ltm_translations` (
  `id` int(10) UNSIGNED NOT NULL,
  `status` int(11) NOT NULL DEFAULT '0',
  `locale` varchar(255) COLLATE utf8_unicode_ci NOT NULL,
  `group` varchar(255) COLLATE utf8_unicode_ci NOT NULL,
  `key` varchar(255) COLLATE utf8_unicode_ci NOT NULL,
  `value` text COLLATE utf8_unicode_ci,
  `created_at` timestamp NULL DEFAULT NULL,
  `updated_at` timestamp NULL DEFAULT NULL
) ENGINE=MyISAM DEFAULT CHARSET=utf8 COLLATE=utf8_unicode_ci;

--
-- Dumping data for table `ltm_translations`
--

INSERT INTO `ltm_translations` (`id`, `status`, `locale`, `group`, `key`, `value`, `created_at`, `updated_at`) VALUES
(1, 0, 'en', 'questions', 'Treats you with respect', 'Treats you with respect', '2017-02-06 15:11:18', '2017-02-14 16:14:46'),
(2, 0, 'en', 'questions', 'Listens to your needs', 'Listens to your needs', '2017-02-06 15:11:18', '2017-02-14 16:14:46'),
(3, 0, 'en', 'questions', 'Clearly explains your care and/or treatment plan', 'Clearly explains your care and/or treatment plan', '2017-02-06 15:11:18', '2017-02-14 16:14:46'),
(4, 0, 'en', 'questions', 'Makes you feel comfortable when discussing sensitive topics', 'Makes you feel comfortable when discussing sensitive topics', '2017-02-06 15:11:18', '2017-02-14 16:14:46'),
(5, 0, 'en', 'questions', 'Provides you with compassionate care', 'Provides you with compassionate care', '2017-02-06 15:11:18', '2017-02-14 16:14:46'),
(6, 0, 'en', 'questions', 'Knowledgeable -Listens to you and answers your questions', 'Knowledgeable -Listens to you and answers your questions', '2017-02-06 15:11:18', '2017-02-14 16:14:46'),
(7, 0, 'en', 'questions', 'Quality of care provided', 'Quality of care provided', '2017-02-06 15:11:18', '2017-02-14 16:14:46'),
(8, 0, 'en', 'questions', 'Takes the time to provide the care needed', 'Takes the time to provide the care needed', '2017-02-06 15:11:18', '2017-02-14 16:14:46'),
(9, 0, 'en', 'questions', 'Compassionate and Respectful', 'Compassionate and Respectful', '2017-02-06 15:11:18', '2017-02-14 16:14:46'),
(10, 0, 'en', 'questions', 'Explains treatment plan', 'Explains treatment plan', '2017-02-06 15:11:18', '2017-02-14 16:14:46'),
(11, 0, 'en', 'auth', 'failed', 'These credentials do not match our records.', '2017-02-06 15:11:18', '2017-02-08 15:01:33'),
(12, 0, 'en', 'auth', 'throttle', 'Too many login attempts. Please try again in :seconds seconds.', '2017-02-06 15:11:18', '2017-02-08 15:01:33'),
(13, 0, 'en', 'survey', 'evaluate_your_caregiver', 'Evaluate your Caregiver', '2017-02-06 15:11:18', '2017-02-08 15:01:40'),
(14, 0, 'en', 'survey', 'patient_satisfaction_survey', 'Patient Satisfaction Survey', '2017-02-06 15:11:18', '2017-02-08 15:01:40'),
(15, 0, 'en', 'survey', 'patient', 'Patient', '2017-02-06 15:11:18', '2017-02-08 15:01:40'),
(16, 0, 'en', 'survey', 'other', 'Other', '2017-02-06 15:11:18', '2017-02-08 15:01:40'),
(17, 0, 'en', 'survey', 'i_am_the', 'I am the', '2017-02-06 15:11:18', '2017-02-08 15:01:40'),
(18, 0, 'en', 'survey', 'family_member', 'Family member', '2017-02-06 15:11:18', '2017-02-08 15:01:40'),
(19, 0, 'en', 'survey', 'dont_know_login_info', 'I don\'t know my login info', '2017-02-06 15:11:18', '2017-02-08 15:01:40'),
(20, 0, 'en', 'survey', 'username', 'Username', '2017-02-06 15:11:18', '2017-02-08 15:01:40'),
(21, 0, 'en', 'survey', 'password', 'Password', '2017-02-06 15:11:18', '2017-02-08 15:01:40'),
(22, 0, 'en', 'survey', 'all_caregivers', 'All Caregivers', '2017-02-06 15:11:18', '2017-02-08 15:01:40'),
(23, 0, 'en', 'survey', 'nurses', 'Nurses', '2017-02-06 15:11:18', '2017-02-08 15:01:40'),
(24, 0, 'en', 'survey', 'respiratories', 'Respiratory', '2017-02-06 15:11:18', '2017-02-08 15:01:40'),
(25, 0, 'en', 'survey', 'rehab', 'Rehab', '2017-02-06 15:11:18', '2017-02-08 15:01:40'),
(26, 0, 'en', 'survey', 'search_by_caregiver\'s_name', 'Search by Caregiver\'s Name', '2017-02-06 15:11:18', '2017-02-08 15:01:40'),
(27, 0, 'en', 'survey', 'ok', 'Ok', '2017-02-06 15:11:18', '2017-02-08 15:01:40'),
(28, 0, 'en', 'survey', 'good', 'Good', '2017-02-06 15:11:18', '2017-02-08 15:01:40'),
(29, 0, 'en', 'survey', 'great', 'Great', '2017-02-06 15:11:18', '2017-02-08 15:01:40'),
(30, 0, 'en', 'survey', 'fair', 'Fair', '2017-02-06 15:11:18', '2017-02-08 15:01:40'),
(31, 0, 'en', 'survey', 'poor', 'Poor', '2017-02-06 15:11:18', '2017-02-08 15:01:40'),
(32, 0, 'en', 'survey', 'are_you_sure', 'Are you sure you want to survey', '2017-02-06 15:11:18', '2017-02-08 15:01:40'),
(33, 0, 'en', 'survey', 'cancel', 'Cancel', '2017-02-06 15:11:18', '2017-02-08 15:01:40'),
(34, 0, 'en', 'survey', 'begin_survey', 'Begin Survey', '2017-02-06 15:11:18', '2017-02-08 15:01:40'),
(35, 0, 'en', 'survey', 'home', 'Return home', '2017-02-06 15:11:18', '2017-02-08 15:01:40'),
(36, 0, 'en', 'survey', 'thanks', 'THANK YOU', '2017-02-06 15:11:18', '2017-02-08 15:01:40'),
(37, 0, 'en', 'survey', 'login', 'login', '2017-02-06 15:11:18', '2017-02-08 15:01:40'),
(38, 0, 'en', 'survey', 'Please_Enter_Your_Login_Details', 'Please Enter Your Login Details', '2017-02-06 15:11:18', '2017-02-08 15:01:40'),
(39, 0, 'en', 'survey', 'Please_Enter_Your_Contact_Details', 'Please Enter Your Contact Details', '2017-02-06 15:11:18', '2017-02-08 15:01:40'),
(40, 0, 'en', 'survey', 'SUBMIT', 'SUBMIT', '2017-02-06 15:11:18', '2017-02-08 15:01:40'),
(41, 0, 'en', 'survey', 'Or_go_to_login_section', 'Or go to login section', '2017-02-06 15:11:18', '2017-02-08 15:01:40'),
(42, 0, 'en', 'survey', 'term_condition_title', 'Term and Conditions', '2017-02-06 15:11:18', '2017-02-08 15:01:40'),
(43, 0, 'en', 'survey', 'i_accept_the', 'I accept the', '2017-02-06 15:11:18', '2017-02-08 15:01:40'),
(44, 0, 'en', 'survey', 'term_condition', 'Term and Conditions', '2017-02-06 15:11:18', '2017-02-08 15:01:40'),
(45, 0, 'en', 'survey', 'Oops', 'Oops, you forgot one step!', '2017-02-06 15:11:18', '2017-02-08 15:01:40'),
(46, 0, 'en', 'survey', 'feedbacks', 'Your feedback will give us insight on what we can do to ensure you receive the highest quality of care. ', '2017-02-06 15:11:18', '2017-02-08 15:01:40'),
(47, 0, 'en', 'survey', 'Opps_Description', 'Please check the box to Agree the Terms and Conditions in order to login. Also remember this survey is anonymous and will be a secret between us!', '2017-02-06 15:11:18', '2017-02-08 15:01:40'),
(48, 0, 'en', 'survey', 'gohome', 'Please return to home and fill out the patient satisfaction survey or evaluate another caregiver. ', '2017-02-06 15:11:18', '2017-02-08 15:01:40'),
(49, 0, 'en', 'survey', 'Or', 'Or', '2017-02-06 15:11:18', '2017-02-08 15:01:40'),
(50, 0, 'en', 'survey', 'check_box_contact', 'I would like to be contacted about my patient experience.', '2017-02-06 15:11:18', '2017-02-08 15:01:40'),
(51, 0, 'en', 'survey', 'comment_placeholder', 'Just a reminder that everything you share with Wambi remains anonymous.', '2017-02-06 15:11:18', '2017-02-08 15:01:40'),
(52, 0, 'en', 'survey', 'title_experience', 'Please include any additional comments here about your experience!', '2017-02-06 15:11:18', '2017-02-08 15:01:40'),
(53, 0, 'en', 'survey', 'title_caregiver', 'Please include any additional comments here about your caregiver!', '2017-02-06 15:11:18', '2017-02-08 15:01:40'),
(54, 0, 'en', 'survey', 'error_max_survey', 'You have surveyed this caregiver the maximum amount of times within 24 hours. Please select another caregiver or return home to take the patient satisfaction survey.', '2017-02-06 15:11:18', '2017-02-08 15:01:40'),
(55, 0, 'en', 'exit_questions', 'Physicians', 'Physicians', '2017-02-06 15:11:18', '2017-02-14 16:14:39'),
(57, 0, 'en', 'exit_questions', 'Takes_enough_time_with_you', 'Takes enough time with you', '2017-02-06 15:11:18', '2017-02-14 16:14:39'),
(58, 0, 'en', 'exit_questions', 'Explains_what_you_want_to_know', 'Explains what you want to know', '2017-02-06 15:11:18', '2017-02-14 16:14:39'),
(59, 0, 'en', 'exit_questions', 'Provides_good_advice_and_treatment', 'Provides good advice and treatment', '2017-02-06 15:11:18', '2017-02-14 16:14:39'),
(60, 0, 'en', 'exit_questions', 'Nursing_Staff', 'Nursing Staff', '2017-02-06 15:11:18', '2017-02-14 16:14:39'),
(61, 0, 'en', 'exit_questions', 'Provides_good_nursing_care', 'Provides good nursing care', '2017-02-06 15:11:18', '2017-02-14 16:14:39'),
(62, 0, 'en', 'exit_questions', 'Has_a_caring_attitude', 'Has a caring attitude', '2017-02-06 15:11:18', '2017-02-14 16:14:39'),
(63, 0, 'en', 'exit_questions', 'Other_Therapy_Staff', 'Other Therapy Staff', '2017-02-06 15:11:18', '2017-02-14 16:14:39'),
(64, 0, 'en', 'exit_questions', 'Friendly_and_helpful_to_you', 'Friendly and helpful to you', '2017-02-06 15:11:18', '2017-02-14 16:14:39'),
(65, 0, 'en', 'exit_questions', 'Answers_your_questions', 'Answers your questions', '2017-02-06 15:11:18', '2017-02-14 16:14:39'),
(66, 0, 'en', 'exit_questions', 'Explains_Treatment_Plan', 'Explains Treatment Plan', '2017-02-06 15:11:18', '2017-02-14 16:14:39'),
(67, 0, 'en', 'exit_questions', 'Facility_Unit', 'Facility', '2017-02-06 15:11:18', '2017-02-14 16:14:39'),
(68, 0, 'en', 'exit_questions', 'Neat_and_clean_building', 'Neat and clean building', '2017-02-06 15:11:18', '2017-02-14 16:14:39'),
(69, 0, 'en', 'exit_questions', 'Unit_easily_accessible', 'Unit easily accessible', '2017-02-06 15:11:18', '2017-02-14 16:14:39'),
(70, 0, 'en', 'exit_questions', 'Comfort_and_Safety', 'Comfort and Safety', '2017-02-06 15:11:18', '2017-02-14 16:14:39'),
(71, 0, 'en', 'exit_questions', 'Privacy', 'Privacy', '2017-02-06 15:11:18', '2017-02-14 16:14:39'),
(72, 0, 'en', 'exit_questions', 'Likelihood_of_referring_others', 'Likelihood of referring others', '2017-02-06 15:11:18', '2017-02-14 16:14:39'),
(73, 0, 'en', 'exit_questions', 'hospital_mission_statement', '\"Hospital mission statement\"', '2017-02-06 15:11:18', '2017-02-14 16:14:39'),
(74, 0, 'en', 'validation', 'accepted', 'The :attribute must be accepted.', '2017-02-06 15:11:18', '2017-02-08 15:01:33'),
(75, 0, 'en', 'validation', 'active_url', 'The :attribute is not a valid URL.', '2017-02-06 15:11:18', '2017-02-08 15:01:33'),
(76, 0, 'en', 'validation', 'after', 'The :attribute must be a date after :date.', '2017-02-06 15:11:18', '2017-02-08 15:01:33'),
(77, 0, 'en', 'validation', 'alpha', 'The :attribute may only contain letters.', '2017-02-06 15:11:18', '2017-02-08 15:01:33'),
(78, 0, 'en', 'validation', 'alpha_dash', 'The :attribute may only contain letters, numbers, and dashes.', '2017-02-06 15:11:18', '2017-02-08 15:01:33'),
(79, 0, 'en', 'validation', 'alpha_num', 'The :attribute may only contain letters and numbers.', '2017-02-06 15:11:18', '2017-02-08 15:01:33'),
(80, 0, 'en', 'validation', 'array', 'The :attribute must be an array.', '2017-02-06 15:11:18', '2017-02-08 15:01:33'),
(81, 0, 'en', 'validation', 'before', 'The :attribute must be a date before :date.', '2017-02-06 15:11:18', '2017-02-08 15:01:33'),
(82, 0, 'en', 'validation', 'between.numeric', 'The :attribute must be between :min and :max.', '2017-02-06 15:11:18', '2017-02-08 15:01:33'),
(83, 0, 'en', 'validation', 'between.file', 'The :attribute must be between :min and :max kilobytes.', '2017-02-06 15:11:18', '2017-02-08 15:01:33'),
(84, 0, 'en', 'validation', 'between.string', 'The :attribute must be between :min and :max characters.', '2017-02-06 15:11:18', '2017-02-08 15:01:33'),
(85, 0, 'en', 'validation', 'between.array', 'The :attribute must have between :min and :max items.', '2017-02-06 15:11:18', '2017-02-08 15:01:33'),
(86, 0, 'en', 'validation', 'boolean', 'The :attribute field must be true or false.', '2017-02-06 15:11:18', '2017-02-08 15:01:33'),
(87, 0, 'en', 'validation', 'confirmed', 'The :attribute confirmation does not match.', '2017-02-06 15:11:18', '2017-02-08 15:01:33'),
(88, 0, 'en', 'validation', 'date', 'The :attribute is not a valid date.', '2017-02-06 15:11:18', '2017-02-08 15:01:33'),
(89, 0, 'en', 'validation', 'date_format', 'The :attribute does not match the format :format.', '2017-02-06 15:11:18', '2017-02-08 15:01:33'),
(90, 0, 'en', 'validation', 'different', 'The :attribute and :other must be different.', '2017-02-06 15:11:18', '2017-02-08 15:01:33'),
(91, 0, 'en', 'validation', 'digits', 'The :attribute must be :digits digits.', '2017-02-06 15:11:18', '2017-02-08 15:01:33'),
(92, 0, 'en', 'validation', 'digits_between', 'The :attribute must be between :min and :max digits.', '2017-02-06 15:11:18', '2017-02-08 15:01:33'),
(93, 0, 'en', 'validation', 'distinct', 'The :attribute field has a duplicate value.', '2017-02-06 15:11:18', '2017-02-08 15:01:33'),
(94, 0, 'en', 'validation', 'email', 'The :attribute must be a valid email address.', '2017-02-06 15:11:18', '2017-02-08 15:01:33'),
(95, 0, 'en', 'validation', 'exists', 'The selected :attribute is invalid.', '2017-02-06 15:11:18', '2017-02-08 15:01:33'),
(96, 0, 'en', 'validation', 'filled', 'The :attribute field is required.', '2017-02-06 15:11:18', '2017-02-08 15:01:33'),
(97, 0, 'en', 'validation', 'image', 'The :attribute must be an image.', '2017-02-06 15:11:18', '2017-02-08 15:01:33'),
(98, 0, 'en', 'validation', 'in', 'The selected :attribute is invalid.', '2017-02-06 15:11:18', '2017-02-08 15:01:33'),
(99, 0, 'en', 'validation', 'in_array', 'The :attribute field does not exist in :other.', '2017-02-06 15:11:18', '2017-02-08 15:01:33'),
(100, 0, 'en', 'validation', 'integer', 'The :attribute must be an integer.', '2017-02-06 15:11:18', '2017-02-08 15:01:33'),
(101, 0, 'en', 'validation', 'ip', 'The :attribute must be a valid IP address.', '2017-02-06 15:11:18', '2017-02-08 15:01:33'),
(102, 0, 'en', 'validation', 'json', 'The :attribute must be a valid JSON string.', '2017-02-06 15:11:18', '2017-02-08 15:01:33'),
(103, 0, 'en', 'validation', 'max.numeric', 'The :attribute may not be greater than :max.', '2017-02-06 15:11:18', '2017-02-08 15:01:33'),
(104, 0, 'en', 'validation', 'max.file', 'The :attribute may not be greater than :max kilobytes.', '2017-02-06 15:11:18', '2017-02-08 15:01:33'),
(105, 0, 'en', 'validation', 'max.string', 'The :attribute may not be greater than :max characters.', '2017-02-06 15:11:18', '2017-02-08 15:01:33'),
(106, 0, 'en', 'validation', 'max.array', 'The :attribute may not have more than :max items.', '2017-02-06 15:11:18', '2017-02-08 15:01:33'),
(107, 0, 'en', 'validation', 'mimes', 'The :attribute must be a file of type: :values.', '2017-02-06 15:11:18', '2017-02-08 15:01:33'),
(108, 0, 'en', 'validation', 'min.numeric', 'The :attribute must be at least :min.', '2017-02-06 15:11:18', '2017-02-08 15:01:33'),
(109, 0, 'en', 'validation', 'min.file', 'The :attribute must be at least :min kilobytes.', '2017-02-06 15:11:18', '2017-02-08 15:01:33'),
(110, 0, 'en', 'validation', 'min.string', 'The :attribute must be at least :min characters.', '2017-02-06 15:11:18', '2017-02-08 15:01:33'),
(111, 0, 'en', 'validation', 'min.array', 'The :attribute must have at least :min items.', '2017-02-06 15:11:18', '2017-02-08 15:01:33'),
(112, 0, 'en', 'validation', 'not_in', 'The selected :attribute is invalid.', '2017-02-06 15:11:18', '2017-02-08 15:01:33'),
(113, 0, 'en', 'validation', 'numeric', 'The :attribute must be a number.', '2017-02-06 15:11:18', '2017-02-08 15:01:33'),
(114, 0, 'en', 'validation', 'present', 'The :attribute field must be present.', '2017-02-06 15:11:18', '2017-02-08 15:01:33'),
(115, 0, 'en', 'validation', 'regex', 'The :attribute format is invalid.', '2017-02-06 15:11:18', '2017-02-08 15:01:33'),
(116, 0, 'en', 'validation', 'required', 'The :attribute field is required.', '2017-02-06 15:11:18', '2017-02-08 15:01:33'),
(117, 0, 'en', 'validation', 'required_if', 'The :attribute field is required when :other is :value.', '2017-02-06 15:11:18', '2017-02-08 15:01:33'),
(118, 0, 'en', 'validation', 'required_unless', 'The :attribute field is required unless :other is in :values.', '2017-02-06 15:11:18', '2017-02-08 15:01:33'),
(119, 0, 'en', 'validation', 'required_with', 'The :attribute field is required when :values is present.', '2017-02-06 15:11:18', '2017-02-08 15:01:33'),
(120, 0, 'en', 'validation', 'required_with_all', 'The :attribute field is required when :values is present.', '2017-02-06 15:11:18', '2017-02-08 15:01:33'),
(121, 0, 'en', 'validation', 'required_without', 'The :attribute field is required when :values is not present.', '2017-02-06 15:11:18', '2017-02-08 15:01:33'),
(122, 0, 'en', 'validation', 'required_without_all', 'The :attribute field is required when none of :values are present.', '2017-02-06 15:11:18', '2017-02-08 15:01:33'),
(123, 0, 'en', 'validation', 'same', 'The :attribute and :other must match.', '2017-02-06 15:11:18', '2017-02-08 15:01:33'),
(124, 0, 'en', 'validation', 'size.numeric', 'The :attribute must be :size.', '2017-02-06 15:11:18', '2017-02-08 15:01:33'),
(125, 0, 'en', 'validation', 'size.file', 'The :attribute must be :size kilobytes.', '2017-02-06 15:11:18', '2017-02-08 15:01:33'),
(126, 0, 'en', 'validation', 'size.string', 'The :attribute must be :size characters.', '2017-02-06 15:11:18', '2017-02-08 15:01:33'),
(127, 0, 'en', 'validation', 'size.array', 'The :attribute must contain :size items.', '2017-02-06 15:11:18', '2017-02-08 15:01:33'),
(128, 0, 'en', 'validation', 'string', 'The :attribute must be a string.', '2017-02-06 15:11:18', '2017-02-08 15:01:33'),
(129, 0, 'en', 'validation', 'timezone', 'The :attribute must be a valid zone.', '2017-02-06 15:11:18', '2017-02-08 15:01:33'),
(130, 0, 'en', 'validation', 'unique', 'The :attribute has already been taken.', '2017-02-06 15:11:18', '2017-02-08 15:01:33'),
(131, 0, 'en', 'validation', 'url', 'The :attribute format is invalid.', '2017-02-06 15:11:18', '2017-02-08 15:01:33'),
(132, 0, 'en', 'validation', 'custom.attribute-name.rule-name', 'custom-message', '2017-02-06 15:11:18', '2017-02-08 15:01:33'),
(133, 0, 'en', 'passwords', 'password', 'Passwords must be at least six characters and match the confirmation.', '2017-02-06 15:11:18', '2017-02-08 15:01:33'),
(134, 0, 'en', 'passwords', 'reset', 'Your password has been reset!', '2017-02-06 15:11:18', '2017-02-08 15:01:33'),
(135, 0, 'en', 'passwords', 'sent', 'We have e-mailed your password reset link!', '2017-02-06 15:11:18', '2017-02-08 15:01:33'),
(136, 0, 'en', 'passwords', 'token', 'This password reset token is invalid.', '2017-02-06 15:11:18', '2017-02-08 15:01:33'),
(137, 0, 'en', 'passwords', 'user', 'We can\'t find a user with that e-mail address.', '2017-02-06 15:11:18', '2017-02-08 15:01:33'),
(138, 0, 'en', 'pagination', 'previous', '&laquo; Previous', '2017-02-06 15:11:18', '2017-02-08 15:01:33'),
(139, 0, 'en', 'pagination', 'next', 'Next &raquo;', '2017-02-06 15:11:18', '2017-02-08 15:01:33'),
(140, 0, 'es', 'questions', 'Treats you with respect', 'Me trata respetuosamente', '2017-02-06 15:11:18', '2017-02-14 16:14:46'),
(141, 0, 'es', 'questions', 'Listens to your needs', 'Atiende a mis necesidades', '2017-02-06 15:11:18', '2017-02-14 16:14:46'),
(142, 0, 'es', 'questions', 'Clearly explains your care and/or treatment plan', 'Explica mi plan de cuidado y/o tratamiento con claridad', '2017-02-06 15:11:18', '2017-02-14 16:14:46'),
(143, 0, 'es', 'questions', 'Makes you feel comfortable when discussing sensitive topics', 'Me hace sentir cmodo al discutir temas sensibles', '2017-02-06 15:11:18', '2017-02-14 16:14:46'),
(144, 0, 'es', 'questions', 'Provides you with compassionate care', 'Me trata con compasin', '2017-02-06 15:11:18', '2017-02-14 16:14:46'),
(145, 0, 'es', 'questions', 'Compassionate and Respectful', 'Compassionate and Respectful', '2017-02-06 15:11:18', '2017-02-14 16:14:46'),
(146, 0, 'es', 'questions', 'Explains treatment plan', 'Explains treatment plan', '2017-02-06 15:11:18', '2017-02-14 16:14:46'),
(147, 0, 'es', 'questions', 'Knowledgeable -Listens to you and answers your questions', 'Knowledgeable -Listens to you and answers your questions', '2017-02-06 15:11:18', '2017-02-14 16:14:46'),
(148, 0, 'es', 'questions', 'Quality of care provided', 'Quality of care provided', '2017-02-06 15:11:18', '2017-02-14 16:14:46'),
(149, 0, 'es', 'questions', 'Takes the time to provide the care needed', 'Takes the time to provide the care needed', '2017-02-06 15:11:18', '2017-02-14 16:14:46'),
(150, 0, 'es', 'auth', 'failed', 'These credentials do not match our records.', '2017-02-06 15:11:18', '2017-02-08 15:01:33'),
(151, 0, 'es', 'auth', 'throttle', 'Too many login attempts. Please try again in :seconds seconds.', '2017-02-06 15:11:18', '2017-02-08 15:01:33'),
(152, 0, 'es', 'survey', 'evaluate_your_caregiver', 'Encueste a su cuidador', '2017-02-06 15:11:18', '2017-02-08 15:01:40'),
(153, 0, 'es', 'survey', 'patient_satisfaction_survey', 'Evale su experiencia', '2017-02-06 15:11:18', '2017-02-08 15:01:40'),
(154, 0, 'es', 'survey', 'patient', 'Patient', '2017-02-06 15:11:18', '2017-02-08 15:01:40'),
(155, 0, 'es', 'survey', 'other', 'Other', '2017-02-06 15:11:18', '2017-02-08 15:01:40'),
(156, 0, 'es', 'survey', 'i_am_the', 'I am the', '2017-02-06 15:11:18', '2017-02-08 15:01:40'),
(157, 0, 'es', 'survey', 'family_member', 'Miembro de la familia', '2017-02-06 15:11:18', '2017-02-08 15:01:40'),
(158, 0, 'es', 'survey', 'dont_know_login_info', 'I don\'t know my login info', '2017-02-06 15:11:18', '2017-02-08 15:01:40'),
(159, 0, 'es', 'survey', 'username', 'Nombre de usuario', '2017-02-06 15:11:18', '2017-02-08 15:01:40'),
(160, 0, 'es', 'survey', 'password', 'Contrasena', '2017-02-06 15:11:18', '2017-02-08 15:01:40'),
(161, 0, 'es', 'survey', 'all_caregivers', 'TODOS LOS CUIDADORES', '2017-02-06 15:11:18', '2017-02-08 15:01:40'),
(162, 0, 'es', 'survey', 'begin_survey', 'Comenzar Encuesta', '2017-02-06 15:11:18', '2017-02-08 15:01:40'),
(163, 0, 'es', 'survey', 'good', 'Bueno', '2017-02-06 15:11:18', '2017-02-08 15:01:40'),
(164, 0, 'es', 'survey', 'are_you_sure', 'Est seguro que desea completar una encuesta sobre', '2017-02-06 15:11:18', '2017-02-08 15:01:40'),
(165, 0, 'es', 'survey', 'cancel', 'Cancelar', '2017-02-06 15:11:18', '2017-02-08 15:01:40'),
(166, 0, 'es', 'survey', 'poor', 'Deficiente', '2017-02-06 15:11:18', '2017-02-08 15:01:40'),
(167, 0, 'es', 'survey', 'fair', 'Malo', '2017-02-06 15:11:18', '2017-02-08 15:01:40'),
(168, 0, 'es', 'survey', 'ok', 'Regular', '2017-02-06 15:11:18', '2017-02-08 15:01:40'),
(169, 0, 'es', 'survey', 'great', 'Excelente', '2017-02-06 15:11:18', '2017-02-08 15:01:40'),
(170, 0, 'es', 'survey', 'search_by_caregiver\'s_name', 'Buscar por Nombre del Cuidador', '2017-02-06 15:11:18', '2017-02-08 15:01:40'),
(171, 0, 'es', 'survey', 'nurses', 'ENFERMERAS', '2017-02-06 15:11:18', '2017-02-08 15:01:40'),
(172, 0, 'es', 'survey', 'respiratories', 'RESPIRATORIO', '2017-02-06 15:11:18', '2017-02-08 15:01:40'),
(173, 0, 'es', 'survey', 'rehab', 'REHABILITACION', '2017-02-06 15:11:18', '2017-02-08 15:01:40'),
(174, 0, 'es', 'survey', 'home', 'Inicio', '2017-02-06 15:11:18', '2017-02-08 15:01:40'),
(175, 0, 'es', 'survey', 'thanks', 'Gracias', '2017-02-06 15:11:18', '2017-02-08 15:01:40'),
(176, 0, 'es', 'survey', 'login', 'INICIAR SESION', '2017-02-06 15:11:18', '2017-02-08 15:01:40'),
(177, 0, 'es', 'survey', 'Please_Enter_Your_Login_Details', 'Please Enter Your Login Details', '2017-02-06 15:11:18', '2017-02-08 15:01:40'),
(178, 0, 'es', 'survey', 'Please_Enter_Your_Contact_Details', 'Please Enter Your Contact Details', '2017-02-06 15:11:18', '2017-02-08 15:01:40'),
(179, 0, 'es', 'survey', 'SUBMIT', 'SUBMIT', '2017-02-06 15:11:18', '2017-02-08 15:01:40'),
(180, 0, 'es', 'survey', 'Or_go_to_login_section', 'Or go to login section', '2017-02-06 15:11:18', '2017-02-08 15:01:40'),
(181, 0, 'es', 'survey', 'i_accept_the', 'I accept the', '2017-02-06 15:11:18', '2017-02-08 15:01:40'),
(182, 0, 'es', 'survey', 'term_condition', 'Term and Conditions', '2017-02-06 15:11:18', '2017-02-08 15:01:40'),
(183, 0, 'es', 'survey', 'term_condition_title', 'Term and Conditions', '2017-02-06 15:11:18', '2017-02-08 15:01:40'),
(184, 0, 'es', 'survey', 'feedbacks', 'Your feedback will give us insight on what we can do to ensure you receive the highest quality of care. ', '2017-02-06 15:11:18', '2017-02-08 15:01:40'),
(185, 0, 'es', 'survey', 'Oops', 'Oops, you forgot one step!', '2017-02-06 15:11:18', '2017-02-08 15:01:40'),
(186, 0, 'es', 'survey', 'Opps_Description', 'Please check the box to Agree the Terms and Conditions in order to login. Also remember this survey is anonymous and will be a secret between us!', '2017-02-06 15:11:18', '2017-02-08 15:01:40'),
(187, 0, 'es', 'survey', 'gohome', 'Please return to home and fill out the patient satisfaction survey or evaluate another caregiver. ', '2017-02-06 15:11:18', '2017-02-08 15:01:40'),
(188, 0, 'es', 'survey', 'Or', 'Or', '2017-02-06 15:11:18', '2017-02-08 15:01:40'),
(189, 0, 'es', 'survey', 'check_box_contact', 'I would like to be contacted about my patient experience.', '2017-02-06 15:11:18', '2017-02-08 15:01:40'),
(190, 0, 'es', 'survey', 'comment_placeholder', 'Just a reminder that everything you share with Wambi remains anonymous.', '2017-02-06 15:11:18', '2017-02-08 15:01:40'),
(191, 0, 'es', 'survey', 'title_experience', 'Please include any additional comments here about your experience!', '2017-02-06 15:11:18', '2017-02-08 15:01:40'),
(192, 0, 'es', 'survey', 'title_caregiver', 'Please include any additional comments here about your caregiver!', '2017-02-06 15:11:18', '2017-02-08 15:01:40'),
(193, 0, 'es', 'survey', 'error_max_survey', 'You have surveyed this caregiver the maximum amount of times within 24 hours. Please select another caregiver or return home to take the patient satisfaction survey.', '2017-02-06 15:11:18', '2017-02-08 15:01:40'),
(194, 0, 'es', 'exit_questions', 'Physicians', 'Mdicos', '2017-02-06 15:11:18', '2017-02-14 16:14:39'),
(196, 0, 'es', 'exit_questions', 'Takes_enough_time_with_you', 'Toma bastante tiempo contigo', '2017-02-06 15:11:18', '2017-02-14 16:14:39'),
(197, 0, 'es', 'exit_questions', 'Explains_what_you_want_to_know', 'Explica lo que quieres saber', '2017-02-06 15:11:18', '2017-02-14 16:14:39'),
(198, 0, 'es', 'exit_questions', 'Provides_good_advice_and_treatment', 'Proporciona buenos consejos y tratamiento', '2017-02-06 15:11:18', '2017-02-14 16:14:39'),
(199, 0, 'es', 'exit_questions', 'Nursing_Staff', 'Personal de enfermera', '2017-02-06 15:11:18', '2017-02-14 16:14:39'),
(200, 0, 'es', 'exit_questions', 'Provides_good_nursing_care', 'Proporciona un buen cuidado de enfermera', '2017-02-06 15:11:18', '2017-02-14 16:14:39'),
(201, 0, 'es', 'exit_questions', 'Has_a_caring_attitude', 'Tiene una actitud de cuidado', '2017-02-06 15:11:18', '2017-02-14 16:14:39'),
(202, 0, 'es', 'exit_questions', 'Other_Therapy_Staff', 'Otro Personal de Terapia', '2017-02-06 15:11:18', '2017-02-14 16:14:39'),
(203, 0, 'es', 'exit_questions', 'Friendly_and_helpful_to_you', 'Amable y servicial con usted', '2017-02-06 15:11:18', '2017-02-14 16:14:39'),
(204, 0, 'es', 'exit_questions', 'Answers_your_questions', 'Responde a tus preguntas', '2017-02-06 15:11:18', '2017-02-14 16:14:39'),
(205, 0, 'es', 'exit_questions', 'Explains_Treatment_Plan', 'Explica el plan de tratamiento', '2017-02-06 15:11:18', '2017-02-14 16:14:39'),
(206, 0, 'es', 'exit_questions', 'Facility_Unit', 'Facility', '2017-02-06 15:11:18', '2017-02-14 16:14:39'),
(207, 0, 'es', 'exit_questions', 'Neat_and_clean_building', 'Edificio limpio y ordenado', '2017-02-06 15:11:18', '2017-02-14 16:14:39'),
(208, 0, 'es', 'exit_questions', 'Unit_easily_accessible', 'Unidad de fcil acceso', '2017-02-06 15:11:18', '2017-02-14 16:14:39'),
(209, 0, 'es', 'exit_questions', 'Comfort_and_Safety', 'Comodidad y seguridad', '2017-02-06 15:11:18', '2017-02-14 16:14:39'),
(210, 0, 'es', 'exit_questions', 'Privacy', 'Poltica de privacidad', '2017-02-06 15:11:18', '2017-02-14 16:14:39'),
(211, 0, 'es', 'exit_questions', 'Likelihood_of_referring_others', 'Probabilidad de hacer referencia a otros', '2017-02-06 15:11:18', '2017-02-14 16:14:39'),
(212, 0, 'es', 'exit_questions', 'hospital_mission_statement', '\"Hospital mission statement\"', '2017-02-06 15:11:18', '2017-02-14 16:14:39'),
(213, 0, 'es', 'validation', 'accepted', 'The :attribute must be accepted.', '2017-02-06 15:11:18', '2017-02-08 15:01:33'),
(214, 0, 'es', 'validation', 'active_url', 'The :attribute is not a valid URL.', '2017-02-06 15:11:18', '2017-02-08 15:01:33'),
(215, 0, 'es', 'validation', 'after', 'The :attribute must be a date after :date.', '2017-02-06 15:11:18', '2017-02-08 15:01:33'),
(216, 0, 'es', 'validation', 'alpha', 'The :attribute may only contain letters.', '2017-02-06 15:11:18', '2017-02-08 15:01:33'),
(217, 0, 'es', 'validation', 'alpha_dash', 'The :attribute may only contain letters, numbers, and dashes.', '2017-02-06 15:11:18', '2017-02-08 15:01:33'),
(218, 0, 'es', 'validation', 'alpha_num', 'The :attribute may only contain letters and numbers.', '2017-02-06 15:11:18', '2017-02-08 15:01:33'),
(219, 0, 'es', 'validation', 'array', 'The :attribute must be an array.', '2017-02-06 15:11:18', '2017-02-08 15:01:33'),
(220, 0, 'es', 'validation', 'before', 'The :attribute must be a date before :date.', '2017-02-06 15:11:18', '2017-02-08 15:01:33'),
(221, 0, 'es', 'validation', 'between.numeric', 'The :attribute must be between :min and :max.', '2017-02-06 15:11:18', '2017-02-08 15:01:33'),
(222, 0, 'es', 'validation', 'between.file', 'The :attribute must be between :min and :max kilobytes.', '2017-02-06 15:11:18', '2017-02-08 15:01:33'),
(223, 0, 'es', 'validation', 'between.string', 'The :attribute must be between :min and :max characters.', '2017-02-06 15:11:18', '2017-02-08 15:01:33'),
(224, 0, 'es', 'validation', 'between.array', 'The :attribute must have between :min and :max items.', '2017-02-06 15:11:18', '2017-02-08 15:01:33'),
(225, 0, 'es', 'validation', 'boolean', 'The :attribute field must be true or false.', '2017-02-06 15:11:18', '2017-02-08 15:01:33'),
(226, 0, 'es', 'validation', 'confirmed', 'The :attribute confirmation does not match.', '2017-02-06 15:11:18', '2017-02-08 15:01:33'),
(227, 0, 'es', 'validation', 'date', 'The :attribute is not a valid date.', '2017-02-06 15:11:18', '2017-02-08 15:01:33'),
(228, 0, 'es', 'validation', 'date_format', 'The :attribute does not match the format :format.', '2017-02-06 15:11:18', '2017-02-08 15:01:33'),
(229, 0, 'es', 'validation', 'different', 'The :attribute and :other must be different.', '2017-02-06 15:11:18', '2017-02-08 15:01:33'),
(230, 0, 'es', 'validation', 'digits', 'The :attribute must be :digits digits.', '2017-02-06 15:11:18', '2017-02-08 15:01:33'),
(231, 0, 'es', 'validation', 'digits_between', 'The :attribute must be between :min and :max digits.', '2017-02-06 15:11:18', '2017-02-08 15:01:33'),
(232, 0, 'es', 'validation', 'distinct', 'The :attribute field has a duplicate value.', '2017-02-06 15:11:18', '2017-02-08 15:01:33'),
(233, 0, 'es', 'validation', 'email', 'The :attribute must be a valid email address.', '2017-02-06 15:11:18', '2017-02-08 15:01:33'),
(234, 0, 'es', 'validation', 'exists', 'The selected :attribute is invalid.', '2017-02-06 15:11:18', '2017-02-08 15:01:33'),
(235, 0, 'es', 'validation', 'filled', 'The :attribute field is required.', '2017-02-06 15:11:18', '2017-02-08 15:01:33'),
(236, 0, 'es', 'validation', 'image', 'The :attribute must be an image.', '2017-02-06 15:11:18', '2017-02-08 15:01:33'),
(237, 0, 'es', 'validation', 'in', 'The selected :attribute is invalid.', '2017-02-06 15:11:18', '2017-02-08 15:01:33'),
(238, 0, 'es', 'validation', 'in_array', 'The :attribute field does not exist in :other.', '2017-02-06 15:11:18', '2017-02-08 15:01:33'),
(239, 0, 'es', 'validation', 'integer', 'The :attribute must be an integer.', '2017-02-06 15:11:18', '2017-02-08 15:01:33'),
(240, 0, 'es', 'validation', 'ip', 'The :attribute must be a valid IP address.', '2017-02-06 15:11:18', '2017-02-08 15:01:33'),
(241, 0, 'es', 'validation', 'json', 'The :attribute must be a valid JSON string.', '2017-02-06 15:11:18', '2017-02-08 15:01:33'),
(242, 0, 'es', 'validation', 'max.numeric', 'The :attribute may not be greater than :max.', '2017-02-06 15:11:18', '2017-02-08 15:01:33'),
(243, 0, 'es', 'validation', 'max.file', 'The :attribute may not be greater than :max kilobytes.', '2017-02-06 15:11:18', '2017-02-08 15:01:33'),
(244, 0, 'es', 'validation', 'max.string', 'The :attribute may not be greater than :max characters.', '2017-02-06 15:11:18', '2017-02-08 15:01:33'),
(245, 0, 'es', 'validation', 'max.array', 'The :attribute may not have more than :max items.', '2017-02-06 15:11:18', '2017-02-08 15:01:33'),
(246, 0, 'es', 'validation', 'mimes', 'The :attribute must be a file of type: :values.', '2017-02-06 15:11:18', '2017-02-08 15:01:33'),
(247, 0, 'es', 'validation', 'min.numeric', 'The :attribute must be at least :min.', '2017-02-06 15:11:18', '2017-02-08 15:01:33'),
(248, 0, 'es', 'validation', 'min.file', 'The :attribute must be at least :min kilobytes.', '2017-02-06 15:11:18', '2017-02-08 15:01:33'),
(249, 0, 'es', 'validation', 'min.string', 'The :attribute must be at least :min characters.', '2017-02-06 15:11:18', '2017-02-08 15:01:33'),
(250, 0, 'es', 'validation', 'min.array', 'The :attribute must have at least :min items.', '2017-02-06 15:11:18', '2017-02-08 15:01:33'),
(251, 0, 'es', 'validation', 'not_in', 'The selected :attribute is invalid.', '2017-02-06 15:11:18', '2017-02-08 15:01:33'),
(252, 0, 'es', 'validation', 'numeric', 'The :attribute must be a number.', '2017-02-06 15:11:19', '2017-02-08 15:01:33'),
(253, 0, 'es', 'validation', 'present', 'The :attribute field must be present.', '2017-02-06 15:11:19', '2017-02-08 15:01:33'),
(254, 0, 'es', 'validation', 'regex', 'The :attribute format is invalid.', '2017-02-06 15:11:19', '2017-02-08 15:01:33'),
(255, 0, 'es', 'validation', 'required', 'The :attribute field is required.', '2017-02-06 15:11:19', '2017-02-08 15:01:33'),
(256, 0, 'es', 'validation', 'required_if', 'The :attribute field is required when :other is :value.', '2017-02-06 15:11:19', '2017-02-08 15:01:33'),
(257, 0, 'es', 'validation', 'required_unless', 'The :attribute field is required unless :other is in :values.', '2017-02-06 15:11:19', '2017-02-08 15:01:33'),
(258, 0, 'es', 'validation', 'required_with', 'The :attribute field is required when :values is present.', '2017-02-06 15:11:19', '2017-02-08 15:01:33'),
(259, 0, 'es', 'validation', 'required_with_all', 'The :attribute field is required when :values is present.', '2017-02-06 15:11:19', '2017-02-08 15:01:33'),
(260, 0, 'es', 'validation', 'required_without', 'The :attribute field is required when :values is not present.', '2017-02-06 15:11:19', '2017-02-08 15:01:33'),
(261, 0, 'es', 'validation', 'required_without_all', 'The :attribute field is required when none of :values are present.', '2017-02-06 15:11:19', '2017-02-08 15:01:33'),
(262, 0, 'es', 'validation', 'same', 'The :attribute and :other must match.', '2017-02-06 15:11:19', '2017-02-08 15:01:33'),
(263, 0, 'es', 'validation', 'size.numeric', 'The :attribute must be :size.', '2017-02-06 15:11:19', '2017-02-08 15:01:33'),
(264, 0, 'es', 'validation', 'size.file', 'The :attribute must be :size kilobytes.', '2017-02-06 15:11:19', '2017-02-08 15:01:33'),
(265, 0, 'es', 'validation', 'size.string', 'The :attribute must be :size characters.', '2017-02-06 15:11:19', '2017-02-08 15:01:33'),
(266, 0, 'es', 'validation', 'size.array', 'The :attribute must contain :size items.', '2017-02-06 15:11:19', '2017-02-08 15:01:33'),
(267, 0, 'es', 'validation', 'string', 'The :attribute must be a string.', '2017-02-06 15:11:19', '2017-02-08 15:01:33'),
(268, 0, 'es', 'validation', 'timezone', 'The :attribute must be a valid zone.', '2017-02-06 15:11:19', '2017-02-08 15:01:33'),
(269, 0, 'es', 'validation', 'unique', 'The :attribute has already been taken.', '2017-02-06 15:11:19', '2017-02-08 15:01:33'),
(270, 0, 'es', 'validation', 'url', 'The :attribute format is invalid.', '2017-02-06 15:11:19', '2017-02-08 15:01:33'),
(271, 0, 'es', 'validation', 'custom.attribute-name.rule-name', 'custom-message', '2017-02-06 15:11:19', '2017-02-08 15:01:33'),
(272, 0, 'es', 'passwords', 'password', 'Passwords must be at least six characters and match the confirmation.', '2017-02-06 15:11:19', '2017-02-08 15:01:33'),
(273, 0, 'es', 'passwords', 'reset', 'Your password has been reset!', '2017-02-06 15:11:19', '2017-02-08 15:01:33'),
(274, 0, 'es', 'passwords', 'sent', 'We have e-mailed your password reset link!', '2017-02-06 15:11:19', '2017-02-08 15:01:33'),
(275, 0, 'es', 'passwords', 'token', 'This password reset token is invalid.', '2017-02-06 15:11:19', '2017-02-08 15:01:33'),
(276, 0, 'es', 'passwords', 'user', 'We can\'t find a user with that e-mail address.', '2017-02-06 15:11:19', '2017-02-08 15:01:33'),
(277, 0, 'es', 'pagination', 'previous', '&laquo; Previous', '2017-02-06 15:11:19', '2017-02-08 15:01:33'),
(278, 0, 'es', 'pagination', 'next', 'Next &raquo;', '2017-02-06 15:11:19', '2017-02-08 15:01:33'),
(279, 0, 'en', 'exit_questions', 'Takes time to discuss your medication, diet and first physician appointment after discharge', 'Takes time to discuss your medication, diet and first physician appointment after discharge', '2017-02-11 05:28:50', '2017-02-14 16:14:39'),
(280, 0, 'es', 'exit_questions', 'Takes time to discuss your medication, diet and first physician appointment after discharge', 'Takes time to discuss your medication, diet and first physician appointment after discharge', '2017-02-11 05:28:59', '2017-02-14 16:14:39'),
(281, 0, 'en', 'exit_questions', 'Nursing Staff', 'Nursing Staff', '2017-02-11 05:32:41', '2017-02-14 16:14:39'),
(282, 0, 'en', 'exit_questions', 'Other Therapy Staff', 'Other Therapy Staff', '2017-02-11 05:32:41', '2017-02-14 16:14:39'),
(283, 0, 'en', 'exit_questions', 'Facility', 'Facility', '2017-02-11 05:32:41', '2017-02-14 16:14:39'),
(284, 0, 'es', 'exit_questions', 'Nursing Staff', 'Personal de enfermera', '2017-02-11 05:32:42', '2017-02-14 16:14:39'),
(285, 0, 'es', 'exit_questions', 'Other Therapy Staff', 'Otro Personal de Terapia', '2017-02-11 05:32:42', '2017-02-14 16:14:39'),
(286, 0, 'es', 'exit_questions', 'Facility', 'Facility', '2017-02-11 05:32:42', '2017-02-14 16:14:39'),
(293, 0, 'en', 'exit_questions', 'Listens_to_you_answers_questions', 'Listens to you and answers your questions', '2017-02-13 19:40:46', '2017-02-14 16:14:39'),
(290, 0, 'es', 'questions', 'Provides quality care', 'Provides quality care', '2017-02-11 14:59:54', '2017-02-14 16:14:46'),
(289, 0, 'en', 'questions', 'Provides quality care', 'Provides quality care', '2017-02-11 14:59:41', '2017-02-14 16:14:46'),
(294, 0, 'es', 'exit_questions', 'Listens_to_you_answers_questions', 'Escucha y responde a las preguntas', '2017-02-13 19:41:56', '2017-02-14 16:14:39');

-- --------------------------------------------------------

--
-- Table structure for table `migrations`
--

CREATE TABLE `migrations` (
  `migration` varchar(255) COLLATE utf8_unicode_ci NOT NULL,
  `batch` int(11) NOT NULL
) ENGINE=InnoDB DEFAULT CHARSET=utf8 COLLATE=utf8_unicode_ci;

--
-- Dumping data for table `migrations`
--

INSERT INTO `migrations` (`migration`, `batch`) VALUES
('2014_10_12_000000_create_users_table', 1),
('2014_10_12_100000_create_password_resets_table', 1),
('2016_08_06_101820_entrust_setup_tables', 2),
('2016_08_14_043410_entrust_setup_tables', 3),
('2016_08_16_022612_create_jobs_table', 4);

-- --------------------------------------------------------

--
-- Table structure for table `newsfeed`
--

CREATE TABLE `newsfeed` (
  `id` int(11) NOT NULL,
  `content` longtext NOT NULL,
  `created_at` timestamp NULL DEFAULT NULL,
  `title` varchar(100) NOT NULL,
  `image` varchar(255) DEFAULT NULL,
  `excerpt` varchar(255) DEFAULT NULL,
  `updated_at` timestamp NULL DEFAULT NULL ON UPDATE CURRENT_TIMESTAMP,
  `units` varchar(1000) DEFAULT NULL
) ENGINE=InnoDB DEFAULT CHARSET=latin1;

--
-- Dumping data for table `newsfeed`
--

INSERT INTO `newsfeed` (`id`, `content`, `created_at`, `title`, `image`, `excerpt`, `updated_at`, `units`) VALUES
(2, '<blockquote><h4><font color=\"#EFEFEF\"><span style=\"background-color: rgb(0, 0, 255);\"><font face=\"Helvetica\"><font color=\"#636363\"><span style=\"background-color: rgb(247, 247, 247);\">The concept of nurse engagement is often used to describe nurses<br>commitment to and satisfaction with their jobs. In reality, these are just two<br>facets of engagement. Additional considerations include nurses level of<br>commitment to the organization that employs them, and their commitment<br>to the nursing profession itself. Because nurse engagement correlates<br>directly with critical safety, quality, and patient experience outcomes,<br>understanding the current state of nurse engagement and its drivers must<br>be a strategic imperative. This article will discuss the current state of nurse<br>engagement, including variables that impact engagement</span></font></font></span></font><u><font color=\"#EFEFEF\"><span style=\"background-color: rgb(0, 0, 255);\"><font face=\"Helvetica\"><br></font></span></font></u></h4></blockquote><p><br></p>', '2017-01-25 20:58:47', 'Nurse Engagement.What are The Costs', 'Nurse Engagement What are the Contributing Factors for Success.pdf', NULL, '2017-01-25 20:58:47', NULL),
(3, 'Congratulations to Broward Health Medical Center, who has been awarded 10 PECKS for No falls this Month', '2017-01-26 19:29:35', 'Unit Award', 'award.png', NULL, '2017-01-26 19:29:35', NULL),
(4, 'Congratulations to Broward Health Medical Center, who has been awarded 20 PECKS for No Hap us this Month', '2017-01-26 19:30:32', 'Unit Award', 'award.png', NULL, '2017-01-26 19:30:32', NULL),
(5, 'Congratulations to Broward North Medical Center, who has been awarded 15 PECKS for No falls this Quarter', '2017-01-26 20:33:25', 'Unit Award', 'award.png', NULL, '2017-01-26 20:33:25', NULL),
(6, '<p>We are moved and delighted by the work you do everyday. &nbsp;Thank you!&nbsp;</p>', '2017-01-30 22:43:30', 'Happy Nurses\' Week! ', 'nursing stamp.jpg', NULL, '2017-01-30 22:43:30', NULL),
(7, '<p>Looking forward to seeing you at the In-Service on March 1st!&nbsp;</p>', '2017-01-30 22:45:36', 'Upcoming Mandatory In-service', 'conference.jpeg', NULL, '2017-01-30 22:45:36', NULL),
(8, 'Congratulations to Plantation General Hospital, who has been awarded 5000 PECKS for No Agency Use this Quarter', '2017-01-31 17:18:06', 'Unit Award', 'award.png', NULL, '2017-01-31 17:18:06', NULL),
(10, 'Congratulations to Broward North Medical Center, who has been awarded 10 PECKS for No Clautis this Month', '2017-02-01 12:35:06', 'Unit Award', 'award.png', NULL, '2017-02-01 12:35:06', NULL),
(11, '<p>Thank you for being so awesome. For providing quality care for your patients you\'ve been awarded 50 pecks for the month! Congrats.&nbsp;</p>', '2017-02-01 23:56:45', 'Congratulations to the Employee of the Month! ', 'Screen Shot 2017-01-09 at 11.42.54 AM.png', NULL, '2017-02-01 23:56:45', NULL),
(12, '<p>Congrats. We are so proud of you. Keep up the great work.</p>', '2017-02-07 20:01:23', 'You\'ve been recognized for providing compassionate care!', 'Screen Shot 2017-02-07 at 12.49.39 PM.png', NULL, '2017-02-07 20:01:45', NULL),
(13, 'Congratulations to Broward Health Medical Center, who has been awarded 50 PECKS for No Agency Use this Month', '2017-02-07 20:31:36', 'Unit Award', 'award.png', NULL, '2017-02-07 20:31:36', NULL),
(14, 'Congratulations to Broward North Medical Center, who has been awarded 50 PECKS for No Agency Use this Quarter', '2017-02-07 21:40:15', 'Unit Award', 'award.png', NULL, '2017-02-07 21:40:15', NULL),
(15, '<p>Thank you for being so compassionate.&nbsp;</p>', '2017-02-08 21:29:12', 'Congrats to the Employee of the Month!', 'Screen Shot 2017-02-07 at 3.37.52 PM.png', NULL, '2017-02-08 21:29:12', '[\"1\"]'),
(16, '<p>We are so excited to have Wambi in our facility. It\'s time for you to get appreciated for all the hard work that you do.</p>', '2017-02-08 21:36:39', 'Introducing Wambi! ', 'Screen Shot 2017-01-11 at 12.00.52 AM.png', NULL, '2017-02-17 17:14:43', '[\"1\",\"2\",\"3\"]'),
(17, 'Congratulations to Broward Health Medical Center, who has been awarded 25 PECKS for No Agency Use this Month', '2017-02-13 18:10:53', 'Unit Award', 'award.png', NULL, '2017-02-13 18:10:53', NULL),
(18, 'A big warm welcome our new employee, Jordan! We are very happy to have you.', '2017-02-13 19:04:23', 'Welcome Jordan to our unit!', 'Screen Shot 2017-02-13 at 1.07.37 PM.png', NULL, '2017-03-03 21:53:09', '[\"1\"]'),
(20, '<p>Wishing you love, health, and happiness this Valentine\'s Day! </p>', '2017-02-17 17:12:50', 'Happy Valentine\'s Day', 'heart.jpeg', NULL, '2017-02-17 17:14:16', '[\"1\",\"2\",\"3\"]'),
(21, 'Congratulations to Broward Health Medical Center, who has been awarded 250 PECKS for No falls this Year', '2017-02-17 17:20:57', 'Unit Award', 'award.png', NULL, '2017-02-17 17:20:57', NULL),
(23, 'Congratulations to Broward Health Medical Center, who has been awarded 75 PECKS for No Hap us this Month', '2017-03-04 00:18:20', 'Unit Award', 'award.png', NULL, '2017-03-04 00:18:20', '1'),
(24, '<p>Like this post to confirm your attendance. Thank you&nbsp;</p>', '2017-03-06 04:31:59', 'Mandatory In-Service Meeting 4/1/17', 'Screen Shot 2017-03-05 at 11.31.06 PM.png', NULL, '2017-03-06 04:32:00', '[\"1\"]'),
(27, 'Congratulations to Broward Health Medical Center, who has been awarded 200 PECKS for No Clautis this Year', '2017-05-11 17:45:59', 'Unit Award', 'award.png', NULL, '2017-05-11 17:45:59', '[\"1\"]');

-- --------------------------------------------------------

--
-- Table structure for table `newsfeed_comments`
--

CREATE TABLE `newsfeed_comments` (
  `id` int(10) UNSIGNED NOT NULL,
  `news_id` int(11) NOT NULL,
  `user_id` int(11) NOT NULL,
  `comment` text COLLATE utf8_unicode_ci NOT NULL,
  `created_at` timestamp NULL DEFAULT NULL,
  `updated_at` timestamp NULL DEFAULT NULL
) ENGINE=InnoDB DEFAULT CHARSET=utf8 COLLATE=utf8_unicode_ci;

--
-- Dumping data for table `newsfeed_comments`
--

INSERT INTO `newsfeed_comments` (`id`, `news_id`, `user_id`, `comment`, `created_at`, `updated_at`) VALUES
(1, 6, 19, 'So happy I could help!', '2017-02-01 22:47:32', '2017-02-01 22:47:32'),
(2, 10, 397, 'Yay! Good work team. ', '2017-02-01 22:48:24', '2017-02-01 22:48:24'),
(3, 6, 397, 'Thank you! :)', '2017-02-01 22:48:49', '2017-02-01 22:48:49'),
(4, 7, 397, 'Can\'t wait to be there!', '2017-02-01 22:49:16', '2017-02-01 22:49:16'),
(5, 10, 408, 'Congrats!', '2017-02-06 17:23:05', '2017-02-06 17:23:05'),
(6, 12, 411, 'Congrats!!', '2017-02-07 20:19:00', '2017-02-07 20:19:00'),
(7, 12, 413, 'Congrats. Your amazing <3', '2017-02-07 20:21:54', '2017-02-07 20:21:54'),
(8, 12, 414, 'WOW!!!! You amaze me everyday. ', '2017-02-07 20:22:59', '2017-02-07 20:22:59'),
(9, 10, 415, 'We\'re awesome. ', '2017-02-07 20:24:07', '2017-02-07 20:24:07'),
(10, 11, 415, 'Go Julian!', '2017-02-07 20:24:22', '2017-02-07 20:24:22'),
(11, 12, 410, 'You\'re the bomb.com', '2017-02-07 20:26:07', '2017-02-07 20:26:07'),
(12, 12, 160, 'We love you!!', '2017-02-07 20:27:28', '2017-02-07 20:27:28'),
(13, 12, 418, 'Thanks everyone. I couldn\'t do it without you <3', '2017-02-07 20:30:54', '2017-02-07 20:30:54'),
(14, 16, 410, 'So excited!', '2017-02-13 18:10:18', '2017-02-13 18:10:18'),
(15, 18, 411, 'Congrats!!!', '2017-02-13 19:18:50', '2017-02-13 19:18:50'),
(16, 15, 411, 'Awesome job!', '2017-02-16 19:44:00', '2017-02-16 19:44:00'),
(17, 20, 411, 'Happy Valentine\'s Day, All! There are cookies in break room for everyone :)', '2017-02-17 17:16:51', '2017-02-17 17:16:51'),
(18, 20, 408, 'Happy V-day!', '2017-02-25 00:36:42', '2017-02-25 00:36:42'),
(19, 16, 408, 'So excited. ', '2017-02-25 00:36:52', '2017-02-25 00:36:52'),
(20, 18, 412, 'Welcome! ', '2017-02-25 00:38:27', '2017-02-25 00:38:27'),
(21, 18, 412, 'Go Jordan!!!!', '2017-02-25 00:38:34', '2017-02-25 00:38:34'),
(22, 20, 413, '<3 <3 <3', '2017-02-25 00:39:31', '2017-02-25 00:39:31'),
(23, 20, 413, 'Lots of love team. ', '2017-02-25 00:39:39', '2017-02-25 00:39:39'),
(24, 18, 414, 'Welcome Jordan. So happy you are here. ', '2017-02-25 00:40:05', '2017-02-25 00:40:05'),
(25, 15, 414, 'Congrats!', '2017-02-25 00:40:17', '2017-02-25 00:40:17'),
(26, 21, 418, 'Go team!', '2017-02-27 16:46:05', '2017-02-27 16:46:05'),
(27, 20, 411, 'happy valentines day!', '2017-02-27 22:27:19', '2017-02-27 22:27:19'),
(28, 20, 411, 'happy valentines day!', '2017-02-27 22:27:24', '2017-02-27 22:27:24'),
(29, 24, 19, 'Will be there!', '2017-03-06 04:33:46', '2017-03-06 04:33:46'),
(30, 24, 19, 'Will be there!', '2017-03-06 04:33:55', '2017-03-06 04:33:55'),
(31, 24, 160, 'I will be attending. ', '2017-03-06 04:36:58', '2017-03-06 04:36:58'),
(32, 23, 232, 'Great work team! ', '2017-03-06 04:39:42', '2017-03-06 04:39:42'),
(33, 23, 398, 'Awesome job everyone ', '2017-03-06 04:42:41', '2017-03-06 04:42:41'),
(34, 23, 408, 'Nice!', '2017-03-06 04:48:09', '2017-03-06 04:48:09'),
(35, 23, 412, 'Yay!!', '2017-03-06 04:53:01', '2017-03-06 04:53:01'),
(36, 16, 412, 'Welcome', '2017-03-06 04:53:32', '2017-03-06 04:53:32'),
(37, 24, 411, 'Sounds good. ', '2017-03-10 13:46:48', '2017-03-10 13:46:48'),
(38, 23, 411, 'Wahoo! Go us!', '2017-03-10 13:47:13', '2017-03-10 13:47:13'),
(39, 25, 19, 'Way to go!', '2017-03-22 15:38:12', '2017-03-22 15:38:12'),
(40, 25, 414, 'Nice work team. ', '2017-03-22 18:31:36', '2017-03-22 18:31:36'),
(41, 25, 411, ':) ! ', '2017-03-23 18:22:59', '2017-03-23 18:22:59'),
(42, 25, 411, 'Great!', '2017-04-27 20:33:51', '2017-04-27 20:33:51'),
(43, 27, 411, 'Team work makes the dream work! ', '2017-05-11 17:46:38', '2017-05-11 17:46:38'),
(44, 27, 410, 'Great job team. ', '2017-05-11 17:46:58', '2017-05-11 17:46:58'),
(45, 27, 408, 'Nice work!!', '2017-05-11 17:47:46', '2017-05-11 17:47:46'),
(46, 27, 408, 'Nice work!!', '2017-05-11 17:47:47', '2017-05-11 17:47:47'),
(47, 27, 19, 'Congrats everyone. ', '2017-05-11 17:48:56', '2017-05-11 17:48:56'),
(48, 27, 411, 'Great work. ', '2017-05-11 17:49:23', '2017-05-11 17:49:23'),
(49, 27, 19, 'Great!', '2017-05-13 16:02:26', '2017-05-13 16:02:26'),
(50, 27, 19, 'test', '2017-05-16 16:33:39', '2017-05-16 16:33:39');

-- --------------------------------------------------------

--
-- Table structure for table `newsfeed_likes`
--

CREATE TABLE `newsfeed_likes` (
  `news_id` int(11) NOT NULL,
  `user_id` int(11) NOT NULL
) ENGINE=InnoDB DEFAULT CHARSET=utf8 COLLATE=utf8_unicode_ci;

--
-- Dumping data for table `newsfeed_likes`
--

INSERT INTO `newsfeed_likes` (`news_id`, `user_id`) VALUES
(5, 397),
(6, 160),
(6, 397),
(6, 408),
(7, 160),
(7, 397),
(8, 397),
(9, 397),
(9, 408),
(10, 32),
(10, 160),
(10, 397),
(10, 408),
(10, 410),
(10, 411),
(10, 415),
(10, 418),
(11, 32),
(11, 160),
(11, 232),
(11, 408),
(11, 410),
(11, 418),
(12, 19),
(12, 160),
(12, 232),
(12, 408),
(12, 411),
(12, 412),
(12, 413),
(12, 414),
(12, 418),
(13, 19),
(13, 32),
(13, 160),
(13, 232),
(13, 418),
(14, 19),
(14, 32),
(14, 160),
(14, 232),
(14, 418),
(15, 19),
(15, 32),
(15, 160),
(15, 232),
(15, 398),
(15, 408),
(15, 410),
(15, 412),
(15, 414),
(15, 416),
(15, 418),
(16, 19),
(16, 20),
(16, 32),
(16, 160),
(16, 232),
(16, 398),
(16, 403),
(16, 408),
(16, 410),
(16, 411),
(16, 412),
(16, 413),
(16, 414),
(16, 416),
(16, 418),
(17, 19),
(17, 32),
(17, 160),
(17, 232),
(17, 418),
(18, 19),
(18, 32),
(18, 160),
(18, 232),
(18, 398),
(18, 408),
(18, 410),
(18, 411),
(18, 412),
(18, 416),
(18, 418),
(19, 19),
(20, 19),
(20, 20),
(20, 32),
(20, 160),
(20, 232),
(20, 398),
(20, 403),
(20, 408),
(20, 410),
(20, 411),
(20, 412),
(20, 413),
(20, 414),
(20, 416),
(20, 418),
(21, 19),
(21, 32),
(21, 160),
(21, 418),
(22, 19),
(22, 32),
(22, 160),
(22, 410),
(22, 411),
(23, 19),
(23, 32),
(23, 160),
(23, 232),
(23, 398),
(23, 408),
(23, 411),
(23, 412),
(23, 414),
(23, 416),
(24, 19),
(24, 32),
(24, 160),
(24, 232),
(24, 398),
(24, 408),
(24, 411),
(24, 412),
(24, 414),
(24, 416),
(25, 19),
(25, 32),
(25, 411),
(25, 414),
(27, 19),
(27, 32),
(27, 410),
(27, 411);

-- --------------------------------------------------------

--
-- Table structure for table `newsfeed_tags`
--

CREATE TABLE `newsfeed_tags` (
  `id` int(10) UNSIGNED NOT NULL,
  `news_id` int(11) NOT NULL,
  `users_id` varchar(255) COLLATE utf8_unicode_ci NOT NULL,
  `created_at` timestamp NULL DEFAULT NULL,
  `updated_at` timestamp NULL DEFAULT NULL
) ENGINE=InnoDB DEFAULT CHARSET=utf8 COLLATE=utf8_unicode_ci;

--
-- Dumping data for table `newsfeed_tags`
--

INSERT INTO `newsfeed_tags` (`id`, `news_id`, `users_id`, `created_at`, `updated_at`) VALUES
(1, 2, '19', '2017-01-25 20:58:47', '2017-01-25 20:58:47'),
(2, 7, '32,232,394', '2017-01-30 22:45:36', '2017-01-30 22:45:36'),
(3, 12, '418', '2017-02-07 20:01:45', '2017-02-07 20:01:45'),
(4, 15, '413', '2017-02-08 21:29:12', '2017-02-08 21:29:12'),
(5, 18, '18', '2017-02-13 19:04:23', '2017-02-13 19:04:23');

-- --------------------------------------------------------

--
-- Table structure for table `notifications`
--

CREATE TABLE `notifications` (
  `id` int(20) NOT NULL,
  `display_name` varchar(255) DEFAULT NULL,
  `icon` varchar(255) DEFAULT NULL,
  `name` varchar(255) DEFAULT NULL,
  `css_class` varchar(255) DEFAULT NULL
) ENGINE=InnoDB DEFAULT CHARSET=utf8;

--
-- Dumping data for table `notifications`
--

INSERT INTO `notifications` (`id`, `display_name`, `icon`, `name`, `css_class`) VALUES
(1, '#pecks Pecks for taking shift', 'icon-check', 'peck_for_taking_shift', 'text-primary'),
(2, '#pecks Pecks for #award', 'icon-trophy', 'pecks_for_award', 'text-danger'),
(3, '#pecks Pecks for surveys', 'icon-note', 'pecks_for_surveys', 'text-info'),
(4, '#count Available shift(s) for #jobtitle', 'icon-clock', 'available_shifts', 'text-primary'),
(5, 'poor job', 'icon-red', 'score_notification', 'text-danger'),
(6, 'great job', 'icon-green', 'score_notification', NULL),
(7, 'top score', 'icon-badge', 'top_score_notification', NULL),
(8, 'award_request', 'icon-trophy', 'award_request', 'text-info');

-- --------------------------------------------------------

--
-- Table structure for table `password_resets`
--

CREATE TABLE `password_resets` (
  `email` varchar(255) COLLATE utf8_unicode_ci NOT NULL,
  `token` varchar(255) COLLATE utf8_unicode_ci NOT NULL,
  `created_at` timestamp NOT NULL DEFAULT CURRENT_TIMESTAMP ON UPDATE CURRENT_TIMESTAMP
) ENGINE=InnoDB DEFAULT CHARSET=utf8 COLLATE=utf8_unicode_ci;

-- --------------------------------------------------------

--
-- Table structure for table `patient_details`
--

CREATE TABLE `patient_details` (
  `pid` int(11) NOT NULL COMMENT 'Pid as Primary Key',
  `lid` int(11) NOT NULL,
  `fname` text NOT NULL,
  `lname` text NOT NULL,
  `dob` date NOT NULL,
  `admitteddate` date NOT NULL,
  `release` date DEFAULT NULL,
  `outcome` varchar(250) NOT NULL,
  `ssn` int(250) NOT NULL,
  `pinno` int(250) NOT NULL,
  `email` varchar(100) NOT NULL,
  `mobile` varchar(100) NOT NULL,
  `insurance_id` int(11) DEFAULT NULL,
  `code` varchar(4) DEFAULT NULL,
  `code_date` datetime DEFAULT NULL,
  `patient_carrier` varchar(250) DEFAULT NULL
) ENGINE=InnoDB DEFAULT CHARSET=latin1;

--
-- Dumping data for table `patient_details`
--

INSERT INTO `patient_details` (`pid`, `lid`, `fname`, `lname`, `dob`, `admitteddate`, `release`, `outcome`, `ssn`, `pinno`, `email`, `mobile`, `insurance_id`, `code`, `code_date`, `patient_carrier`) VALUES
(1, 2, '10112014', '', '0000-00-00', '2017-01-14', NULL, '', 3967, 9569, 'tanphuqncrm@gmail.com', '9545527533', 1, '2790', '2017-04-05 06:12:29', '@mymetropcs.com'),
(3, 2, '1771', '', '0000-00-00', '2017-01-02', NULL, '', 3818, 9002, 'davidjonesmail@gmail.com', '9545527533', 3, '8755', '2017-03-24 13:04:07', '@mymetropcs.com'),
(4, 1, '926491', '', '0000-00-00', '2016-12-25', NULL, '', 7164, 1288, 'David.castellano@wambi.org', '3233135508', 3, '3064', '2017-02-28 15:54:10', '@vtext.com'),
(5, 1, '118369', '', '0000-00-00', '2016-12-28', NULL, '', 5910, 3546, 'Michelle.stark@wambi.org', '9549953533', 3, '9182', '2017-02-02 14:37:07', '@vtext.com'),
(6, 1, '9999876', '', '0000-00-00', '2016-12-30', NULL, '', 1805, 1671, 'Jason.barcomb@wambi.org', '2399190168', 2, '8144', '2017-03-15 19:27:09', '@txt.att.net'),
(7, 1, '8888865', '', '0000-00-00', '2016-12-30', NULL, '', 3602, 8752, 'Rebecca@wambi.org', '3232700361', 8, '2301', '2017-05-23 09:56:56', '@vtext.com'),
(8, 1, '1660', '', '0000-00-00', '2017-01-17', NULL, '', 8190, 9972, '', '', 10, '4158', '2017-02-07 12:02:25', '@txt.att.net'),
(9, 1, '1661', '', '0000-00-00', '2017-01-10', NULL, '', 7226, 2687, '', '', 10, NULL, NULL, '@txt.att.net'),
(10, 3, '155', '', '0000-00-00', '2017-01-10', NULL, '', 4408, 4685, '', '', 0, NULL, NULL, ''),
(11, 1, '1550', '', '0000-00-00', '2017-01-17', NULL, '', 8164, 7161, '', '', 5, '0218', '2017-02-07 12:31:48', '@txt.att.net'),
(12, 1, '32312', '', '0000-00-00', '2017-01-31', NULL, '', 7208, 4445, 'tori@wambi.org', '7862021799', 37, '4341', '2017-05-25 15:44:57', '@vtext.com'),
(15, 3, '342445', '', '0000-00-00', '2017-02-02', NULL, '', 4425, 1978, '', '7862021799', 0, '2505', '2017-04-27 16:12:12', '@txt.att.net'),
(16, 2, '323556', '', '0000-00-00', '2017-02-07', NULL, '', 8141, 1268, '', '7862021799', 0, '4288', '2017-02-13 13:14:19', '@vtext.com'),
(17, 1, '511994', '', '0000-00-00', '2017-02-15', NULL, '', 5348, 3338, 'alex@wambi.org', '3054945599', 2, '6050', '2017-05-24 15:23:10', '@vtext.com'),
(18, 1, 'Alex', '', '0000-00-00', '2017-03-20', NULL, '', 8474, 7657, 'alex@wambi.org', '3054945599', 2, NULL, NULL, '@vtext.com'),
(19, 1, 'Michelle', '', '0000-00-00', '2017-04-24', NULL, '', 5807, 7843, 'michelle.stark@wambi.org', '9545924663', 6, '7471', '2017-04-28 11:15:44', '@txt.att.net'),
(20, 1, '1235', '', '0000-00-00', '2017-05-03', NULL, '', 8318, 8029, '', '(561) 353-8884', 0, NULL, NULL, '@vtext.com');

-- --------------------------------------------------------

--
-- Table structure for table `patient_family`
--

CREATE TABLE `patient_family` (
  `id` int(11) NOT NULL,
  `pid` int(11) NOT NULL,
  `fullname` varchar(250) NOT NULL,
  `numberphone` varchar(50) NOT NULL,
  `carrier` varchar(50) NOT NULL,
  `code` varchar(4) DEFAULT NULL,
  `date` datetime DEFAULT NULL
) ENGINE=InnoDB DEFAULT CHARSET=utf8;

--
-- Dumping data for table `patient_family`
--

INSERT INTO `patient_family` (`id`, `pid`, `fullname`, `numberphone`, `carrier`, `code`, `date`) VALUES
(1, 19, 'Ray Stark', '954-770-8422', '@txt.att.net', '1695', '2017-04-28 10:39:50');

-- --------------------------------------------------------

--
-- Table structure for table `permissions`
--

CREATE TABLE `permissions` (
  `id` int(10) UNSIGNED NOT NULL,
  `name` varchar(255) COLLATE utf8_unicode_ci NOT NULL,
  `display_name` varchar(255) COLLATE utf8_unicode_ci DEFAULT NULL,
  `description` varchar(255) COLLATE utf8_unicode_ci DEFAULT NULL,
  `created_at` timestamp NULL DEFAULT NULL,
  `updated_at` timestamp NULL DEFAULT NULL
) ENGINE=InnoDB DEFAULT CHARSET=utf8 COLLATE=utf8_unicode_ci;

--
-- Dumping data for table `permissions`
--

INSERT INTO `permissions` (`id`, `name`, `display_name`, `description`, `created_at`, `updated_at`) VALUES
(1, 'dashboard', 'Access dashboard page', NULL, '2016-08-15 02:58:46', '2016-08-15 02:58:46'),
(2, 'shift-add', 'Post shift', NULL, '2016-08-15 02:58:46', '2016-08-15 02:58:46'),
(3, 'shift-edit', 'Edit shift', NULL, '2016-08-15 02:58:46', '2016-08-15 02:58:46'),
(4, 'shift-delete', 'Delete shift', NULL, '2016-08-15 02:58:46', '2016-08-15 02:58:46'),
(5, 'shift-approve', 'Approve shift', NULL, '2016-08-15 02:58:46', '2016-08-15 02:58:46'),
(6, 'award-add', 'Add award', NULL, '2016-08-15 02:58:46', '2016-08-15 02:58:46'),
(7, 'award-delete', 'Delete Award', NULL, '2016-08-15 02:58:46', '2016-08-15 02:58:46'),
(8, 'award-approve', 'Approve Award', NULL, '2016-08-15 02:58:46', '2016-08-15 02:58:46'),
(9, 'employee-add', 'Add Employee', NULL, '2016-08-15 02:58:46', '2016-08-15 02:58:46'),
(10, 'employee-edit', 'Edit Employee', NULL, '2016-08-15 02:58:46', '2016-08-15 02:58:46'),
(11, 'employee-delete', 'Delete Employee', NULL, '2016-08-15 02:58:46', '2016-08-15 02:58:46'),
(12, 'patient-add', 'Add Patient', NULL, '2016-08-15 02:58:46', '2016-08-15 02:58:46'),
(13, 'patient-edit', 'Edit Patient', NULL, '2016-08-15 02:58:46', '2016-08-15 02:58:46'),
(14, 'patient-delete', 'Delete Patient', NULL, '2016-08-15 02:58:46', '2016-08-15 02:58:46'),
(15, 'shift-manage', 'Manage Shifts', NULL, '2016-08-15 02:58:46', '2016-08-15 02:58:46'),
(16, 'employee-manage', 'Manage Employees', NULL, '2016-08-15 02:58:46', '2016-08-15 02:58:46'),
(17, 'patient-manage', 'Manage Patients', NULL, '2016-08-15 02:58:46', '2016-08-15 02:58:46'),
(18, 'award-manage', 'Manage Awards', NULL, '2016-08-15 02:58:46', '2016-08-15 02:58:46'),
(19, 'survey-manage', 'Manage Survey', NULL, '2016-08-15 02:58:46', '2016-08-15 02:58:46'),
(20, 'data-manage', 'Manage Data', NULL, NULL, NULL),
(21, 'reward-add', 'Add Reward', NULL, '2016-09-22 14:59:11', '2016-09-22 14:59:15');

-- --------------------------------------------------------

--
-- Table structure for table `permission_role`
--

CREATE TABLE `permission_role` (
  `role_id` int(10) UNSIGNED NOT NULL,
  `permission_id` int(10) UNSIGNED NOT NULL
) ENGINE=InnoDB DEFAULT CHARSET=utf8 COLLATE=utf8_unicode_ci;

--
-- Dumping data for table `permission_role`
--

INSERT INTO `permission_role` (`role_id`, `permission_id`) VALUES
(1, 1),
(1, 2),
(1, 3),
(1, 4),
(1, 5),
(1, 15),
(2, 1),
(3, 1),
(3, 2),
(3, 3),
(3, 4),
(3, 5),
(3, 6),
(3, 7),
(3, 8),
(3, 9),
(3, 10),
(3, 11),
(3, 12),
(3, 13),
(3, 14),
(3, 15),
(3, 16),
(3, 17),
(3, 18),
(4, 1),
(4, 2),
(4, 3),
(4, 4),
(4, 5),
(4, 6),
(4, 7),
(4, 8),
(4, 9),
(4, 10),
(4, 11),
(4, 12),
(4, 13),
(4, 14),
(4, 15),
(4, 16),
(4, 17),
(4, 18),
(4, 19),
(4, 20),
(4, 21),
(5, 12),
(5, 13),
(5, 14),
(5, 17),
(6, 9),
(6, 10),
(6, 11),
(6, 16);

-- --------------------------------------------------------

--
-- Table structure for table `qa`
--

CREATE TABLE `qa` (
  `id` int(50) NOT NULL,
  `qaid` varchar(50) NOT NULL,
  `question` text NOT NULL,
  `q_es` text,
  `anwser` text,
  `a_es` text,
  `utype` varchar(250) NOT NULL,
  `created_user` varchar(50) NOT NULL,
  `created_at` datetime NOT NULL,
  `updated_user` varchar(50) DEFAULT '',
  `updated_at` datetime NOT NULL
) ENGINE=InnoDB DEFAULT CHARSET=utf8;

--
-- Dumping data for table `qa`
--

INSERT INTO `qa` (`id`, `qaid`, `question`, `q_es`, `anwser`, `a_es`, `utype`, `created_user`, `created_at`, `updated_user`, `updated_at`) VALUES
(12, 'BE-GEN002', 'Support Email', '', '<font color=\"#337ab7\"><span style=\"background-color: rgb(244, 248, 251);\">support@wambi.org</span></font>', '', '[\"1\",\"2\",\"3\",\"4\",\"5\",\"6\"]', '4444', '0000-00-00 00:00:00', '4444', '0000-00-00 00:00:00'),
(13, 'BE-GEN001', '<h5 class=\"m-t-30\">General Information</h5>', '', 'If you have any questions please email help support at <a href=\"mailto:support@wambi.org\"><span style=\"color:#1155CC\">support@wambi.org</span></a>', '', '[\"1\",\"2\",\"3\",\"4\",\"5\",\"6\"]', '4444', '0000-00-00 00:00:00', '4444', '0000-00-00 00:00:00'),
(14, 'FE-001', '<p>General Instructions</p>', '', 'This survey is anonymous and will allow us to give proper feedback to the caregiver you have selected.\r\n<br><br>\r\nPlease answer the questions accurately and to the best of your ability. If you feel the need to add specific comments about your caregiver please do so in the comment box provided at the end of the survey.\r\n<br><br>\r\nIf you selected the wrong caregiver people Exit the survey (top right) and re-select the correct caregiver.  If you need assistance finding the correct individual that assisted you during your stay, please ask a staff member.', '', '[\"7\"]', '4444', '0000-00-00 00:00:00', '4444', '0000-00-00 00:00:00'),
(15, '00000089', '<p>jhsdhb sbgfbsd fsjh sdsdf</p>', '', '<p>Asdjkfsdmnf sdsdjnsdjmf</p>', '', '[\"2\",\"6\"]', '4444', '0000-00-00 00:00:00', '4444', '0000-00-00 00:00:00');

-- --------------------------------------------------------

--
-- Table structure for table `question`
--

CREATE TABLE `question` (
  `id` int(11) NOT NULL,
  `qid` int(11) NOT NULL,
  `question` varchar(500) NOT NULL,
  `css_class` varchar(255) DEFAULT NULL,
  `unit_id` int(11) DEFAULT NULL,
  `enabled` tinyint(4) DEFAULT '1',
  `orderby` int(11) DEFAULT NULL
) ENGINE=InnoDB DEFAULT CHARSET=latin1;

--
-- Dumping data for table `question`
--

INSERT INTO `question` (`id`, `qid`, `question`, `css_class`, `unit_id`, `enabled`, `orderby`) VALUES
(1, 1, 'Treats you with respect', 'info', 1, 1, 1),
(2, 2, 'Provides quality care', 'pink', 1, 1, 2),
(3, 3, 'Clearly explains your care and/or treatment plan', 'primary', 1, 1, 3),
(4, 4, 'Makes you feel comfortable when discussing sensitive topics', 'success', 1, 1, 4),
(5, 5, 'Provides you with compassionate care', 'warning', 1, 1, 5),
(6, 1, 'Treats you with respect', 'info', 2, 1, 1),
(7, 2, 'Provides quality care', 'pink', 2, 1, 2),
(8, 3, 'Clearly explains your care and/or treatment plan', 'primary', 2, 1, 3),
(9, 4, 'Makes you feel comfortable when discussing sensitive topics', 'success', 2, 1, 4),
(10, 5, 'Provides you with compassionate care', 'warning', 2, 1, 5),
(11, 1, 'Treats you with respect', 'info', 3, 1, 1),
(12, 2, 'Provides quality care', 'pink', 3, 1, 2),
(13, 3, 'Takes the time to provide the care needed', 'primary', 3, 1, 3),
(14, 4, 'Compassionate and Respectful', 'success', 3, 1, 4),
(15, 5, 'Explains treatment plan', 'warning', 3, 1, 5),
(19, 0, 'Takes the time to discuss discharge medication, diet and next appointment with your physician', NULL, 1, 0, 0),
(20, 0, 'Takes the time to discuss discharge medication, diet and next appointment with your physician', NULL, 2, 0, 0),
(21, 0, 'Takes the time to discuss discharge medication, diet and next appointment with your physician', NULL, 3, 0, 0),
(22, 6, 'test 2', NULL, 3, 0, 6);

-- --------------------------------------------------------

--
-- Table structure for table `rewards`
--

CREATE TABLE `rewards` (
  `id` int(11) NOT NULL,
  `name` varchar(255) DEFAULT NULL,
  `display_name` varchar(255) DEFAULT NULL,
  `pecks` int(11) DEFAULT NULL,
  `image` varchar(255) DEFAULT NULL,
  `created_at` timestamp NULL DEFAULT NULL,
  `updated_at` timestamp NULL DEFAULT NULL
) ENGINE=InnoDB DEFAULT CHARSET=latin1;

--
-- Dumping data for table `rewards`
--

INSERT INTO `rewards` (`id`, `name`, `display_name`, `pecks`, `image`, `created_at`, `updated_at`) VALUES
(1, NULL, NULL, 400, '1_starbucks.png', NULL, '2017-02-28 22:58:54'),
(3, NULL, NULL, 650, '3_mealgiftcard.png', NULL, '2017-02-28 22:59:02'),
(16, NULL, NULL, 2000, '16_amazongc.png', '2017-02-27 03:30:39', '2017-02-28 22:59:11'),
(17, NULL, NULL, 5000, '17_BedBathBeyond.png', '2017-02-28 22:59:30', '2017-02-28 22:59:30'),
(18, NULL, NULL, 20000, '18_ptoday.png', '2017-02-28 22:59:48', '2017-02-28 22:59:48'),
(20, NULL, NULL, 10000, '20_Blue_GC.png', '2017-04-06 19:06:07', '2017-04-06 19:06:07');

-- --------------------------------------------------------

--
-- Table structure for table `roles`
--

CREATE TABLE `roles` (
  `id` int(10) UNSIGNED NOT NULL,
  `name` varchar(255) COLLATE utf8_unicode_ci NOT NULL,
  `display_name` varchar(255) COLLATE utf8_unicode_ci DEFAULT NULL,
  `description` varchar(255) COLLATE utf8_unicode_ci DEFAULT NULL,
  `created_at` timestamp NULL DEFAULT NULL,
  `updated_at` timestamp NULL DEFAULT NULL
) ENGINE=InnoDB DEFAULT CHARSET=utf8 COLLATE=utf8_unicode_ci;

--
-- Dumping data for table `roles`
--

INSERT INTO `roles` (`id`, `name`, `display_name`, `description`, `created_at`, `updated_at`) VALUES
(1, 'super-admin', 'Super Admin', NULL, '2016-08-15 02:44:16', '2016-08-15 02:44:21'),
(2, 'admin', 'Admin', NULL, '2016-08-15 02:44:16', '2016-08-15 02:44:16'),
(3, 'employee-manager', 'Employee Manager', NULL, '2016-08-15 02:44:16', '2016-08-15 02:44:16'),
(4, 'scheduling-manager', 'Scheduling Manager', NULL, '2016-08-15 02:44:16', '2016-08-15 02:44:16'),
(5, 'patient-manager', 'Patient Manager', NULL, '2016-08-15 02:44:16', '2016-08-15 02:44:16'),
(6, 'employee', 'Employee', NULL, '2016-08-15 02:44:16', '2016-08-15 02:44:16');

-- --------------------------------------------------------

--
-- Table structure for table `role_user`
--

CREATE TABLE `role_user` (
  `user_id` int(10) UNSIGNED NOT NULL,
  `role_id` int(10) UNSIGNED NOT NULL
) ENGINE=InnoDB DEFAULT CHARSET=utf8 COLLATE=utf8_unicode_ci;

-- --------------------------------------------------------

--
-- Table structure for table `shift_master`
--

CREATE TABLE `shift_master` (
  `id` int(11) NOT NULL,
  `shift_unit` varchar(255) DEFAULT NULL,
  `shift_discipline` varchar(255) DEFAULT NULL,
  `shift_job_title` varchar(255) DEFAULT NULL,
  `shift_date` varchar(255) DEFAULT NULL,
  `shift_time` varchar(255) DEFAULT NULL,
  `shift_pecks` varchar(255) DEFAULT NULL,
  `shift_notes` varchar(255) DEFAULT NULL,
  `status` varchar(255) DEFAULT NULL,
  `employee_id` int(11) DEFAULT NULL,
  `user_id` int(11) DEFAULT NULL,
  `created_at` timestamp NULL DEFAULT NULL,
  `updated_at` timestamp NULL DEFAULT NULL ON UPDATE CURRENT_TIMESTAMP
) ENGINE=InnoDB DEFAULT CHARSET=latin1;

--
-- Dumping data for table `shift_master`
--

INSERT INTO `shift_master` (`id`, `shift_unit`, `shift_discipline`, `shift_job_title`, `shift_date`, `shift_time`, `shift_pecks`, `shift_notes`, `status`, `employee_id`, `user_id`, `created_at`, `updated_at`) VALUES
(3, '2', '1', '1', '2017-02-01', '2', '2', 'Must  have current BLS & ALS Certification. Must have Arrhythmia Recognition Update.', NULL, NULL, 391, '2017-01-25 20:52:05', NULL),
(4, '1', '3', '5', '2017-02-01', '2', '1', '', NULL, NULL, 393, '2017-01-30 22:47:25', NULL),
(5, '3', '1', '1', '2017-02-01', '1', '3', 'Must have Neonatal Certification current', NULL, NULL, 391, '2017-01-31 17:23:00', NULL),
(6, '1', '1', '1', '2017-02-08', '3', '1', '', 'Accepted', 421, 32, '2017-02-01 22:50:31', '2017-02-08 21:32:23'),
(7, '1', '1', '1', '2017-03-08', '3', '1', '', 'Accepted', 408, 32, '2017-02-06 17:48:54', '2017-02-20 19:04:01'),
(8, '1', '1', '1', '2017-03-03', '2', '2', '', NULL, NULL, 32, '2017-02-06 17:49:16', '2017-03-04 00:25:40'),
(9, '1', '1', '2', '2017-02-20', '5', '1', '', 'Accepted', 414, 32, '2017-02-07 17:28:47', '2017-02-20 19:03:54'),
(10, '1', '2', '6', '2017-02-18', '3', '2', '', NULL, NULL, 32, '2017-02-07 17:29:11', NULL),
(11, '1', '3', '5', '2017-02-28', '4', '2', '', 'Pending', NULL, 32, '2017-02-07 17:29:37', '2017-02-28 23:44:53'),
(12, '1', '1', '1', '2017-02-21', '4', '3', '', 'Accepted', 411, 32, '2017-02-07 17:29:58', '2017-02-20 19:03:41'),
(13, '1', '3', '4', '2017-02-21', '2', '1', '', NULL, NULL, 32, '2017-02-07 17:31:02', NULL),
(14, '3', '2', '6', '2017-02-12', '4', '1', '', NULL, NULL, 389, '2017-02-07 20:15:56', NULL),
(15, '1', '1', '3', '2017-03-06', '5', '1', '', NULL, NULL, 232, '2017-02-07 20:29:33', NULL),
(16, '1', '3', '4', '2017-02-17', '5', '3', '', NULL, NULL, 232, '2017-02-07 20:30:07', NULL),
(17, '1', '1', '1', '2017-02-13', '3', '1', '', NULL, NULL, 418, '2017-02-07 20:39:37', NULL),
(18, '1', '1', '1', '2017-02-09', '3', '2', '', 'Pending', NULL, 418, '2017-02-07 20:40:02', '2017-02-07 20:44:45'),
(19, '1', '1', '1', '2017-02-27', '6', '1', '', 'Accepted', 411, 19, '2017-02-17 16:50:39', '2017-02-24 23:57:52'),
(20, '1', '1', '1', '2017-02-27', '6', '1', '', 'Pending', NULL, 19, '2017-02-17 16:50:41', '2017-02-17 18:17:55'),
(21, '2', '1', '1', '2017-02-17', '5', '3', '', NULL, NULL, 19, '2017-02-17 17:15:17', NULL),
(22, '1', '1', '1', '2017-03-11', '2', '1', 'Hello, please let me know if you can cover this shift. \r\n\r\nThank you!\r\nGM', 'Accepted', 411, 19, '2017-02-24 23:57:14', '2017-03-04 00:22:25'),
(23, '1', '1', '1', '2017-03-01', '3', '3', '', NULL, NULL, 19, '2017-02-25 00:34:30', NULL),
(24, '1', '1', '1', '2017-03-11', '4', '3', '', 'Pending', NULL, 232, '2017-03-08 00:18:43', '2017-03-08 00:19:36'),
(25, '1', '1', '1', '2017-03-28', '4', '1', '', NULL, NULL, 232, '2017-03-08 00:19:03', NULL),
(26, '1', '1', '1', '2017-03-15', '2', '2', '', NULL, NULL, 19, '2017-03-14 14:51:19', NULL),
(27, '3', '2', '10', '2017-03-15', '4', '1', 'tanphuqn test', 'Accepted', 396, 19, '2017-03-14 15:31:26', '2017-03-14 15:34:20'),
(28, '1', '2', '6', '2017-03-24', '3', '2', '222', NULL, NULL, 19, '2017-03-16 15:25:54', NULL),
(29, '1', '2', '6', '2017-03-16', '4', '3', 'dsds', 'Accepted', 18, 19, '2017-03-16 15:27:42', '2017-03-16 15:30:20'),
(30, '1', '1', '1', '2017-03-20', '2', '2', 'tanphuqn test', NULL, NULL, 19, '2017-03-19 15:47:07', NULL),
(31, '1', '2', '6', '2017-03-20', '4', '2', 'tanphuqn test', NULL, NULL, 19, '2017-03-20 04:00:19', NULL),
(32, '1', '1', '1', '2017-03-23', '2', '3', '', NULL, NULL, 19, '2017-03-22 18:20:33', NULL),
(33, '2', '2', '6', '2017-03-31', '1', '3', '', NULL, NULL, 19, '2017-03-29 13:38:23', NULL),
(34, '2', '2', '6', '2017-03-30', '1', '3', '', NULL, NULL, 19, '2017-03-29 13:38:49', NULL),
(35, '1', '2', '6', '2017-03-29', '1', '2', '', NULL, NULL, 19, '2017-03-29 13:42:00', NULL),
(36, '1', '1', '1', '2017-04-06', '2', '1', '', NULL, NULL, 19, '2017-03-31 18:01:56', NULL),
(37, '1', '1', '1', '2017-05-10', '2', '2', '', NULL, NULL, 19, '2017-03-31 18:02:21', NULL),
(38, '1', '2', '6', '2017-04-03', '3', '3', '', 'Pending', NULL, 19, '2017-03-31 18:04:47', '2017-03-31 18:06:03'),
(39, '1', '2', '6', '2017-04-13', '2', '1', '', NULL, NULL, 19, '2017-03-31 18:05:15', NULL),
(40, '1', '2', '6', '2017-04-03', '6', '2', '', NULL, NULL, 19, '2017-03-31 18:05:35', NULL),
(41, '1', '2', '6', '2017-04-07', '6', '3', '', NULL, NULL, 32, '2017-03-31 18:17:38', NULL),
(42, '1', '2', '6', '2017-04-20', '2', '2', '', 'Pending', NULL, 19, '2017-04-19 20:47:42', '2017-04-20 19:13:59'),
(43, '1', '2', '6', '2017-04-19', '1', '1', '', NULL, NULL, 19, '2017-04-19 20:48:11', NULL),
(44, '1', '2', '6', '2017-05-02', '5', '2', '', 'Pending', NULL, 418, '2017-04-22 03:23:40', '2017-04-22 03:27:18'),
(45, '1', '2', '6', '2017-04-26', '4', '3', '', NULL, NULL, 418, '2017-04-22 03:24:37', NULL),
(46, '1', '2', '6', '2017-05-23', '3', '2', '', 'Pending', NULL, 32, '2017-05-08 04:11:23', '2017-05-17 19:08:04'),
(47, '1', '2', '6', '2017-05-16', '1', '1', '', 'Pending', NULL, 32, '2017-05-09 20:37:32', '2017-05-09 20:38:17'),
(48, '1', '2', '6', '2017-05-20', '5', '3', '', NULL, NULL, 19, '2017-05-19 17:05:56', NULL),
(49, '1', '2', '6', '2017-05-25', '2', '1', '', NULL, NULL, 19, '2017-05-19 17:06:23', NULL);

-- --------------------------------------------------------

--
-- Table structure for table `startsurvey`
--

CREATE TABLE `startsurvey` (
  `pid` int(11) NOT NULL,
  `incid` int(11) NOT NULL,
  `date` datetime NOT NULL
) ENGINE=InnoDB DEFAULT CHARSET=latin1;

-- --------------------------------------------------------

--
-- Table structure for table `surveys`
--

CREATE TABLE `surveys` (
  `id` int(11) NOT NULL,
  `patient_id` int(11) NOT NULL,
  `employee_id` int(11) NOT NULL,
  `discipline` int(11) DEFAULT NULL,
  `unit_id` int(11) DEFAULT NULL,
  `total` int(11) DEFAULT '0',
  `type` varchar(255) NOT NULL,
  `avg` int(11) DEFAULT '0',
  `created_at` timestamp NOT NULL DEFAULT CURRENT_TIMESTAMP,
  `updated_at` timestamp NULL DEFAULT NULL ON UPDATE CURRENT_TIMESTAMP,
  `avg_rating` decimal(11,0) DEFAULT NULL,
  `q1` int(11) NOT NULL DEFAULT '0',
  `q2` int(11) NOT NULL DEFAULT '0',
  `q3` int(11) NOT NULL DEFAULT '0',
  `q4` int(11) NOT NULL DEFAULT '0',
  `q5` int(11) NOT NULL DEFAULT '0',
  `q6` int(11) NOT NULL DEFAULT '0',
  `q7` int(11) NOT NULL DEFAULT '0',
  `q8` int(11) NOT NULL DEFAULT '0',
  `q9` int(11) NOT NULL DEFAULT '0',
  `q10` int(11) NOT NULL DEFAULT '0',
  `q_count` int(11) NOT NULL DEFAULT '0',
  `code` varchar(4) DEFAULT NULL
) ENGINE=InnoDB DEFAULT CHARSET=latin1;

--
-- Dumping data for table `surveys`
--

INSERT INTO `surveys` (`id`, `patient_id`, `employee_id`, `discipline`, `unit_id`, `total`, `type`, `avg`, `created_at`, `updated_at`, `avg_rating`, `q1`, `q2`, `q3`, `q4`, `q5`, `q6`, `q7`, `q8`, `q9`, `q10`, `q_count`, `code`) VALUES
(1, 2, 18, 2, 2, 25, 'patient', 5, '2017-01-20 21:41:59', '2017-01-20 21:41:59', '100', 5, 5, 5, 5, 5, 0, 0, 0, 0, 0, 5, '9472'),
(2, 2, 342, 3, 2, 24, 'patient', 5, '2017-01-20 21:45:14', '2017-01-20 21:45:14', '96', 5, 5, 5, 5, 4, 0, 0, 0, 0, 0, 5, '9472'),
(3, 2, 343, 1, 2, 22, 'patient', 4, '2017-01-20 21:46:43', '2017-01-20 21:46:43', '88', 4, 4, 5, 5, 4, 0, 0, 0, 0, 0, 5, '9472'),
(4, 2, 18, 2, 2, 24, 'patient', 5, '2017-01-20 22:21:37', '2017-01-20 22:21:37', '96', 5, 5, 4, 5, 5, 0, 0, 0, 0, 0, 5, '3583'),
(5, 2, 397, 3, 3, 24, 'patient', 5, '2017-01-30 17:17:56', '2017-01-30 17:17:57', '96', 5, 5, 5, 5, 4, 0, 0, 0, 0, 0, 5, '1071'),
(6, 2, 404, 3, 3, 24, 'patient', 5, '2017-01-30 20:05:05', '2017-01-30 20:05:05', '96', 5, 5, 5, 5, 4, 0, 0, 0, 0, 0, 5, '7156'),
(7, 7, 408, 1, 1, 19, 'patient', 4, '2017-01-30 22:36:11', '2017-01-30 22:36:11', '76', 3, 4, 5, 3, 4, 0, 0, 0, 0, 0, 5, '1168'),
(8, 7, 412, 2, 1, 22, 'patient', 4, '2017-01-30 22:39:12', '2017-01-30 22:39:12', '88', 5, 4, 5, 3, 5, 0, 0, 0, 0, 0, 5, '1168'),
(9, 7, 409, 2, 1, 21, 'patient', 4, '2017-01-30 22:39:38', '2017-01-30 22:39:38', '84', 5, 3, 4, 5, 4, 0, 0, 0, 0, 0, 5, '1168'),
(10, 7, 413, 3, 1, 23, 'patient', 5, '2017-01-30 22:39:57', '2017-01-30 22:39:57', '92', 5, 5, 4, 4, 5, 0, 0, 0, 0, 0, 5, '1168'),
(11, 7, 410, 3, 1, 23, 'patient', 5, '2017-01-30 22:41:49', '2017-01-30 22:41:49', '92', 5, 5, 3, 5, 5, 0, 0, 0, 0, 0, 5, '1168'),
(12, 4, 413, 3, 1, 15, 'patient', 3, '2017-01-31 02:00:49', '2017-01-31 02:00:49', '60', 5, 4, 3, 2, 1, 0, 0, 0, 0, 0, 5, '4379'),
(13, 2, 404, 3, 3, 24, 'patient', 5, '2017-01-31 18:12:05', '2017-01-31 18:12:07', '96', 5, 5, 4, 5, 5, 0, 0, 0, 0, 0, 5, '1048'),
(14, 2, 403, 2, 3, 19, 'patient', 5, '2017-01-31 21:00:29', '2017-01-31 21:00:29', '95', 5, 4, 5, 5, 0, 0, 0, 0, 0, 0, 4, '1048'),
(15, 2, 405, 1, 3, 19, 'patient', 5, '2017-01-31 21:00:51', '2017-01-31 21:00:52', '95', 5, 4, 5, 5, 0, 0, 0, 0, 0, 0, 4, '1048'),
(16, 7, 408, 1, 1, 21, 'patient', 4, '2017-02-01 20:51:00', '2017-02-01 20:51:00', '84', 4, 5, 3, 5, 4, 0, 0, 0, 0, 0, 5, '8041'),
(17, 2, 407, 1, 3, 18, 'patient', 5, '2017-02-01 22:31:37', '2017-02-01 22:31:37', '90', 5, 5, 4, 4, 0, 0, 0, 0, 0, 0, 4, '6460'),
(18, 2, 404, 3, 3, 19, 'patient', 5, '2017-02-01 22:33:31', '2017-02-01 22:33:31', '95', 5, 4, 5, 5, 0, 0, 0, 0, 0, 0, 4, '6460'),
(19, 5, 408, 1, 1, 20, 'patient', 4, '2017-02-01 22:53:27', '2017-02-01 22:53:27', '80', 5, 3, 4, 4, 4, 0, 0, 0, 0, 0, 5, '3854'),
(20, 4, 416, 2, 1, 15, 'patient', 3, '2017-02-02 06:31:44', '2017-02-02 06:31:44', '60', 5, 4, 3, 2, 1, 0, 0, 0, 0, 0, 5, '6862'),
(21, 6, 408, 1, 1, 21, 'patient', 4, '2017-02-02 14:43:15', '2017-02-02 14:43:15', '84', 4, 5, 4, 4, 4, 0, 0, 0, 0, 0, 5, '4171'),
(22, 4, 395, 1, 1, 15, 'patient', 3, '2017-02-02 17:42:39', '2017-02-02 17:42:39', '60', 5, 4, 3, 2, 1, 0, 0, 0, 0, 0, 5, '6318'),
(23, 5, 412, 2, 1, 25, 'patient', 5, '2017-02-02 19:40:24', '2017-02-02 19:40:24', '100', 5, 5, 5, 5, 5, 0, 0, 0, 0, 0, 5, '9182'),
(24, 6, 413, 3, 1, 21, 'patient', 4, '2017-02-02 20:06:43', '2017-02-02 20:06:43', '84', 3, 5, 4, 5, 4, 0, 0, 0, 0, 0, 5, '2907'),
(25, 8, 408, 1, 1, 24, 'patient', 5, '2017-02-02 20:49:38', '2017-02-02 20:49:38', '96', 5, 5, 5, 5, 4, 0, 0, 0, 0, 0, 5, '3250'),
(26, 8, 409, 2, 1, 24, 'patient', 5, '2017-02-02 20:50:05', '2017-02-02 20:50:05', '96', 5, 5, 5, 5, 4, 0, 0, 0, 0, 0, 5, '3250'),
(27, 8, 410, 3, 1, 24, 'patient', 5, '2017-02-02 20:50:32', '2017-02-02 20:50:32', '96', 4, 5, 5, 5, 5, 0, 0, 0, 0, 0, 5, '3250'),
(28, 8, 411, 1, 1, 25, 'patient', 5, '2017-02-02 20:51:15', '2017-02-02 20:51:15', '100', 5, 5, 5, 5, 5, 0, 0, 0, 0, 0, 5, '3250'),
(29, 8, 411, 1, 1, 24, 'patient', 5, '2017-02-02 20:51:48', '2017-02-02 20:51:48', '96', 5, 5, 5, 4, 5, 0, 0, 0, 0, 0, 5, '3250'),
(30, 8, 412, 2, 1, 22, 'patient', 4, '2017-02-02 20:52:05', '2017-02-02 20:52:05', '88', 4, 4, 4, 5, 5, 0, 0, 0, 0, 0, 5, '3250'),
(31, 8, 413, 3, 1, 23, 'patient', 5, '2017-02-02 20:52:21', '2017-02-02 20:52:21', '92', 5, 4, 4, 5, 5, 0, 0, 0, 0, 0, 5, '3250'),
(32, 8, 414, 1, 1, 20, 'patient', 4, '2017-02-02 20:52:38', '2017-02-02 20:52:38', '80', 4, 4, 4, 4, 4, 0, 0, 0, 0, 0, 5, '3250'),
(33, 8, 415, 1, 1, 20, 'patient', 4, '2017-02-02 20:53:00', '2017-02-02 20:53:00', '80', 4, 3, 4, 4, 5, 0, 0, 0, 0, 0, 5, '3250'),
(34, 8, 416, 2, 1, 24, 'patient', 5, '2017-02-02 20:53:16', '2017-02-02 20:53:16', '96', 5, 4, 5, 5, 5, 0, 0, 0, 0, 0, 5, '3250'),
(35, 8, 395, 1, 1, 19, 'patient', 4, '2017-02-02 20:53:34', '2017-02-02 20:53:35', '76', 3, 4, 5, 3, 4, 0, 0, 0, 0, 0, 5, '3250'),
(36, 8, 408, 1, 1, 24, 'patient', 5, '2017-02-06 17:40:20', '2017-02-06 17:40:20', '96', 5, 5, 5, 4, 5, 0, 0, 0, 0, 0, 5, '4750'),
(37, 8, 411, 1, 1, 23, 'patient', 5, '2017-02-06 17:52:08', '2017-02-06 17:52:08', '92', 5, 5, 4, 5, 4, 0, 0, 0, 0, 0, 5, '8752'),
(38, 8, 416, 2, 1, 24, 'patient', 5, '2017-02-06 19:39:36', '2017-02-06 19:39:36', '96', 5, 5, 5, 4, 5, 0, 0, 0, 0, 0, 5, '8752'),
(39, 8, 409, 2, 1, 21, 'patient', 4, '2017-02-06 21:05:27', '2017-02-06 21:05:28', '84', 5, 4, 5, 3, 4, 0, 0, 0, 0, 0, 5, '8752'),
(40, 8, 415, 1, 1, 22, 'patient', 4, '2017-02-07 17:03:23', '2017-02-07 17:03:23', '88', 5, 4, 4, 5, 4, 0, 0, 0, 0, 0, 5, '4158'),
(41, 8, 408, 1, 1, 23, 'patient', 5, '2017-02-07 17:22:01', '2017-02-07 17:22:01', '92', 5, 5, 4, 4, 5, 0, 0, 0, 0, 0, 5, '4158'),
(42, 8, 409, 2, 1, 22, 'patient', 4, '2017-02-07 17:22:18', '2017-02-07 17:22:18', '88', 5, 5, 4, 4, 4, 0, 0, 0, 0, 0, 5, '4158'),
(43, 8, 410, 3, 1, 22, 'patient', 4, '2017-02-07 17:22:34', '2017-02-07 17:22:35', '88', 3, 4, 5, 5, 5, 0, 0, 0, 0, 0, 5, '4158'),
(44, 8, 411, 1, 1, 24, 'patient', 5, '2017-02-07 17:22:53', '2017-02-07 17:22:54', '96', 5, 5, 4, 5, 5, 0, 0, 0, 0, 0, 5, '4158'),
(45, 8, 412, 2, 1, 22, 'patient', 4, '2017-02-07 17:23:54', '2017-02-07 17:23:54', '88', 4, 4, 4, 5, 5, 0, 0, 0, 0, 0, 5, '4158'),
(46, 8, 413, 3, 1, 24, 'patient', 5, '2017-02-07 17:24:18', '2017-02-07 17:24:18', '96', 5, 4, 5, 5, 5, 0, 0, 0, 0, 0, 5, '4158'),
(47, 8, 414, 1, 1, 17, 'patient', 3, '2017-02-07 17:24:37', '2017-02-07 17:24:37', '68', 4, 3, 3, 4, 3, 0, 0, 0, 0, 0, 5, '4158'),
(48, 8, 416, 2, 1, 24, 'patient', 5, '2017-02-07 17:25:01', '2017-02-07 17:25:01', '96', 5, 5, 5, 4, 5, 0, 0, 0, 0, 0, 5, '4158'),
(49, 11, 395, 1, 1, 20, 'patient', 4, '2017-02-07 17:32:39', '2017-02-07 17:32:39', '80', 4, 4, 4, 4, 4, 0, 0, 0, 0, 0, 5, '0218'),
(50, 12, 419, 3, 1, 24, 'patient', 5, '2017-02-07 21:44:11', '2017-02-07 21:44:11', '96', 5, 5, 5, 5, 4, 0, 0, 0, 0, 0, 5, '3923'),
(51, 12, 420, 2, 1, 23, 'patient', 5, '2017-02-07 21:44:34', '2017-02-07 21:44:35', '92', 5, 4, 5, 4, 5, 0, 0, 0, 0, 0, 5, '3923'),
(52, 12, 413, 3, 1, 24, 'patient', 5, '2017-02-07 21:45:11', '2017-02-07 21:45:11', '96', 5, 4, 5, 5, 5, 0, 0, 0, 0, 0, 5, '3923'),
(53, 12, 408, 1, 1, 24, 'patient', 5, '2017-02-08 18:40:53', '2017-02-08 18:40:53', '96', 5, 4, 5, 5, 5, 0, 0, 0, 0, 0, 5, '7313'),
(54, 12, 409, 2, 1, 23, 'patient', 5, '2017-02-08 18:41:08', '2017-02-08 18:41:09', '92', 5, 4, 5, 4, 5, 0, 0, 0, 0, 0, 5, '7313'),
(55, 12, 411, 1, 1, 24, 'patient', 5, '2017-02-08 18:41:26', '2017-02-08 18:41:26', '96', 5, 5, 5, 5, 4, 0, 0, 0, 0, 0, 5, '7313'),
(56, 12, 413, 3, 1, 24, 'patient', 5, '2017-02-08 18:41:41', '2017-02-08 18:41:41', '96', 5, 5, 4, 5, 5, 0, 0, 0, 0, 0, 5, '7313'),
(57, 12, 412, 2, 1, 17, 'patient', 3, '2017-02-08 18:41:56', '2017-02-08 18:41:56', '68', 4, 4, 3, 3, 3, 0, 0, 0, 0, 0, 5, '7313'),
(58, 12, 414, 1, 1, 21, 'patient', 4, '2017-02-08 18:42:10', '2017-02-08 18:42:10', '84', 4, 4, 4, 5, 4, 0, 0, 0, 0, 0, 5, '7313'),
(59, 12, 415, 1, 1, 18, 'patient', 4, '2017-02-08 18:42:23', '2017-02-08 18:42:23', '72', 5, 4, 3, 3, 3, 0, 0, 0, 0, 0, 5, '7313'),
(60, 12, 413, 3, 1, 25, 'patient', 5, '2017-02-08 19:17:47', '2017-02-08 19:17:47', '100', 5, 5, 5, 5, 5, 0, 0, 0, 0, 0, 5, '7313'),
(61, 12, 419, 3, 1, 20, 'patient', 4, '2017-02-08 19:18:05', '2017-02-08 19:18:05', '80', 3, 4, 4, 4, 5, 0, 0, 0, 0, 0, 5, '7313'),
(62, 12, 422, 1, 1, 24, 'patient', 5, '2017-02-08 21:00:49', '2017-02-08 21:00:49', '96', 4, 5, 5, 5, 5, 0, 0, 0, 0, 0, 5, '7313'),
(63, 12, 421, 1, 1, 24, 'patient', 5, '2017-02-08 21:25:47', '2017-02-08 21:25:47', '96', 5, 4, 5, 5, 5, 0, 0, 0, 0, 0, 5, '7313'),
(64, 12, 395, 1, 1, 22, 'patient', 4, '2017-02-08 21:40:48', '2017-02-08 21:40:48', '88', 5, 4, 5, 4, 4, 0, 0, 0, 0, 0, 5, '7313'),
(65, 15, 404, 3, 3, 30, 'patient', 5, '2017-02-08 22:13:01', '2017-02-08 22:13:01', '100', 5, 5, 5, 5, 5, 5, 0, 0, 0, 0, 6, '8311'),
(66, 12, 411, 1, 1, 24, 'patient', 5, '2017-02-10 19:04:27', '2017-02-10 19:04:27', '96', 5, 4, 5, 5, 5, 0, 0, 0, 0, 0, 5, NULL),
(67, 12, 420, 2, 1, 24, 'patient', 5, '2017-02-10 19:08:59', '2017-02-10 19:08:59', '96', 5, 5, 5, 5, 4, 0, 0, 0, 0, 0, 5, '4270'),
(68, 12, 409, 2, 1, 24, 'patient', 5, '2017-02-10 19:11:37', '2017-02-10 19:11:37', '96', 5, 5, 5, 4, 5, 0, 0, 0, 0, 0, 5, '8947'),
(69, 12, 422, 1, 1, 25, 'patient', 5, '2017-02-10 19:14:37', '2017-02-10 19:14:37', '100', 5, 5, 5, 5, 5, 0, 0, 0, 0, 0, 5, '9274'),
(70, 12, 408, 1, 1, 24, 'patient', 5, '2017-02-10 20:05:47', '2017-02-10 20:05:47', '96', 5, 5, 5, 4, 5, 0, 0, 0, 0, 0, 5, '4457'),
(71, 12, 415, 1, 1, 23, 'patient', 5, '2017-02-10 20:06:19', '2017-02-10 20:06:19', '92', 5, 5, 4, 4, 5, 0, 0, 0, 0, 0, 5, '4457'),
(72, 12, 419, 3, 1, 25, 'patient', 5, '2017-02-10 20:17:33', '2017-02-10 20:17:34', '100', 5, 5, 5, 5, 5, 0, 0, 0, 0, 0, 5, '4457'),
(73, 1, 394, 1, 2, 17, 'patient', 3, '2017-02-11 05:34:00', '2017-02-11 05:34:00', '68', 3, 4, 5, 2, 3, 0, 0, 0, 0, 0, 5, '3572'),
(74, 1, 394, 1, 2, 17, 'patient', 3, '2017-02-11 15:02:12', '2017-02-11 15:02:12', '68', 3, 4, 5, 2, 3, 0, 0, 0, 0, 0, 5, '2789'),
(75, 12, 408, 1, 1, 24, 'patient', 5, '2017-02-13 17:33:26', '2017-02-13 17:33:26', '96', 5, 5, 5, 5, 4, 0, 0, 0, 0, 0, 5, '3843'),
(76, 12, 409, 2, 1, 24, 'patient', 5, '2017-02-13 17:33:51', '2017-02-13 17:33:51', '96', 4, 5, 5, 5, 5, 0, 0, 0, 0, 0, 5, '3843'),
(77, 12, 411, 1, 1, 24, 'patient', 5, '2017-02-13 17:34:07', '2017-02-13 17:34:07', '96', 5, 5, 4, 5, 5, 0, 0, 0, 0, 0, 5, '3843'),
(78, 12, 412, 2, 1, 16, 'patient', 3, '2017-02-13 17:34:25', '2017-02-13 17:34:26', '64', 3, 3, 3, 4, 3, 0, 0, 0, 0, 0, 5, '3843'),
(79, 12, 413, 3, 1, 24, 'patient', 5, '2017-02-13 17:34:43', '2017-02-13 17:34:43', '96', 5, 4, 5, 5, 5, 0, 0, 0, 0, 0, 5, '3843'),
(80, 12, 414, 1, 1, 21, 'patient', 4, '2017-02-13 17:35:00', '2017-02-13 17:35:00', '84', 4, 3, 4, 5, 5, 0, 0, 0, 0, 0, 5, '3843'),
(81, 12, 415, 1, 1, 22, 'patient', 4, '2017-02-13 17:35:17', '2017-02-13 17:35:17', '88', 5, 4, 3, 5, 5, 0, 0, 0, 0, 0, 5, '3843'),
(82, 12, 416, 2, 1, 23, 'patient', 5, '2017-02-13 17:35:33', '2017-02-13 17:35:33', '92', 5, 5, 4, 4, 5, 0, 0, 0, 0, 0, 5, '3843'),
(83, 12, 419, 3, 1, 21, 'patient', 4, '2017-02-13 17:35:51', '2017-02-13 17:35:52', '84', 5, 4, 3, 4, 5, 0, 0, 0, 0, 0, 5, '3843'),
(84, 12, 420, 2, 1, 23, 'patient', 5, '2017-02-13 17:36:11', '2017-02-13 17:36:11', '92', 4, 5, 4, 5, 5, 0, 0, 0, 0, 0, 5, '3843'),
(85, 12, 421, 1, 1, 25, 'patient', 5, '2017-02-13 17:36:27', '2017-02-13 17:36:27', '100', 5, 5, 5, 5, 5, 0, 0, 0, 0, 0, 5, '3843'),
(86, 12, 422, 1, 1, 25, 'patient', 5, '2017-02-13 17:36:41', '2017-02-13 17:36:41', '100', 5, 5, 5, 5, 5, 0, 0, 0, 0, 0, 5, '3843'),
(87, 12, 18, 2, 1, 24, 'patient', 5, '2017-02-13 17:48:01', '2017-02-13 17:48:02', '96', 4, 5, 5, 5, 5, 0, 0, 0, 0, 0, 5, '3843'),
(88, 12, 411, 1, 1, 25, 'patient', 5, '2017-02-13 17:55:29', '2017-02-13 17:55:29', '100', 5, 5, 5, 5, 5, 0, 0, 0, 0, 0, 5, '3319'),
(89, 12, 411, 1, 1, 20, 'patient', 4, '2017-02-13 18:13:03', '2017-02-13 18:13:04', '80', 4, 4, 4, 4, 4, 0, 0, 0, 0, 0, 5, '6474'),
(90, 12, 395, 1, 1, 21, 'patient', 4, '2017-02-13 18:18:09', '2017-02-13 18:18:09', '84', 5, 4, 4, 4, 4, 0, 0, 0, 0, 0, 5, '5437'),
(91, 12, 18, 2, 1, 21, 'patient', 4, '2017-02-13 21:29:47', '2017-02-13 21:29:47', '84', 5, 4, 4, 4, 4, 0, 0, 0, 0, 0, 5, '6474'),
(92, 12, 415, 1, 1, 14, 'patient', 3, '2017-02-13 22:31:28', '2017-02-13 22:31:28', '56', 3, 3, 3, 2, 3, 0, 0, 0, 0, 0, 5, '6474'),
(93, 12, 410, 3, 1, 20, 'patient', 4, '2017-02-13 22:39:33', '2017-02-13 22:39:33', '80', 4, 4, 4, 3, 5, 0, 0, 0, 0, 0, 5, '6474'),
(94, 3, 399, 1, 2, 18, 'patient', 4, '2017-02-14 04:38:57', '2017-02-14 04:38:57', '72', 4, 5, 2, 3, 4, 0, 0, 0, 0, 0, 5, '7400'),
(95, 1, 401, 2, 2, 19, 'patient', 4, '2017-02-14 04:42:16', '2017-02-14 04:42:16', '76', 3, 4, 5, 3, 4, 0, 0, 0, 0, 0, 5, '5827'),
(96, 3, 402, 1, 2, 21, 'patient', 4, '2017-02-14 14:43:18', '2017-02-14 14:43:19', '84', 5, 4, 3, 4, 5, 0, 0, 0, 0, 0, 5, '3339'),
(97, 3, 406, 2, 2, 20, 'patient', 4, '2017-02-14 14:48:10', '2017-02-14 14:48:10', '80', 4, 5, 2, 5, 4, 0, 0, 0, 0, 0, 5, '5901'),
(98, 1, 394, 1, 2, 17, 'patient', 3, '2017-02-14 16:16:58', '2017-02-14 16:16:58', '68', 3, 4, 5, 2, 3, 0, 0, 0, 0, 0, 5, '6388'),
(99, 12, 413, 3, 1, 24, 'patient', 5, '2017-02-14 18:34:15', '2017-02-14 18:34:15', '96', 5, 5, 5, 5, 4, 0, 0, 0, 0, 0, 5, NULL),
(100, 12, 411, 1, 1, 22, 'patient', 4, '2017-02-14 18:35:15', '2017-02-14 18:35:16', '88', 5, 5, 4, 4, 4, 0, 0, 0, 0, 0, 5, NULL),
(101, 12, 410, 3, 1, 25, 'patient', 5, '2017-02-14 18:41:48', '2017-02-14 18:41:48', '100', 5, 5, 5, 5, 5, 0, 0, 0, 0, 0, 5, '3417'),
(102, 12, 408, 1, 1, 23, 'patient', 5, '2017-02-14 19:09:04', '2017-02-14 19:09:04', '92', 5, 5, 5, 4, 4, 0, 0, 0, 0, 0, 5, NULL),
(103, 12, 419, 3, 1, 18, 'patient', 4, '2017-02-14 19:32:16', '2017-02-14 19:32:16', '72', 5, 4, 3, 3, 3, 0, 0, 0, 0, 0, 5, NULL),
(104, 12, 414, 1, 1, 15, 'patient', 3, '2017-02-14 19:32:42', '2017-02-14 19:32:42', '60', 3, 3, 3, 3, 3, 0, 0, 0, 0, 0, 5, NULL),
(105, 7, 411, 1, 1, 21, 'patient', 4, '2017-02-14 19:51:31', '2017-02-14 19:51:31', '84', 5, 4, 3, 4, 5, 0, 0, 0, 0, 0, 5, '7690'),
(106, 12, 412, 2, 1, 25, 'patient', 5, '2017-02-14 20:02:55', '2017-02-14 20:02:55', '100', 5, 5, 5, 5, 5, 0, 0, 0, 0, 0, 5, NULL),
(107, 12, 409, 2, 1, 22, 'patient', 4, '2017-02-14 20:05:06', '2017-02-14 20:05:06', '88', 5, 5, 5, 5, 2, 0, 0, 0, 0, 0, 5, NULL),
(108, 12, 422, 1, 1, 24, 'patient', 5, '2017-02-14 20:13:04', '2017-02-14 20:13:04', '96', 5, 4, 5, 5, 5, 0, 0, 0, 0, 0, 5, NULL),
(109, 7, 411, 1, 1, 21, 'patient', 4, '2017-02-15 15:08:40', '2017-02-15 15:08:41', '84', 4, 4, 3, 5, 5, 0, 0, 0, 0, 0, 5, '9051'),
(110, 12, 419, 3, 1, 19, 'patient', 4, '2017-02-16 03:43:57', '2017-02-16 03:43:57', '76', 5, 4, 3, 3, 4, 0, 0, 0, 0, 0, 5, NULL),
(111, 12, 413, 3, 1, 21, 'patient', 4, '2017-02-16 03:44:17', '2017-02-16 03:44:17', '84', 4, 5, 4, 4, 4, 0, 0, 0, 0, 0, 5, NULL),
(112, 12, 411, 1, 1, 22, 'patient', 4, '2017-02-16 03:44:32', '2017-02-16 03:44:32', '88', 4, 4, 5, 5, 4, 0, 0, 0, 0, 0, 5, NULL),
(113, 12, 421, 1, 1, 17, 'patient', 3, '2017-02-16 03:44:51', '2017-02-16 03:44:51', '68', 5, 4, 3, 2, 3, 0, 0, 0, 0, 0, 5, NULL),
(114, 12, 416, 2, 1, 23, 'patient', 5, '2017-02-16 03:45:10', '2017-02-16 03:45:11', '92', 5, 5, 5, 4, 4, 0, 0, 0, 0, 0, 5, NULL),
(115, 7, 411, 1, 1, 21, 'patient', 4, '2017-02-16 16:19:41', '2017-02-16 16:19:41', '84', 4, 4, 3, 5, 5, 0, 0, 0, 0, 0, 5, '9450'),
(116, 7, 411, 1, 1, 22, 'patient', 4, '2017-02-16 19:28:39', '2017-02-16 19:28:39', '88', 5, 4, 3, 5, 5, 0, 0, 0, 0, 0, 5, '2601'),
(117, 7, 408, 1, 1, 17, 'patient', 3, '2017-02-20 18:58:50', '2017-02-20 18:58:50', '68', 3, 4, 3, 3, 4, 0, 0, 0, 0, 0, 5, '2245'),
(118, 7, 422, 1, 1, 20, 'patient', 4, '2017-02-20 18:59:24', '2017-02-20 18:59:24', '80', 4, 4, 3, 5, 4, 0, 0, 0, 0, 0, 5, '2245'),
(119, 7, 420, 2, 1, 23, 'patient', 5, '2017-02-20 18:59:56', '2017-02-20 18:59:56', '92', 5, 5, 3, 5, 5, 0, 0, 0, 0, 0, 5, '2245'),
(120, 7, 415, 1, 1, 18, 'patient', 4, '2017-02-20 19:00:27', '2017-02-20 19:00:27', '72', 4, 4, 2, 4, 4, 0, 0, 0, 0, 0, 5, '2245'),
(121, 7, 410, 3, 1, 18, 'patient', 4, '2017-02-20 19:00:56', '2017-02-20 19:00:56', '72', 3, 4, 4, 3, 4, 0, 0, 0, 0, 0, 5, '2245'),
(122, 7, 411, 1, 1, 22, 'patient', 4, '2017-02-20 21:33:48', '2017-02-20 21:33:48', '88', 4, 5, 3, 5, 5, 0, 0, 0, 0, 0, 5, '2245'),
(123, 12, 409, 2, 1, 21, 'patient', 4, '2017-02-21 20:21:27', '2017-02-21 20:21:28', '84', 5, 4, 2, 5, 5, 0, 0, 0, 0, 0, 5, '3896'),
(124, 7, 395, 1, 1, 21, 'patient', 4, '2017-02-22 20:59:43', '2017-02-22 20:59:43', '84', 4, 5, 5, 3, 4, 0, 0, 0, 0, 0, 5, '8335'),
(125, 12, 416, 2, 1, 22, 'patient', 4, '2017-02-23 17:01:11', '2017-02-23 17:01:11', '88', 4, 5, 3, 5, 5, 0, 0, 0, 0, 0, 5, '0186'),
(126, 12, 408, 1, 1, 20, 'patient', 4, '2017-02-24 23:37:47', '2017-02-24 23:37:47', '80', 4, 4, 3, 4, 5, 0, 0, 0, 0, 0, 5, NULL),
(127, 12, 413, 3, 1, 21, 'patient', 4, '2017-02-24 23:38:06', '2017-02-24 23:38:06', '84', 5, 5, 4, 3, 4, 0, 0, 0, 0, 0, 5, NULL),
(128, 12, 411, 1, 1, 21, 'patient', 4, '2017-02-24 23:39:19', '2017-02-24 23:39:20', '84', 4, 5, 3, 4, 5, 0, 0, 0, 0, 0, 5, NULL),
(129, 12, 416, 2, 1, 20, 'patient', 4, '2017-02-24 23:40:27', '2017-02-24 23:40:27', '80', 5, 4, 5, 4, 2, 0, 0, 0, 0, 0, 5, NULL),
(130, 12, 419, 3, 1, 18, 'patient', 4, '2017-02-24 23:40:55', '2017-02-24 23:40:55', '72', 4, 4, 5, 2, 3, 0, 0, 0, 0, 0, 5, NULL),
(131, 12, 412, 2, 1, 21, 'patient', 4, '2017-02-24 23:43:05', '2017-02-24 23:43:05', '84', 5, 4, 5, 3, 4, 0, 0, 0, 0, 0, 5, NULL),
(132, 17, 411, 1, 1, 25, 'patient', 5, '2017-02-25 19:17:35', '2017-02-25 19:17:35', '100', 5, 5, 5, 5, 5, 0, 0, 0, 0, 0, 5, '2899'),
(133, 12, 411, 1, 1, 18, 'patient', 4, '2017-02-27 03:35:30', '2017-02-27 03:35:30', '72', 4, 4, 4, 3, 3, 0, 0, 0, 0, 0, 5, '0684'),
(134, 12, 416, 2, 1, 15, 'patient', 3, '2017-02-27 03:35:51', '2017-02-27 03:35:51', '60', 3, 3, 3, 3, 3, 0, 0, 0, 0, 0, 5, '0684'),
(135, 12, 410, 3, 1, 19, 'patient', 4, '2017-02-27 03:36:06', '2017-02-27 03:36:06', '76', 4, 4, 3, 3, 5, 0, 0, 0, 0, 0, 5, '0684'),
(136, 12, 408, 1, 1, 20, 'patient', 4, '2017-02-27 03:36:26', '2017-02-27 03:36:26', '80', 4, 4, 5, 3, 4, 0, 0, 0, 0, 0, 5, '0684'),
(137, 12, 420, 2, 1, 18, 'patient', 4, '2017-02-27 03:36:45', '2017-02-27 03:36:46', '72', 5, 2, 3, 4, 4, 0, 0, 0, 0, 0, 5, '0684'),
(138, 12, 419, 3, 1, 21, 'patient', 4, '2017-02-27 03:37:01', '2017-02-27 03:37:01', '84', 4, 4, 4, 5, 4, 0, 0, 0, 0, 0, 5, '0684'),
(139, 12, 395, 1, 1, 22, 'patient', 4, '2017-02-27 16:40:21', '2017-02-27 16:40:21', '88', 4, 5, 4, 5, 4, 0, 0, 0, 0, 0, 5, NULL),
(140, 12, 409, 2, 1, 18, 'patient', 4, '2017-02-27 16:40:39', '2017-02-27 16:40:39', '72', 4, 4, 3, 3, 4, 0, 0, 0, 0, 0, 5, NULL),
(141, 12, 411, 1, 1, 13, 'patient', 3, '2017-02-27 16:41:07', '2017-02-27 16:41:07', '52', 4, 4, 3, 1, 1, 0, 0, 0, 0, 0, 5, NULL),
(142, 12, 414, 1, 1, 5, 'patient', 1, '2017-02-27 16:44:12', '2017-02-27 16:44:12', '20', 1, 1, 1, 1, 1, 0, 0, 0, 0, 0, 5, '5079'),
(143, 12, 422, 1, 1, 21, 'patient', 4, '2017-02-27 16:44:34', '2017-02-27 16:44:34', '84', 4, 4, 5, 4, 4, 0, 0, 0, 0, 0, 5, '5079'),
(144, 7, 411, 1, 1, 23, 'patient', 5, '2017-02-27 23:18:37', '2017-02-27 23:18:37', '92', 5, 4, 4, 5, 5, 0, 0, 0, 0, 0, 5, '0893'),
(145, 4, 18, 2, 1, 25, 'patient', 5, '2017-02-28 18:32:59', '2017-02-28 18:32:59', '100', 5, 5, 5, 5, 5, 0, 0, 0, 0, 0, 5, '5013'),
(146, 4, 408, 1, 1, 25, 'patient', 5, '2017-02-28 21:12:16', '2017-02-28 21:12:16', '100', 5, 5, 5, 5, 5, 0, 0, 0, 0, 0, 5, '3064'),
(147, 12, 411, 1, 1, 22, 'patient', 4, '2017-02-28 22:33:24', '2017-02-28 22:33:24', '88', 5, 4, 3, 5, 5, 0, 0, 0, 0, 0, 5, '8566'),
(148, 12, 411, 1, 1, 21, 'patient', 4, '2017-02-28 23:05:08', '2017-02-28 23:05:08', '84', 4, 5, 3, 4, 5, 0, 0, 0, 0, 0, 5, '1187'),
(149, 12, 411, 1, 1, 21, 'patient', 4, '2017-02-28 23:12:56', '2017-02-28 23:12:56', '84', 5, 4, 3, 4, 5, 0, 0, 0, 0, 0, 5, '9452'),
(150, 12, 411, 1, 1, 21, 'patient', 4, '2017-03-01 18:52:41', '2017-03-01 18:52:41', '84', 5, 4, 4, 4, 4, 0, 0, 0, 0, 0, 5, '8253'),
(151, 12, 408, 1, 1, 17, 'patient', 3, '2017-03-01 18:52:59', '2017-03-01 18:52:59', '68', 3, 3, 3, 4, 4, 0, 0, 0, 0, 0, 5, '8253'),
(152, 12, 414, 1, 1, 15, 'patient', 3, '2017-03-01 18:53:17', '2017-03-01 18:53:17', '60', 3, 3, 3, 3, 3, 0, 0, 0, 0, 0, 5, '8253'),
(153, 12, 421, 1, 1, 17, 'patient', 3, '2017-03-01 18:53:37', '2017-03-01 18:53:37', '68', 3, 4, 3, 4, 3, 0, 0, 0, 0, 0, 5, '8253'),
(154, 12, 412, 2, 1, 16, 'patient', 3, '2017-03-01 18:53:57', '2017-03-01 18:53:57', '64', 3, 3, 4, 3, 3, 0, 0, 0, 0, 0, 5, '8253'),
(155, 12, 416, 2, 1, 19, 'patient', 4, '2017-03-01 18:54:12', '2017-03-01 18:54:12', '76', 4, 4, 3, 4, 4, 0, 0, 0, 0, 0, 5, '8253'),
(156, 12, 409, 2, 1, 17, 'patient', 3, '2017-03-01 18:54:29', '2017-03-01 18:54:29', '68', 3, 3, 3, 4, 4, 0, 0, 0, 0, 0, 5, '8253'),
(157, 12, 413, 3, 1, 25, 'patient', 5, '2017-03-01 18:54:48', '2017-03-01 18:54:48', '100', 5, 5, 5, 5, 5, 0, 0, 0, 0, 0, 5, '8253'),
(158, 12, 419, 3, 1, 25, 'patient', 5, '2017-03-01 18:55:05', '2017-03-01 18:55:05', '100', 5, 5, 5, 5, 5, 0, 0, 0, 0, 0, 5, '8253'),
(159, 12, 410, 3, 1, 21, 'patient', 4, '2017-03-01 18:55:22', '2017-03-01 18:55:23', '84', 4, 4, 4, 5, 4, 0, 0, 0, 0, 0, 5, '8253'),
(160, 12, 395, 1, 1, 20, 'patient', 4, '2017-03-02 16:46:14', '2017-03-02 16:46:15', '80', 4, 4, 4, 4, 4, 0, 0, 0, 0, 0, 5, NULL),
(161, 12, 408, 1, 1, 20, 'patient', 4, '2017-03-02 16:46:30', '2017-03-02 16:46:30', '80', 4, 4, 4, 4, 4, 0, 0, 0, 0, 0, 5, NULL),
(162, 12, 411, 1, 1, 25, 'patient', 5, '2017-03-02 16:46:46', '2017-03-02 16:46:47', '100', 5, 5, 5, 5, 5, 0, 0, 0, 0, 0, 5, NULL),
(163, 12, 409, 2, 1, 17, 'patient', 3, '2017-03-02 16:47:11', '2017-03-02 16:47:11', '68', 3, 4, 3, 4, 3, 0, 0, 0, 0, 0, 5, NULL),
(164, 12, 416, 2, 1, 20, 'patient', 4, '2017-03-02 16:47:27', '2017-03-02 16:47:27', '80', 4, 4, 4, 4, 4, 0, 0, 0, 0, 0, 5, NULL),
(165, 12, 412, 2, 1, 19, 'patient', 4, '2017-03-02 16:47:47', '2017-03-02 16:47:47', '76', 4, 3, 3, 5, 4, 0, 0, 0, 0, 0, 5, NULL),
(166, 12, 413, 3, 1, 19, 'patient', 4, '2017-03-02 16:48:03', '2017-03-02 16:48:04', '76', 4, 4, 4, 4, 3, 0, 0, 0, 0, 0, 5, NULL),
(167, 12, 419, 3, 1, 25, 'patient', 5, '2017-03-02 16:49:06', '2017-03-02 16:49:06', '100', 5, 5, 5, 5, 5, 0, 0, 0, 0, 0, 5, NULL),
(168, 12, 410, 3, 1, 25, 'patient', 5, '2017-03-02 16:49:24', '2017-03-02 16:49:24', '100', 5, 5, 5, 5, 5, 0, 0, 0, 0, 0, 5, NULL),
(169, 12, 411, 1, 1, 22, 'patient', 4, '2017-03-03 21:47:06', '2017-03-03 21:47:06', '88', 4, 4, 4, 5, 5, 0, 0, 0, 0, 0, 5, NULL),
(170, 12, 408, 1, 1, 20, 'patient', 4, '2017-03-03 21:47:26', '2017-03-03 21:47:26', '80', 4, 4, 4, 4, 4, 0, 0, 0, 0, 0, 5, NULL),
(171, 17, 416, 2, 1, 21, 'patient', 4, '2017-03-04 18:48:04', '2017-03-04 18:48:04', '84', 5, 4, 2, 5, 5, 0, 0, 0, 0, 0, 5, '2441'),
(172, 12, 411, 1, 1, 21, 'patient', 4, '2017-03-08 18:45:50', '2017-03-08 18:45:50', '84', 4, 5, 3, 4, 5, 0, 0, 0, 0, 0, 5, '4102'),
(173, 7, 408, 1, 1, 23, 'patient', 5, '2017-03-09 14:20:11', '2017-03-09 14:20:11', '92', 4, 5, 4, 5, 5, 0, 0, 0, 0, 0, 5, '2587'),
(174, 7, 411, 1, 1, 21, 'patient', 4, '2017-03-09 15:26:18', '2017-03-09 15:26:18', '84', 4, 4, 3, 5, 5, 0, 0, 0, 0, 0, 5, '2587'),
(175, 7, 413, 3, 1, 21, 'patient', 4, '2017-03-09 15:26:18', '2017-03-09 15:26:18', '84', 4, 4, 3, 5, 5, 0, 0, 0, 0, 0, 5, '4783'),
(176, 7, 411, 1, 1, 20, 'patient', 4, '2017-03-09 16:41:05', '2017-03-09 16:41:05', '80', 5, 3, 4, 3, 5, 0, 0, 0, 0, 0, 5, '2587'),
(177, 12, 411, 1, 1, 22, 'patient', 4, '2017-03-14 14:46:05', '2017-03-14 14:46:05', '88', 4, 5, 4, 4, 5, 0, 0, 0, 0, 0, 5, NULL),
(178, 12, 413, 3, 1, 19, 'patient', 4, '2017-03-14 14:48:46', '2017-03-14 14:48:46', '76', 4, 4, 4, 3, 4, 0, 0, 0, 0, 0, 5, NULL),
(179, 12, 416, 2, 1, 23, 'patient', 5, '2017-03-14 14:49:06', '2017-03-14 14:49:06', '92', 5, 5, 4, 4, 5, 0, 0, 0, 0, 0, 5, NULL),
(180, 7, 411, 1, 1, 21, 'patient', 4, '2017-03-15 16:45:58', '2017-03-15 16:45:58', '84', 4, 5, 3, 5, 4, 0, 0, 0, 0, 0, 5, '9533'),
(181, 12, 420, 2, 1, 23, 'patient', 5, '2017-03-15 17:41:34', '2017-03-15 17:41:34', '92', 5, 5, 4, 4, 5, 0, 0, 0, 0, 0, 5, NULL),
(182, 12, 416, 2, 1, 20, 'patient', 4, '2017-03-15 17:41:52', '2017-03-15 17:41:52', '80', 4, 4, 4, 4, 4, 0, 0, 0, 0, 0, 5, NULL),
(183, 12, 408, 1, 1, 21, 'patient', 4, '2017-03-15 17:42:11', '2017-03-15 17:42:11', '84', 4, 4, 5, 4, 4, 0, 0, 0, 0, 0, 5, NULL),
(184, 12, 421, 1, 1, 24, 'patient', 5, '2017-03-15 17:43:14', '2017-03-15 17:43:14', '96', 5, 5, 4, 5, 5, 0, 0, 0, 0, 0, 5, NULL),
(185, 12, 414, 1, 1, 21, 'patient', 4, '2017-03-15 17:44:44', '2017-03-15 17:44:44', '84', 5, 4, 4, 4, 4, 0, 0, 0, 0, 0, 5, NULL),
(186, 6, 411, 1, 1, 22, 'patient', 4, '2017-03-15 23:28:36', '2017-03-15 23:28:36', '88', 5, 4, 4, 5, 4, 0, 0, 0, 0, 0, 5, '8144'),
(187, 12, 411, 1, 1, 22, 'patient', 4, '2017-03-17 16:31:05', '2017-03-17 16:31:05', '88', 4, 5, 3, 5, 5, 0, 0, 0, 0, 0, 5, NULL),
(188, 12, 409, 2, 1, 20, 'patient', 4, '2017-03-17 16:31:23', '2017-03-17 16:31:23', '80', 5, 5, 5, 3, 2, 0, 0, 0, 0, 0, 5, NULL),
(189, 12, 413, 3, 1, 20, 'patient', 4, '2017-03-17 16:31:39', '2017-03-17 16:31:39', '80', 3, 4, 4, 4, 5, 0, 0, 0, 0, 0, 5, NULL),
(190, 12, 411, 2, 1, 20, 'patient', 4, '2017-03-17 16:41:11', '2017-03-17 16:41:11', '80', 4, 4, 4, 4, 4, 0, 0, 0, 0, 0, 5, NULL),
(191, 7, 411, 2, 1, 23, 'patient', 5, '2017-03-20 17:34:06', '2017-03-20 17:34:06', '92', 5, 4, 4, 5, 5, 0, 0, 0, 0, 0, 5, '6128'),
(192, 12, 408, 1, 1, 18, 'patient', 4, '2017-03-20 23:30:33', '2017-03-20 23:30:34', '72', 4, 4, 3, 4, 3, 0, 0, 0, 0, 0, 5, NULL),
(193, 12, 413, 3, 1, 20, 'patient', 4, '2017-03-20 23:30:58', '2017-03-20 23:30:58', '80', 4, 4, 4, 4, 4, 0, 0, 0, 0, 0, 5, NULL),
(194, 7, 411, 2, 1, 23, 'patient', 5, '2017-03-21 16:24:24', '2017-03-21 16:24:24', '92', 5, 4, 4, 5, 5, 0, 0, 0, 0, 0, 5, '2493'),
(195, 7, 408, 1, 1, 22, 'patient', 4, '2017-03-21 17:41:08', '2017-03-21 17:41:08', '88', 4, 5, 5, 3, 5, 0, 0, 0, 0, 0, 5, '8070'),
(196, 7, 413, 3, 1, 24, 'patient', 5, '2017-03-21 17:41:33', '2017-03-21 17:41:33', '96', 5, 5, 4, 5, 5, 0, 0, 0, 0, 0, 5, '8070'),
(197, 7, 410, 3, 1, 22, 'patient', 4, '2017-03-21 17:41:54', '2017-03-21 17:41:54', '88', 5, 5, 3, 4, 5, 0, 0, 0, 0, 0, 5, '8070'),
(198, 7, 415, 1, 1, 16, 'patient', 3, '2017-03-21 17:42:28', '2017-03-21 17:42:28', '64', 3, 3, 4, 3, 3, 0, 0, 0, 0, 0, 5, '8070'),
(199, 7, 411, 2, 1, 21, 'patient', 4, '2017-03-22 16:29:36', '2017-03-22 16:29:36', '84', 5, 4, 3, 5, 4, 0, 0, 0, 0, 0, 5, '0506'),
(200, 7, 425, 3, 1, 24, 'patient', 5, '2017-03-23 17:47:42', '2017-03-23 17:47:42', '96', 5, 5, 4, 5, 5, 0, 0, 0, 0, 0, 5, '3629'),
(201, 7, 412, 2, 1, 12, 'patient', 2, '2017-03-23 17:48:08', '2017-03-23 17:48:08', '48', 2, 3, 2, 3, 2, 0, 0, 0, 0, 0, 5, '3629'),
(202, 7, 409, 2, 1, 18, 'patient', 4, '2017-03-23 17:48:37', '2017-03-23 17:48:37', '72', 4, 4, 4, 2, 4, 0, 0, 0, 0, 0, 5, '3629'),
(203, 7, 411, 2, 1, 21, 'patient', 4, '2017-03-23 19:26:49', '2017-03-23 19:26:49', '84', 4, 4, 3, 5, 5, 0, 0, 0, 0, 0, 5, '1004'),
(204, 7, 395, 1, 1, 22, 'patient', 4, '2017-03-24 17:16:51', '2017-03-24 17:16:52', '88', 4, 4, 5, 4, 5, 0, 0, 0, 0, 0, 5, '3673'),
(205, 7, 408, 1, 1, 16, 'patient', 3, '2017-03-24 17:38:18', '2017-03-24 17:38:18', '64', 4, 3, 3, 3, 3, 0, 0, 0, 0, 0, 5, '3673'),
(206, 7, 411, 2, 1, 22, 'patient', 4, '2017-03-24 18:15:13', '2017-03-24 18:15:13', '88', 4, 5, 3, 5, 5, 0, 0, 0, 0, 0, 5, '2635'),
(207, 7, 411, 2, 1, 20, 'patient', 4, '2017-03-27 15:59:40', '2017-03-27 15:59:40', '80', 4, 4, 3, 5, 4, 0, 0, 0, 0, 0, 5, '4590'),
(208, 17, 411, 2, 1, 22, 'patient', 4, '2017-03-27 19:05:12', '2017-03-27 19:05:12', '88', 5, 5, 3, 5, 4, 0, 0, 0, 0, 0, 5, '5293'),
(209, 7, 18, 2, 1, 16, 'patient', 3, '2017-03-29 13:35:37', '2017-03-29 13:35:37', '64', 3, 3, 4, 3, 3, 0, 0, 0, 0, 0, 5, '9207'),
(210, 7, 415, 1, 1, 18, 'patient', 4, '2017-03-29 13:36:06', '2017-03-29 13:36:06', '72', 3, 4, 3, 4, 4, 0, 0, 0, 0, 0, 5, '9207'),
(211, 7, 411, 2, 1, 22, 'patient', 4, '2017-03-29 15:04:05', '2017-03-29 15:04:05', '88', 4, 5, 3, 5, 5, 0, 0, 0, 0, 0, 5, '9207'),
(212, 12, 408, 1, 1, 17, 'patient', 3, '2017-03-29 23:12:30', '2017-03-29 23:12:30', '68', 4, 4, 3, 3, 3, 0, 0, 0, 0, 0, 5, NULL),
(213, 12, 415, 1, 1, 17, 'patient', 3, '2017-03-29 23:12:50', '2017-03-29 23:12:50', '68', 4, 4, 3, 3, 3, 0, 0, 0, 0, 0, 5, NULL),
(214, 12, 413, 3, 1, 20, 'patient', 4, '2017-03-29 23:13:07', '2017-03-29 23:13:07', '80', 4, 4, 4, 4, 4, 0, 0, 0, 0, 0, 5, NULL),
(215, 12, 409, 2, 1, 24, 'patient', 5, '2017-03-29 23:13:26', '2017-03-29 23:13:26', '96', 4, 5, 5, 5, 5, 0, 0, 0, 0, 0, 5, NULL),
(216, 12, 412, 2, 1, 23, 'patient', 5, '2017-03-30 00:03:54', '2017-03-30 00:03:55', '92', 4, 5, 5, 4, 5, 0, 0, 0, 0, 0, 5, '1643'),
(217, 7, 411, 2, 1, 21, 'patient', 4, '2017-03-30 14:37:16', '2017-03-30 14:37:16', '84', 5, 4, 3, 5, 4, 0, 0, 0, 0, 0, 5, '9281'),
(218, 7, 411, 2, 1, 22, 'patient', 4, '2017-03-30 22:02:31', '2017-03-30 22:02:32', '88', 4, 5, 3, 5, 5, 0, 0, 0, 0, 0, 5, '5951'),
(219, 12, 409, 2, 1, 18, 'patient', 4, '2017-04-06 18:56:20', '2017-04-06 18:56:20', '72', 4, 4, 4, 3, 3, 0, 0, 0, 0, 0, 5, NULL),
(220, 1, 399, 1, 2, 22, 'patient', 4, '2017-04-18 16:32:10', '2017-04-18 16:32:10', '88', 4, 5, 5, 3, 5, 0, 0, 0, 0, 0, 5, '8973'),
(221, 17, 411, 2, 1, 25, 'patient', 5, '2017-04-20 14:38:09', '2017-04-20 14:38:10', '100', 5, 5, 5, 5, 5, 0, 0, 0, 0, 0, 5, '4987'),
(222, 7, 411, 2, 1, 21, 'patient', 4, '2017-04-27 17:28:25', '2017-04-27 17:28:25', '84', 4, 4, 3, 5, 5, 0, 0, 0, 0, 0, 5, '5363'),
(223, 12, 416, 2, 1, 24, 'patient', 5, '2017-04-27 19:59:29', '2017-04-27 19:59:29', '96', 5, 5, 5, 4, 5, 0, 0, 0, 0, 0, 5, '5337'),
(224, 12, 421, 1, 1, 22, 'patient', 4, '2017-04-27 20:01:47', '2017-04-27 20:01:47', '88', 4, 4, 4, 5, 5, 0, 0, 0, 0, 0, 5, '5337'),
(225, 12, 395, 1, 1, 25, 'patient', 5, '2017-04-27 20:03:07', '2017-04-27 20:03:07', '100', 5, 5, 5, 5, 5, 0, 0, 0, 0, 0, 5, '5337'),
(226, 12, 416, 2, 1, 25, 'patient', 5, '2017-04-27 20:04:59', '2017-04-27 20:04:59', '100', 5, 5, 5, 5, 5, 0, 0, 0, 0, 0, 5, '5337'),
(227, 15, 397, 3, 3, 30, 'patient', 5, '2017-04-27 20:12:49', '2017-04-27 20:12:49', '100', 5, 5, 5, 5, 5, 5, 0, 0, 0, 0, 6, '5337'),
(228, 7, 395, 1, 1, 22, 'patient', 4, '2017-05-01 22:59:37', '2017-05-01 22:59:38', '88', 4, 5, 5, 4, 4, 0, 0, 0, 0, 0, 5, '8348'),
(229, 17, 411, 2, 1, 23, 'patient', 5, '2017-05-02 16:46:42', '2017-05-02 16:46:42', '92', 5, 4, 5, 4, 5, 0, 0, 0, 0, 0, 5, '9487'),
(230, 7, 411, 2, 1, 21, 'patient', 4, '2017-05-07 21:47:59', '2017-05-07 21:48:00', '84', 4, 5, 3, 4, 5, 0, 0, 0, 0, 0, 5, '1080'),
(231, 12, 411, 2, 1, 22, 'patient', 4, '2017-05-09 20:31:48', '2017-05-09 20:31:48', '88', 4, 4, 5, 5, 4, 0, 0, 0, 0, 0, 5, '4518'),
(232, 12, 412, 2, 1, 20, 'patient', 4, '2017-05-09 20:34:22', '2017-05-09 20:34:23', '80', 4, 4, 4, 4, 4, 0, 0, 0, 0, 0, 5, '4518'),
(233, 12, 425, 3, 1, 18, 'patient', 4, '2017-05-09 20:34:47', '2017-05-09 20:34:47', '72', 4, 4, 4, 3, 3, 0, 0, 0, 0, 0, 5, '4518'),
(234, 12, 395, 1, 1, 25, 'patient', 5, '2017-05-09 20:35:05', '2017-05-09 20:35:05', '100', 5, 5, 5, 5, 5, 0, 0, 0, 0, 0, 5, '4518'),
(235, 12, 421, 1, 1, 23, 'patient', 5, '2017-05-10 21:19:07', '2017-05-10 21:19:07', '92', 5, 4, 4, 5, 5, 0, 0, 0, 0, 0, 5, '1467'),
(236, 12, 411, 2, 1, 21, 'patient', 4, '2017-05-10 21:51:27', '2017-05-10 21:51:27', '84', 4, 5, 3, 4, 5, 0, 0, 0, 0, 0, 5, '1467'),
(237, 7, 409, 2, 1, 18, 'patient', 4, '2017-05-11 17:20:03', '2017-05-11 17:20:03', '72', 3, 4, 3, 4, 4, 0, 0, 0, 0, 0, 5, '3757'),
(238, 7, 414, 1, 1, 22, 'patient', 4, '2017-05-11 17:20:21', '2017-05-11 17:20:21', '88', 5, 5, 3, 4, 5, 0, 0, 0, 0, 0, 5, '3757'),
(239, 7, 411, 2, 1, 21, 'patient', 4, '2017-05-11 19:44:46', '2017-05-11 19:44:46', '84', 4, 4, 3, 5, 5, 0, 0, 0, 0, 0, 5, '7841'),
(240, 12, 411, 2, 1, 21, 'patient', 4, '2017-05-11 20:14:34', '2017-05-11 20:14:34', '84', 4, 5, 5, 4, 3, 0, 0, 0, 0, 0, 5, '0316'),
(241, 17, 411, 2, 1, 20, 'patient', 4, '2017-05-12 15:07:55', '2017-05-12 15:07:56', '80', 5, 4, 2, 5, 4, 0, 0, 0, 0, 0, 5, NULL),
(242, 17, 411, 2, 1, 25, 'patient', 5, '2017-05-12 15:08:13', '2017-05-12 15:08:15', '100', 5, 5, 5, 5, 5, 0, 0, 0, 0, 0, 5, NULL),
(243, 7, 411, 2, 1, 23, 'patient', 5, '2017-05-17 16:00:52', '2017-05-17 16:00:52', '92', 4, 5, 4, 5, 5, 0, 0, 0, 0, 0, 5, '0604'),
(244, 7, 395, 1, 1, 20, 'patient', 4, '2017-05-17 16:10:04', '2017-05-17 16:10:04', '80', 5, 5, 2, 4, 4, 0, 0, 0, 0, 0, 5, '1347'),
(245, 7, 421, 1, 1, 15, 'patient', 3, '2017-05-17 16:10:26', '2017-05-17 16:10:26', '60', 3, 3, 3, 3, 3, 0, 0, 0, 0, 0, 5, '1347'),
(246, 7, 409, 2, 1, 21, 'patient', 4, '2017-05-17 16:11:09', '2017-05-17 16:11:09', '84', 4, 5, 5, 3, 4, 0, 0, 0, 0, 0, 5, '1347'),
(247, 7, 425, 3, 1, 20, 'patient', 4, '2017-05-17 18:58:29', '2017-05-17 18:58:29', '80', 4, 4, 2, 5, 5, 0, 0, 0, 0, 0, 5, '5180'),
(248, 12, 411, 2, 1, 21, 'patient', 4, '2017-05-19 16:50:53', '2017-05-19 16:50:53', '84', 5, 5, 4, 3, 4, 0, 0, 0, 0, 0, 5, '0766'),
(249, 12, 411, 2, 1, 21, 'patient', 4, '2017-05-19 17:51:27', '2017-05-19 17:51:27', '84', 4, 5, 3, 4, 5, 0, 0, 0, 0, 0, 5, '8945'),
(250, 7, 411, 2, 1, 22, 'patient', 4, '2017-05-19 18:40:31', '2017-05-19 18:40:31', '88', 4, 5, 3, 5, 5, 0, 0, 0, 0, 0, 5, '3250'),
(251, 7, 408, 1, 1, 20, 'patient', 4, '2017-05-19 19:01:10', '2017-05-19 19:01:10', '80', 5, 5, 3, 3, 4, 0, 0, 0, 0, 0, 5, '3250'),
(252, 7, 409, 2, 1, 21, 'patient', 4, '2017-05-23 12:47:28', '2017-05-23 12:47:28', '84', 4, 4, 4, 5, 4, 0, 0, 0, 0, 0, 5, '0375'),
(253, 7, 410, 3, 1, 14, 'patient', 3, '2017-05-23 12:47:52', '2017-05-23 12:47:52', '56', 2, 4, 2, 3, 3, 0, 0, 0, 0, 0, 5, '0375'),
(254, 7, 18, 2, 1, 22, 'patient', 4, '2017-05-23 12:49:52', '2017-05-23 12:49:52', '88', 5, 4, 3, 5, 5, 0, 0, 0, 0, 0, 5, '0871'),
(255, 7, 413, 3, 1, 18, 'patient', 4, '2017-05-23 12:50:17', '2017-05-23 12:50:17', '72', 4, 4, 3, 3, 4, 0, 0, 0, 0, 0, 5, '0871'),
(256, 7, 411, 2, 1, 21, 'patient', 4, '2017-05-23 14:06:29', '2017-05-23 14:06:29', '84', 4, 5, 3, 4, 5, 0, 0, 0, 0, 0, 5, '2301'),
(257, 17, 411, 2, 1, 22, 'patient', 4, '2017-05-24 19:26:15', '2017-05-24 19:26:15', '88', 5, 5, 2, 5, 5, 0, 0, 0, 0, 0, 5, '6050'),
(258, 12, 411, 2, 1, 25, 'patient', 5, '2017-05-25 05:45:14', '2017-05-25 05:45:14', '100', 5, 5, 5, 5, 5, 0, 0, 0, 0, 0, 5, '5066'),
(259, 12, 411, 2, 1, 22, 'patient', 4, '2017-05-25 20:09:36', '2017-05-25 20:09:36', '88', 5, 4, 3, 5, 5, 0, 0, 0, 0, 0, 5, '4341');

--
-- Indexes for dumped tables
--

--
-- Indexes for table `answers`
--
ALTER TABLE `answers`
  ADD PRIMARY KEY (`id`),
  ADD KEY `qid` (`qid`,`pid`,`eid`,`unit_id`) USING BTREE,
  ADD KEY `pid` (`pid`) USING BTREE,
  ADD KEY `eid` (`eid`) USING BTREE,
  ADD KEY `lid` (`unit_id`) USING BTREE,
  ADD KEY `incid` (`incid`) USING BTREE,
  ADD KEY `etid` (`etid`) USING BTREE;

--
-- Indexes for table `awards`
--
ALTER TABLE `awards`
  ADD PRIMARY KEY (`id`),
  ADD KEY `eid` (`owner`) USING BTREE;

--
-- Indexes for table `award_type`
--
ALTER TABLE `award_type`
  ADD PRIMARY KEY (`id`);

--
-- Indexes for table `carriers`
--
ALTER TABLE `carriers`
  ADD PRIMARY KEY (`id`);

--
-- Indexes for table `category`
--
ALTER TABLE `category`
  ADD UNIQUE KEY `catid` (`catid`) USING BTREE,
  ADD KEY `etid` (`etid`) USING BTREE,
  ADD KEY `etid_2` (`etid`) USING BTREE;

--
-- Indexes for table `code_master`
--
ALTER TABLE `code_master`
  ADD PRIMARY KEY (`id`);

--
-- Indexes for table `coinmanager`
--
ALTER TABLE `coinmanager`
  ADD PRIMARY KEY (`id`);

--
-- Indexes for table `comments`
--
ALTER TABLE `comments`
  ADD PRIMARY KEY (`id`);

--
-- Indexes for table `config_peck`
--
ALTER TABLE `config_peck`
  ADD PRIMARY KEY (`id`);

--
-- Indexes for table `customer_function`
--
ALTER TABLE `customer_function`
  ADD PRIMARY KEY (`id`);

--
-- Indexes for table `customer_master`
--
ALTER TABLE `customer_master`
  ADD PRIMARY KEY (`id`);

--
-- Indexes for table `employee_master`
--
ALTER TABLE `employee_master`
  ADD PRIMARY KEY (`id`),
  ADD KEY `etid` (`etid`,`units`(767)) USING BTREE,
  ADD KEY `etid_2` (`etid`,`units`(767)) USING BTREE,
  ADD KEY `etid_3` (`etid`,`units`(767)) USING BTREE,
  ADD KEY `lid` (`units`(767)) USING BTREE,
  ADD KEY `catid` (`catid`) USING BTREE;

--
-- Indexes for table `employee_notification`
--
ALTER TABLE `employee_notification`
  ADD PRIMARY KEY (`id`),
  ADD UNIQUE KEY `d` (`employee_id`,`jobtitle_id`,`notification_id`) USING BTREE;

--
-- Indexes for table `employee_shift`
--
ALTER TABLE `employee_shift`
  ADD PRIMARY KEY (`id`);

--
-- Indexes for table `employee_type`
--
ALTER TABLE `employee_type`
  ADD PRIMARY KEY (`id`),
  ADD KEY `etid` (`id`) USING BTREE,
  ADD KEY `etid_2` (`id`) USING BTREE;

--
-- Indexes for table `exitsurvey`
--
ALTER TABLE `exitsurvey`
  ADD PRIMARY KEY (`id`);

--
-- Indexes for table `exit_question`
--
ALTER TABLE `exit_question`
  ADD PRIMARY KEY (`id`);

--
-- Indexes for table `function_list`
--
ALTER TABLE `function_list`
  ADD PRIMARY KEY (`id`);

--
-- Indexes for table `hourly_rates`
--
ALTER TABLE `hourly_rates`
  ADD PRIMARY KEY (`id`);

--
-- Indexes for table `hourly_rate_shift`
--
ALTER TABLE `hourly_rate_shift`
  ADD UNIQUE KEY `unique` (`shift_id`,`hourly_rate_id`);

--
-- Indexes for table `ltm_translations`
--
ALTER TABLE `ltm_translations`
  ADD PRIMARY KEY (`id`);

--
-- Indexes for table `newsfeed`
--
ALTER TABLE `newsfeed`
  ADD PRIMARY KEY (`id`);

--
-- Indexes for table `newsfeed_comments`
--
ALTER TABLE `newsfeed_comments`
  ADD PRIMARY KEY (`id`);

--
-- Indexes for table `newsfeed_likes`
--
ALTER TABLE `newsfeed_likes`
  ADD PRIMARY KEY (`news_id`,`user_id`);

--
-- Indexes for table `newsfeed_tags`
--
ALTER TABLE `newsfeed_tags`
  ADD PRIMARY KEY (`id`);

--
-- Indexes for table `notifications`
--
ALTER TABLE `notifications`
  ADD PRIMARY KEY (`id`);

--
-- Indexes for table `password_resets`
--
ALTER TABLE `password_resets`
  ADD KEY `password_resets_email_index` (`email`),
  ADD KEY `password_resets_token_index` (`token`);

--
-- Indexes for table `patient_details`
--
ALTER TABLE `patient_details`
  ADD PRIMARY KEY (`pid`),
  ADD UNIQUE KEY `pinno` (`pinno`) USING BTREE,
  ADD UNIQUE KEY `ssn` (`ssn`) USING BTREE,
  ADD KEY `pinno_2` (`pinno`) USING BTREE,
  ADD KEY `lid` (`lid`) USING BTREE;

--
-- Indexes for table `patient_family`
--
ALTER TABLE `patient_family`
  ADD PRIMARY KEY (`id`);

--
-- Indexes for table `permissions`
--
ALTER TABLE `permissions`
  ADD PRIMARY KEY (`id`),
  ADD UNIQUE KEY `permissions_name_unique` (`name`);

--
-- Indexes for table `permission_role`
--
ALTER TABLE `permission_role`
  ADD PRIMARY KEY (`permission_id`,`role_id`),
  ADD KEY `permission_role_role_id_foreign` (`role_id`);

--
-- Indexes for table `qa`
--
ALTER TABLE `qa`
  ADD PRIMARY KEY (`id`);

--
-- Indexes for table `question`
--
ALTER TABLE `question`
  ADD PRIMARY KEY (`id`);

--
-- Indexes for table `rewards`
--
ALTER TABLE `rewards`
  ADD PRIMARY KEY (`id`);

--
-- Indexes for table `roles`
--
ALTER TABLE `roles`
  ADD PRIMARY KEY (`id`),
  ADD UNIQUE KEY `roles_name_unique` (`name`);

--
-- Indexes for table `shift_master`
--
ALTER TABLE `shift_master`
  ADD PRIMARY KEY (`id`);

--
-- Indexes for table `startsurvey`
--
ALTER TABLE `startsurvey`
  ADD PRIMARY KEY (`incid`),
  ADD KEY `pid` (`pid`) USING BTREE;

--
-- Indexes for table `surveys`
--
ALTER TABLE `surveys`
  ADD PRIMARY KEY (`id`);

--
-- AUTO_INCREMENT for dumped tables
--

--
-- AUTO_INCREMENT for table `answers`
--
ALTER TABLE `answers`
  MODIFY `id` int(11) NOT NULL AUTO_INCREMENT, AUTO_INCREMENT=1294;
--
-- AUTO_INCREMENT for table `awards`
--
ALTER TABLE `awards`
  MODIFY `id` int(11) NOT NULL AUTO_INCREMENT, AUTO_INCREMENT=39;
--
-- AUTO_INCREMENT for table `award_type`
--
ALTER TABLE `award_type`
  MODIFY `id` int(11) NOT NULL AUTO_INCREMENT, AUTO_INCREMENT=27;
--
-- AUTO_INCREMENT for table `carriers`
--
ALTER TABLE `carriers`
  MODIFY `id` int(11) NOT NULL AUTO_INCREMENT, AUTO_INCREMENT=73;
--
-- AUTO_INCREMENT for table `code_master`
--
ALTER TABLE `code_master`
  MODIFY `id` int(11) NOT NULL AUTO_INCREMENT, AUTO_INCREMENT=119;
--
-- AUTO_INCREMENT for table `coinmanager`
--
ALTER TABLE `coinmanager`
  MODIFY `id` int(11) NOT NULL AUTO_INCREMENT;
--
-- AUTO_INCREMENT for table `comments`
--
ALTER TABLE `comments`
  MODIFY `id` int(11) NOT NULL AUTO_INCREMENT, AUTO_INCREMENT=17;
--
-- AUTO_INCREMENT for table `config_peck`
--
ALTER TABLE `config_peck`
  MODIFY `id` int(11) NOT NULL AUTO_INCREMENT, AUTO_INCREMENT=16;
--
-- AUTO_INCREMENT for table `customer_master`
--
ALTER TABLE `customer_master`
  MODIFY `id` int(11) NOT NULL AUTO_INCREMENT, AUTO_INCREMENT=2;
--
-- AUTO_INCREMENT for table `employee_master`
--
ALTER TABLE `employee_master`
  MODIFY `id` int(11) NOT NULL AUTO_INCREMENT, AUTO_INCREMENT=426;
--
-- AUTO_INCREMENT for table `employee_notification`
--
ALTER TABLE `employee_notification`
  MODIFY `id` bigint(20) NOT NULL AUTO_INCREMENT, AUTO_INCREMENT=1248;
--
-- AUTO_INCREMENT for table `employee_shift`
--
ALTER TABLE `employee_shift`
  MODIFY `id` int(11) NOT NULL AUTO_INCREMENT, AUTO_INCREMENT=22;
--
-- AUTO_INCREMENT for table `exitsurvey`
--
ALTER TABLE `exitsurvey`
  MODIFY `id` int(11) NOT NULL AUTO_INCREMENT, AUTO_INCREMENT=17;
--
-- AUTO_INCREMENT for table `exit_question`
--
ALTER TABLE `exit_question`
  MODIFY `id` int(11) NOT NULL AUTO_INCREMENT, AUTO_INCREMENT=71;
--
-- AUTO_INCREMENT for table `hourly_rates`
--
ALTER TABLE `hourly_rates`
  MODIFY `id` int(11) NOT NULL AUTO_INCREMENT, AUTO_INCREMENT=4;
--
-- AUTO_INCREMENT for table `ltm_translations`
--
ALTER TABLE `ltm_translations`
  MODIFY `id` int(10) UNSIGNED NOT NULL AUTO_INCREMENT, AUTO_INCREMENT=295;
--
-- AUTO_INCREMENT for table `newsfeed`
--
ALTER TABLE `newsfeed`
  MODIFY `id` int(11) NOT NULL AUTO_INCREMENT, AUTO_INCREMENT=28;
--
-- AUTO_INCREMENT for table `newsfeed_comments`
--
ALTER TABLE `newsfeed_comments`
  MODIFY `id` int(10) UNSIGNED NOT NULL AUTO_INCREMENT, AUTO_INCREMENT=51;
--
-- AUTO_INCREMENT for table `newsfeed_tags`
--
ALTER TABLE `newsfeed_tags`
  MODIFY `id` int(10) UNSIGNED NOT NULL AUTO_INCREMENT, AUTO_INCREMENT=6;
--
-- AUTO_INCREMENT for table `notifications`
--
ALTER TABLE `notifications`
  MODIFY `id` int(20) NOT NULL AUTO_INCREMENT, AUTO_INCREMENT=9;
--
-- AUTO_INCREMENT for table `patient_details`
--
ALTER TABLE `patient_details`
  MODIFY `pid` int(11) NOT NULL AUTO_INCREMENT COMMENT 'Pid as Primary Key', AUTO_INCREMENT=21;
--
-- AUTO_INCREMENT for table `patient_family`
--
ALTER TABLE `patient_family`
  MODIFY `id` int(11) NOT NULL AUTO_INCREMENT, AUTO_INCREMENT=2;
--
-- AUTO_INCREMENT for table `permissions`
--
ALTER TABLE `permissions`
  MODIFY `id` int(10) UNSIGNED NOT NULL AUTO_INCREMENT, AUTO_INCREMENT=22;
--
-- AUTO_INCREMENT for table `qa`
--
ALTER TABLE `qa`
  MODIFY `id` int(50) NOT NULL AUTO_INCREMENT, AUTO_INCREMENT=16;
--
-- AUTO_INCREMENT for table `question`
--
ALTER TABLE `question`
  MODIFY `id` int(11) NOT NULL AUTO_INCREMENT, AUTO_INCREMENT=23;
--
-- AUTO_INCREMENT for table `rewards`
--
ALTER TABLE `rewards`
  MODIFY `id` int(11) NOT NULL AUTO_INCREMENT, AUTO_INCREMENT=21;
--
-- AUTO_INCREMENT for table `roles`
--
ALTER TABLE `roles`
  MODIFY `id` int(10) UNSIGNED NOT NULL AUTO_INCREMENT, AUTO_INCREMENT=7;
--
-- AUTO_INCREMENT for table `shift_master`
--
ALTER TABLE `shift_master`
  MODIFY `id` int(11) NOT NULL AUTO_INCREMENT, AUTO_INCREMENT=50;
--
-- AUTO_INCREMENT for table `startsurvey`
--
ALTER TABLE `startsurvey`
  MODIFY `incid` int(11) NOT NULL AUTO_INCREMENT;
--
-- AUTO_INCREMENT for table `surveys`
--
ALTER TABLE `surveys`
  MODIFY `id` int(11) NOT NULL AUTO_INCREMENT, AUTO_INCREMENT=260;
--
-- Constraints for dumped tables
--

--
-- Constraints for table `category`
--
ALTER TABLE `category`
  ADD CONSTRAINT `category_ibfk_1` FOREIGN KEY (`etid`) REFERENCES `employee_type` (`id`) ON DELETE CASCADE ON UPDATE CASCADE;

--
-- Constraints for table `permission_role`
--
ALTER TABLE `permission_role`
  ADD CONSTRAINT `permission_role_permission_id_foreign` FOREIGN KEY (`permission_id`) REFERENCES `permissions` (`id`) ON DELETE CASCADE ON UPDATE CASCADE,
  ADD CONSTRAINT `permission_role_role_id_foreign` FOREIGN KEY (`role_id`) REFERENCES `roles` (`id`) ON DELETE CASCADE ON UPDATE CASCADE;

/*!40101 SET CHARACTER_SET_CLIENT=@OLD_CHARACTER_SET_CLIENT */;
/*!40101 SET CHARACTER_SET_RESULTS=@OLD_CHARACTER_SET_RESULTS */;
/*!40101 SET COLLATION_CONNECTION=@OLD_COLLATION_CONNECTION */;
